ID_Venta,Fecha,ID_Cliente,ID_Producto,Canal,Estado,Unidades,Precio_Unitario,Descuento,Costo_Unitario,Costo_Envio
V04285,2024-10-06,C041,P004,E-commerce,Confirmada,  3 ,  27.81 ,0.08,13.42,  23.88 
V00014,2025-11-19,C019,P004,E-commerce,Confirmada,11,29.24,0.0,14.66,43.44
V01369,2024-03-30,C015,P010,E-commerce,Confirmada,10,35.67,0.08,17.72,30.1
V05111,2024-11-15,C026,P002,E-commerce,Confirmada,1,463.15,0.1,270.56,27.06
V02696,2025-11-02,C025,P007,Tienda fisica,Confirmada,3,126.75,0.0,70.34,3.33
V02756,2024-12-23,C052,P008,Tienda fisica,Confirmada,3,87.41,0.0,47.23,2.07
V04185,2025-12-28,C038,P007,E-commerce,Confirmada,5,129.45,0.0,69.45,22.56
V01468,2025-01-23,C051,P002,Tienda fisica,Confirmada,1,478.97,0.0,294.11,1.8
V00012,2025-03-11,C021,P007,E-commerce,Confirmada,3,125.35,0.0,69.41,23.07
V02741,2024-01-31,C056,P002,E-commerce,Confirmada,3,450.01,0.08,270.37,30.51
V03818,2025-12-10,C040,P001,E-commerce,Confirmada,4,1265.04,0.05,796.91,22.01
V03992,2024-03-12,C011,P002,Tienda fisica,Confirmada,2,446.81,0.0,271.48,2.23
V01374,2025-06-17,C008,P008,Tienda fisica,Confirmada,4,90.25,0.0,52.27,2.02
V02068,2025-01-17,C037,P002,Tienda fisica,Confirmada,3,484.19,0.0,294.9,1.25
V03558,2024-09-04,C015,P006,Tienda fisica,Confirmada,4,65.93,0.0,35.56,0.24
V03121,2025-12-11,C057,P006,E-commerce,Confirmada,12,69.47,0.15,39.18,35.01
V00120,2025-09-02,C060,P002,E-commerce,Confirmada,2,479.89,0.0,301.21,16.13
V03747,2025-08-08,C005,P007,Tienda fisica,Confirmada,  1 ,  125.94 ,0.05,69.92,  1.71 
V02625,2024-10-25,C015,P005,Tienda fisica,Confirmada,11,93.99,0.0,48.32,1.65
V03756,2025-12-04,C006,P010,Tienda fisica,Confirmada,4,37.24,0.0,19.71,3.35
V03064,2024-01-15,C005,P010,Tienda fisica,Confirmada,11,35.32,0.0,17.88,0.0
V05124,2025-07-03,C050,P009,Tienda fisica,Confirmada,1,141.19,0.0,83.24,0.85
V04356,2024-11-09,C024,P001,E-commerce,Confirmada,4,1199.87,0.05,747.12,17.89
V03543,2024-12-07,C017,P009,Tienda fisica,Confirmada,1,133.64,0.1,77.55,1.22
V04893,2024-10-03,C010,P009,E-commerce,Confirmada,1,132.69,0.0,75.44,26.54
V03332,2025-01-13,C016,P006,E-commerce,Confirmada,4,70.55,0.05,38.24,26.3
V01968,2024-05-01,C018,P008,E-commerce,Confirmada,3,87.48,0.1,47.25,30.12
V04964,2025-07-11,C060,P004,E-commerce,Confirmada,6,29.98,0.1,14.42,23.62
V00940,2025-07-01,C058,P001,E-commerce,Confirmada,4,1254.93,0.05,806.69,38.39
V02340,2024-10-13,C011,P004,E-commerce,Confirmada,14,28.66,0.05,13.32,50.58
V03689,2024-11-27,C030,P005,Tienda fisica,Confirmada,2,95.25,0.0,47.3,1.54
V03880,2025-05-14,C005,P006,E-commerce,Confirmada,8,69.55,0.0,38.74,24.44
V01690,2025-10-11,C060,P003,E-commerce,Confirmada,4,1745.64,0.0,1206.52,31.16
V02895,2025-01-25,C019,P008,E-commerce,Confirmada,8,92.13,0.0,51.75,27.39
V04788,2025-11-05,C019,P003,Tienda fisica,Confirmada,  5 ,  1792.98 ,0.0,1202.94,  2.15 
V04545,2025-08-16,C051,P007,E-commerce,Confirmada,4,128.62,0.08,68.81,33.99
V04592,2024-09-16,C035,P004,Tienda fisica,Confirmada,8,27.66,0.0,13.61,1.73
V00671,2025-08-21,C015,P004,Tienda fisica,Confirmada,10,30.03,0.0,14.72,3.64
V03185,2024-12-28,C034,P004,Tienda fisica,Confirmada,10,28.4,0.1,13.21,1.91
V05094,2024-07-13,C016,P010,Tienda fisica,Confirmada,4,35.54,0.0,18.08,0.6
V01012,2024-09-09,C046,P006,E-commerce,Confirmada,8,63.95,0.0,35.02,31.68
V03090,2025-08-21,C055,P010,E-commerce,Confirmada,7,37.61,0.08,19.37,32.57
V00478,2025-12-25,C008,P002,Tienda fisica,Confirmada,2,475.08,0.1,294.45,1.81
V04375,2025-08-15,C010,P010,E-commerce,Confirmada,1,37.04,0.05,19.65,19.08
V01256,2024-06-11,C018,P004,Tienda fisica,Confirmada,2,28.24,0.0,13.48,1.65
V02907,2024-10-30,C029,P006,E-commerce,Confirmada,6,64.93,0.05,35.7,28.02
V03126,2024-04-11,C020,P010,Tienda fisica,Confirmada,1,35.98,0.0,18.11,3.21
V01040,2025-10-26,C009,P007,E-commerce,Confirmada,5,127.67,0.1,67.77,27.72
V03535,2025-11-27,C005,P002,Tienda fisica,Confirmada,2,488.07,0.0,297.54,2.26
V01623,2025-04-17,C014,P010,E-commerce,Confirmada,11,38.0,0.0,19.47,45.82
V01502,2024-12-08,C038,P008,Tienda fisica,Confirmada,2,85.1,0.0,48.39,3.43
V01554,2025-01-19,C010,P002,Tienda fisica,Confirmada,  8 ,  469.24 ,0.0,298.05,  1.28 
V02795,2025-09-12,C011,P004,Tienda fisica,Confirmada,16,29.65,0.05,14.79,1.56
V03032,2025-08-05,C017,P006,E-commerce,Confirmada,9,68.38,0.0,37.94,42.05
V01663,2025-07-31,C054,P004,Tienda fisica,Confirmada,7,29.81,0.05,14.59,3.27
V00673,2025-03-14,C017,P005,E-commerce,Confirmada,18,102.0,0.0,53.07,64.25
V00945,2024-05-01,C024,P010,Tienda fisica,Confirmada,10,35.6,0.0,17.9,3.7
V04933,2025-09-28,C005,P009,E-commerce,Confirmada,2,140.8,0.08,84.09,26.49
V00851,2025-10-22,C060,P006,E-commerce,Confirmada,10,69.09,0.05,37.78,27.99
V03632,2024-03-01,C025,P004,E-commerce,Confirmada,3,28.53,0.0,13.64,24.61
V04454,2025-08-22,C041,P010,Tienda fisica,Confirmada,1,36.55,0.0,19.05,1.85
V01973,2025-04-21,C055,P008,Tienda fisica,Confirmada,2,89.55,0.0,52.39,0.46
V00968,2025-12-18,C022,P006,Tienda fisica,Confirmada,5,68.3,0.0,38.31,0.53
V03356,2024-03-09,C046,P004,E-commerce,Confirmada,3,28.41,0.08,13.5,17.96
V02243,2025-03-29,C043,P002,E-commerce,Confirmada,1,483.1,0.08,292.71,28.92
V03438,2025-02-27,C006,P007,Tienda fisica,Confirmada,11,128.72,0.0,68.0,3.83
V00494,2025-04-15,C020,P005,Tienda fisica,Confirmada,9,99.71,0.0,51.16,0.65
V04712,2025-08-19,C012,P008,E-commerce,Confirmada,2,89.59,0.15,52.28,16.78
V03284,2024-11-01,C026,P001,Tienda fisica,Confirmada,  4 ,  1233.42 ,0.0,749.34,  3.81 
V03319,2024-12-06,C041,P009,Tienda fisica,Confirmada,1,128.21,0.0,77.39,0.51
V04639,2025-06-21,C025,P007,Tienda fisica,Confirmada,1,129.83,0.0,69.58,1.22
V00438,2025-01-20,C050,P001,Tienda fisica,Confirmada,4,1255.09,0.0,800.05,2.67
V00686,2025-11-03,C020,P003,E-commerce,Confirmada,6,1719.18,0.1,1195.47,39.74
V04690,2024-09-05,C040,P008,Tienda fisica,Confirmada,1,85.85,0.0,47.22,3.61
V03951,2024-06-28,C031,P008,Tienda fisica,Confirmada,1,87.35,0.0,47.12,3.45
V03773,2025-05-09,C028,P008,E-commerce,Confirmada,2,92.41,0.05,51.65,25.9
V00780,2024-02-23,C015,P007,Tienda fisica,Confirmada,5,119.65,0.0,64.75,0.2
V00546,2025-03-16,C040,P004,Tienda fisica,Confirmada,5,29.61,0.05,14.29,1.37
V02516,2025-10-26,C032,P010,E-commerce,Confirmada,12,37.88,0.05,19.43,36.23
V03573,2025-07-05,C050,P007,E-commerce,Confirmada,5,128.06,0.0,67.66,34.27
V01872,2025-12-19,C007,P010,Tienda fisica,Confirmada,6,37.99,0.1,19.01,0.0
V04930,2024-01-23,C042,P010,Tienda fisica,Confirmada,4,34.57,0.0,18.19,0.39
V03522,2025-05-18,C022,P001,Tienda fisica,Confirmada,8,1309.68,0.0,814.56,0.99
V05009,2025-10-26,C056,P005,Tienda fisica,Confirmada,9,101.09,0.0,51.75,0.76
V03958,2024-11-14,C010,P007,E-commerce,Confirmada,2,121.92,0.0,62.91,18.41
V02279,2025-12-10,C040,P008,E-commerce,Confirmada,  2 ,  91.92 ,0.1,51.94,  27.35 
V03526,2025-10-12,C014,P007,Tienda fisica,Confirmada,25,128.36,0.0,68.52,0.87
V04584,2024-08-21,C039,P004,Tienda fisica,Confirmada,7,28.75,0.0,13.46,1.38
V04596,2024-05-25,C005,P010,Tienda fisica,Confirmada,1,35.69,0.0,18.19,2.31
V05221,2024-05-17,C032,P004,E-commerce,Anulada,6,28.76,0.0,13.21,35.07
V03414,2025-06-17,C014,P006,E-commerce,Confirmada,11,68.15,0.1,38.68,47.57
V01861,2024-08-19,C051,P002,Tienda fisica,Confirmada,6,448.9,0.0,276.09,1.57
V00573,2024-07-02,C028,P004,Tienda fisica,Confirmada,6,28.39,0.0,13.25,2.85
V01008,2025-04-08,C023,P006,Tienda fisica,Confirmada,2,70.91,0.0,38.45,0.54
V03406,2025-07-23,C041,P001,Tienda fisica,Confirmada,4,1293.72,0.0,793.53,1.17
V04681,2024-03-19,C031,P007,Tienda fisica,Confirmada,6,122.11,0.0,64.71,0.6
V03469,2025-04-08,C020,P004,E-commerce,Confirmada,2,29.13,0.1,14.64,26.16
V04462,2025-01-16,C050,P010,E-commerce,Confirmada,4,38.06,0.15,19.36,34.32
V04975,2024-12-25,C058,P006,E-commerce,Confirmada,4,65.85,0.15,35.78,30.06
V04522,2024-09-12,C019,P009,E-commerce,Confirmada,2,133.87,0.0,75.52,13.95
V04012,2024-04-12,C054,P006,E-commerce,Confirmada,7,65.84,0.0,35.88,33.52
V03643,2025-03-09,C035,P007,Tienda fisica,Confirmada,2,126.69,0.0,67.88,3.68
V03250,2024-02-15,C015,P007,E-commerce,Confirmada,  6 ,  121.54 ,0.05,63.88,  22.62 
V04298,2024-07-25,C030,P006,E-commerce,Confirmada,6,65.62,0.05,35.5,31.72
V02265,2024-11-03,C020,P002,Tienda fisica,Confirmada,4,455.97,0.0,273.32,0.16
V01659,2024-03-19,C020,P005,E-commerce,Confirmada,6,94.42,0.1,47.75,37.38
V00830,2024-04-14,C032,P004,Tienda fisica,Confirmada,4,28.62,0.1,13.62,0.5
V05016,2025-02-01,C050,P009,E-commerce,Confirmada,5,137.5,0.0,84.1,30.79
V02629,2025-03-25,C046,P001,E-commerce,Confirmada,7,1267.17,0.1,819.32,38.6
V00189,2025-03-25,C045,P006,E-commerce,Confirmada,7,69.72,0.15,38.6,33.28
V04446,2024-10-27,C013,P007,Tienda fisica,Confirmada,3,119.57,0.0,63.5,0.72
V02212,2025-11-23,C015,P007,E-commerce,Confirmada,2,124.85,0.08,68.68,29.51
V03914,2024-05-12,C053,P009,E-commerce,Confirmada,1,131.09,0.0,74.99,28.18
V04727,2025-04-10,C016,P010,E-commerce,Confirmada,13,37.77,0.0,19.72,26.58
V02922,2024-12-23,C010,P004,Tienda fisica,Confirmada,10,28.19,0.0,13.7,3.57
V01151,2024-06-18,C040,P010,Tienda fisica,Confirmada,1,34.96,0.0,17.83,3.37
V01364,2025-10-07,C056,P010,E-commerce,Confirmada,2,36.71,0.0,19.02,18.31
V02007,2024-06-01,C011,P007,E-commerce,Confirmada,1,120.87,0.0,62.8,16.9
V03566,2025-08-31,C025,P007,Tienda fisica,Confirmada,3,130.89,0.0,69.14,0.12
V02108,2024-10-31,C045,P007,E-commerce,Confirmada,  1 ,  118.05 ,0.0,62.45,  16.25 
V03477,2025-01-11,C012,P004,E-commerce,Confirmada,2,29.5,0.15,14.69,15.78
V02459,2024-05-09,C050,P009,Tienda fisica,Confirmada,1,131.11,0.0,76.78,1.12
V00397,2025-02-09,C002,P010,Tienda fisica,Confirmada,3,36.85,0.0,19.29,1.06
V00764,2024-06-29,C056,P003,Tienda fisica,Confirmada,7,1675.22,0.05,1138.17,2.13
V02534,2025-04-10,C002,P010,Tienda fisica,Confirmada,1,36.86,0.0,19.42,0.04
V02444,2025-04-02,C021,P007,E-commerce,Confirmada,1,128.99,0.1,68.36,22.58
V04165,2025-11-17,C045,P010,Tienda fisica,Confirmada,2,36.47,0.0,19.27,1.46
V03560,2024-08-04,C055,P002,Tienda fisica,Confirmada,6,449.58,0.0,275.96,0.6
V03110,2024-08-04,C036,P006,E-commerce,Confirmada,3,63.95,0.1,35.27,22.3
V00268,2024-11-12,C023,P005,Tienda fisica,Confirmada,13,96.61,0.0,48.82,3.46
V01141,2025-12-31,C021,P005,Tienda fisica,Confirmada,1,102.37,0.0,52.48,3.38
V01907,2025-05-05,C005,P003,Tienda fisica,Confirmada,2,1763.8,0.0,1217.4,2.87
V01258,2024-07-26,C006,P007,E-commerce,Confirmada,1,118.57,0.05,64.81,19.84
V00564,2024-05-28,C020,P010,Tienda fisica,Confirmada,3,34.33,0.0,17.69,2.29
V00426,2025-10-10,C056,P002,Tienda fisica,Confirmada,7,482.69,0.0,295.73,2.93
V04761,2024-04-09,C006,P001,Tienda fisica,Confirmada,5,1180.96,0.0,743.59,2.18
V01615,2024-07-08,C010,P004,Tienda fisica,Confirmada,  6 ,  28.77 ,0.0,13.22,  2.79 
V02057,2025-08-17,C045,P005,E-commerce,Confirmada,6,101.26,0.1,52.81,21.83
V00605,2025-12-03,C006,P008,Tienda fisica,Confirmada,2,88.31,0.0,52.26,3.56
V01273,2025-02-03,C008,P004,E-commerce,Confirmada,10,29.66,0.05,14.73,37.18
V01405,2025-10-24,C035,P010,E-commerce,Confirmada,3,36.82,0.15,19.7,17.31
V02546,2024-05-13,C004,P008,E-commerce,Confirmada,1,83.45,0.0,48.68,21.2
V03726,2024-06-07,C045,P009,Tienda fisica,Confirmada,5,131.51,0.0,77.38,2.92
V04439,2025-05-15,C012,P006,E-commerce,Confirmada,8,69.05,0.0,38.89,34.85
V04991,2024-09-25,C010,P005,Tienda fisica,Confirmada,8,96.49,0.0,47.8,1.39
V01294,2025-12-13,C056,P007,Tienda fisica,Confirmada,5,129.78,0.0,68.76,0.77
V04116,2025-05-07,C034,P004,E-commerce,Confirmada,9,29.33,0.05,14.74,27.3
V04433,2024-08-20,C048,P004,Tienda fisica,Confirmada,5,28.15,0.05,13.58,1.46
V01877,2024-03-07,C055,P008,Tienda fisica,Confirmada,2,84.85,0.1,47.79,2.06
V04569,2025-07-18,C022,P009,E-commerce,Confirmada,4,138.02,0.1,82.62,28.95
V04847,2024-09-28,C030,P010,Tienda fisica,Confirmada,1,35.9,0.0,17.84,0.02
V00206,2025-11-12,C044,P005,E-commerce,Confirmada,11,101.64,0.15,51.94,46.03
V01360,2024-03-16,C013,P010,Tienda fisica,Confirmada,2,35.35,0.0,17.74,0.26
V01175,2025-08-15,C010,P007,E-commerce,Confirmada,  5 ,  125.36 ,0.0,69.9,  30.43 
V01028,2025-08-28,C027,P010,Tienda fisica,Confirmada,9,37.82,0.0,19.26,3.39
V00330,2025-03-10,C025,P004,Tienda fisica,Confirmada,3,29.44,0.0,14.44,1.29
V03179,2025-03-12,C029,P004,Tienda fisica,Confirmada,8,30.16,0.0,14.41,0.49
V00799,2024-08-08,C010,P009,E-commerce,Confirmada,4,131.77,0.05,77.06,29.78
V01810,2025-12-22,C020,P010,Tienda fisica,Confirmada,5,37.02,0.0,19.54,1.98
V00681,2025-07-31,C026,P007,E-commerce,Confirmada,4,127.95,0.1,68.39,30.59
V03046,2025-04-04,C015,P004,Tienda fisica,Confirmada,27,30.08,0.0,14.77,0.11
V04875,2025-10-16,C051,P001,E-commerce,Confirmada,15,1259.7,0.0,796.23,60.73
V02559,2024-06-27,C020,P008,Tienda fisica,Confirmada,5,86.17,0.0,48.75,3.51
V02247,2024-06-10,C006,P010,Tienda fisica,Confirmada,1,35.56,0.05,17.62,0.0
V02490,2025-11-16,C060,P005,E-commerce,Confirmada,5,101.92,0.0,52.48,26.34
V00897,2025-12-27,C010,P005,E-commerce,Confirmada,12,102.88,0.1,51.02,54.52
V01488,2025-05-12,C046,P009,Tienda fisica,Confirmada,1,137.15,0.0,81.56,1.5
V01779,2025-10-14,C025,P007,Tienda fisica,Confirmada,12,129.89,0.0,68.76,3.25
V03225,2025-01-21,C010,P009,E-commerce,Confirmada,3,138.12,0.1,83.12,23.25
V04154,2024-11-19,C022,P004,Tienda fisica,Confirmada,6,28.03,0.0,13.23,3.23
V00660,2024-07-31,C006,P002,Tienda fisica,Confirmada,  4 ,  457.39 ,0.05,268.2,  1.88 
V05244,2025-09-08,C009,P008,E-commerce,Anulada,6,90.58,0.0,52.26,34.48
V03051,2024-02-28,C060,P008,Tienda fisica,Confirmada,1,86.14,0.0,47.53,3.09
V03158,2024-09-01,C051,P007,Tienda fisica,Confirmada,2,120.77,0.0,62.54,2.05
V05006,2024-10-26,C001,P006,E-commerce,Confirmada,7,66.12,0.15,35.8,21.76
V01233,2025-12-19,C004,P004,Tienda fisica,Confirmada,7,30.22,0.0,14.52,3.81
V00543,2024-09-29,C047,P010,E-commerce,Confirmada,2,36.0,0.08,18.18,27.74
V03389,2025-11-11,C050,P007,Tienda fisica,Confirmada,3,127.9,0.0,68.47,0.63
V00490,2024-04-07,C032,P004,Tienda fisica,Confirmada,9,28.35,0.0,13.69,0.48
V02842,2024-03-29,C018,P004,E-commerce,Confirmada,5,27.6,0.0,13.6,29.96
V03480,2024-06-12,C046,P005,Tienda fisica,Confirmada,5,96.53,0.0,48.11,3.31
V00925,2025-01-26,C033,P006,E-commerce,Confirmada,5,67.72,0.05,37.72,27.86
V03982,2025-08-02,C034,P009,Tienda fisica,Confirmada,5,139.94,0.0,83.86,0.75
V02394,2024-09-08,C037,P006,Tienda fisica,Confirmada,8,64.1,0.05,35.19,1.2
V03783,2025-05-24,C045,P008,E-commerce,Confirmada,1,90.64,0.0,52.48,27.2
V04716,2024-11-11,C040,P008,Tienda fisica,Confirmada,1,87.28,0.05,47.8,0.56
V01938,2025-01-12,C030,P005,E-commerce,Confirmada,6,101.59,0.0,51.83,25.62
V05101,2024-05-18,C035,P010,E-commerce,Confirmada,  1 ,  35.25 ,0.1,17.79,  11.52 
V00959,2025-11-12,C017,P002,E-commerce,Confirmada,5,472.33,0.1,297.76,30.9
V04907,2024-04-05,C035,P005,Tienda fisica,Confirmada,7,96.2,0.0,48.81,2.17
V05240,2024-01-06,C037,P010,E-commerce,Anulada,6,35.95,0.1,17.56,23.0
V02142,2024-01-10,C040,P007,Tienda fisica,Confirmada,2,122.32,0.0,63.45,3.79
V01966,2025-12-11,C028,P010,E-commerce,Confirmada,4,37.8,0.0,19.73,24.58
V00586,2024-01-15,C006,P005,E-commerce,Confirmada,6,95.17,0.0,48.76,39.64
V01127,2025-08-15,C028,P006,E-commerce,Confirmada,3,70.74,0.0,38.63,22.67
V04543,2024-12-09,C040,P001,Tienda fisica,Confirmada,1,1224.98,0.0,755.47,3.12
V00326,2025-11-07,C046,P002,Tienda fisica,Confirmada,2,481.91,0.0,293.19,1.9
V02491,2025-06-30,C048,P010,Tienda fisica,Confirmada,3,37.45,0.0,19.16,2.39
V02436,2025-09-20,C039,P009,E-commerce,Confirmada,1,136.86,0.15,81.97,16.05
V05046,2024-03-21,C051,P002,Tienda fisica,Confirmada,1,448.3,0.0,268.16,1.71
V04084,2025-09-19,C045,P003,E-commerce,Confirmada,1,1764.79,0.08,1225.39,23.63
V05218,2025-01-15,C002,P004,E-commerce,Anulada,7,30.52,0.15,14.47,33.02
V00639,2024-02-20,C033,P006,Tienda fisica,Confirmada,9,64.51,0.0,35.07,3.8
V04301,2025-12-24,C046,P002,E-commerce,Confirmada,1,478.0,0.0,298.94,24.54
V04876,2025-12-03,C053,P007,E-commerce,Confirmada,  1 ,  127.91 ,0.0,69.56,  23.98 
V00403,2024-09-02,C035,P008,Tienda fisica,Confirmada,5,84.49,0.0,48.08,2.76
V05123,2024-11-27,C050,P006,E-commerce,Confirmada,1,66.23,0.05,34.74,26.77
V02709,2025-09-27,C039,P010,E-commerce,Confirmada,3,37.31,0.08,19.65,28.39
V03856,2024-12-13,C060,P001,Tienda fisica,Confirmada,1,1226.49,0.0,737.16,3.77
V00471,2024-04-17,C023,P008,E-commerce,Confirmada,1,85.7,0.0,47.64,14.17
V03137,2024-12-13,C034,P006,E-commerce,Confirmada,7,65.99,0.15,34.92,27.92
V02076,2024-05-31,C035,P001,E-commerce,Confirmada,5,1195.87,0.0,729.9,24.18
V05182,2025-04-03,C014,P005,Tienda fisica,Confirmada,4,99.34,0.0,51.26,1.78
V03929,2025-12-25,C030,P007,Tienda fisica,Confirmada,15,128.22,0.0,69.88,3.0
V04306,2024-09-13,C002,P007,Tienda fisica,Confirmada,1,121.98,0.1,64.16,0.57
V01440,2024-07-24,C001,P004,E-commerce,Confirmada,4,27.98,0.0,13.4,25.25
V00924,2025-10-18,C060,P005,E-commerce,Confirmada,7,99.96,0.0,51.31,25.38
V00135,2025-02-10,C018,P010,E-commerce,Confirmada,9,36.87,0.0,19.56,51.72
V03088,2024-05-18,C025,P007,E-commerce,Confirmada,3,119.73,0.0,63.76,29.84
V01068,2025-08-14,C031,P001,Tienda fisica,Confirmada,2,1298.99,0.0,821.75,3.38
V04042,2024-05-03,C025,P009,Tienda fisica,Confirmada,2,131.28,0.0,74.63,2.96
V02853,2024-06-21,C035,P004,E-commerce,Confirmada,  11 ,  28.31 ,0.15,13.48,  49.38 
V03772,2025-07-01,C010,P004,Tienda fisica,Confirmada,6,29.21,0.0,14.37,1.35
V03891,2025-11-12,C026,P002,E-commerce,Confirmada,8,475.98,0.05,292.77,22.36
V03484,2024-07-19,C026,P005,Tienda fisica,Confirmada,7,94.14,0.0,48.33,1.22
V03701,2025-10-15,C026,P002,E-commerce,Confirmada,9,488.33,0.0,300.07,34.19
V04934,2025-12-21,C056,P004,E-commerce,Confirmada,9,29.61,0.0,14.7,36.38
V03729,2025-06-22,C025,P008,Tienda fisica,Confirmada,2,88.97,0.0,53.06,0.39
V03174,2024-05-23,C016,P009,Tienda fisica,Confirmada,3,133.23,0.0,76.38,0.82
V00203,2025-11-18,C007,P004,E-commerce,Confirmada,9,30.32,0.0,14.66,31.32
V01756,2024-07-18,C020,P007,Tienda fisica,Confirmada,2,122.43,0.0,63.98,2.29
V03489,2024-03-06,C031,P004,E-commerce,Confirmada,3,27.86,0.1,13.18,23.48
V00178,2025-10-15,C015,P003,Tienda fisica,Confirmada,1,1796.75,0.05,1217.03,0.42
V01658,2025-12-17,C007,P010,E-commerce,Confirmada,4,36.85,0.0,19.04,25.35
V05110,2024-09-19,C005,P004,Tienda fisica,Confirmada,11,28.82,0.05,13.28,3.64
V01035,2024-03-11,C036,P009,Tienda fisica,Confirmada,1,128.22,0.0,77.15,0.76
V00051,2024-08-24,C012,P001,Tienda fisica,Confirmada,2,1195.51,0.0,741.22,2.65
V01595,2024-08-11,C060,P004,Tienda fisica,Confirmada,9,28.24,0.1,13.23,1.02
V03589,2024-01-05,C055,P009,E-commerce,Confirmada,  4 ,  129.47 ,0.0,75.88,  26.58 
V01001,2024-10-06,C031,P010,E-commerce,Confirmada,2,34.81,0.15,17.8,15.54
V04166,2024-05-30,C030,P005,Tienda fisica,Confirmada,6,95.92,0.0,47.6,1.14
V00737,2024-11-09,C052,P007,E-commerce,Confirmada,1,119.57,0.15,64.85,13.59
V04466,2024-06-06,C027,P006,Tienda fisica,Confirmada,4,65.09,0.1,35.24,1.84
V00177,2024-10-17,C031,P007,E-commerce,Confirmada,1,122.44,0.15,62.7,22.75
V00020,2025-08-02,C009,P005,E-commerce,Confirmada,9,101.35,0.05,52.64,44.24
V03884,2025-09-16,C022,P006,E-commerce,Confirmada,8,68.35,0.0,37.87,34.19
V00892,2024-06-27,C010,P010,E-commerce,Confirmada,8,35.07,0.0,17.81,19.08
V03975,2025-08-19,C059,P008,Tienda fisica,Confirmada,1,91.69,0.0,51.62,3.74
V02224,2024-04-27,C021,P004,Tienda fisica,Confirmada,5,27.49,0.0,13.66,2.23
V03587,2024-07-11,C002,P004,E-commerce,Confirmada,4,28.77,0.1,13.53,16.34
V03621,2024-02-29,C030,P008,Tienda fisica,Confirmada,3,86.25,0.0,48.98,2.1
V00417,2025-01-19,C003,P003,Tienda fisica,Confirmada,3,1772.86,0.0,1226.93,3.61
V01522,2025-04-11,C026,P005,Tienda fisica,Confirmada,2,98.78,0.0,52.82,0.52
V02385,2024-04-19,C050,P010,E-commerce,Confirmada,1,34.56,0.0,18.16,18.77
V03694,2025-03-28,C033,P003,Tienda fisica,Confirmada,4,1731.25,0.1,1238.81,3.65
V01800,2025-09-11,C054,P003,E-commerce,Confirmada,  11 ,  1781.72 ,0.0,1235.57,  50.65 
V05082,2025-08-10,C007,P005,Tienda fisica,Confirmada,8,100.92,0.05,52.36,3.42
V02314,2024-05-02,C006,P004,E-commerce,Confirmada,5,28.33,0.0,13.3,21.04
V02865,2024-05-15,C053,P009,Tienda fisica,Confirmada,1,128.82,0.0,76.17,2.37
V00257,2025-01-08,C056,P004,Tienda fisica,Confirmada,4,29.36,0.0,14.81,1.4
V02902,2025-03-03,C049,P010,E-commerce,Confirmada,3,36.39,0.05,19.63,22.57
V00234,2025-07-30,C013,P006,Tienda fisica,Confirmada,4,70.55,0.0,38.64,0.32
V00028,2025-01-12,C017,P004,E-commerce,Confirmada,5,30.17,0.0,14.73,24.49
V04646,2024-01-04,C010,P006,Tienda fisica,Confirmada,5,63.73,0.0,35.46,1.81
V01198,2025-08-25,C055,P001,Tienda fisica,Confirmada,1,1279.57,0.0,792.34,0.34
V05210,2024-10-30,C020,P009,E-commerce,Anulada,1,131.29,0.1,74.94,14.13
V00656,2025-12-03,C047,P001,Tienda fisica,Confirmada,4,1255.29,0.0,822.4,2.95
V05080,2024-02-03,C030,P004,Tienda fisica,Confirmada,6,28.32,0.0,13.66,0.08
V03753,2024-04-12,C036,P010,Tienda fisica,Confirmada,2,35.39,0.1,17.81,0.96
V03276,2025-04-02,C036,P007,Tienda fisica,Confirmada,1,124.95,0.0,69.35,2.56
V01457,2025-06-08,C024,P006,Tienda fisica,Confirmada,6,69.73,0.0,38.21,3.98
V00651,2024-01-01,C015,P009,Tienda fisica,Confirmada,5,133.79,0.0,77.02,2.43
V02639,2024-11-16,C023,P007,Tienda fisica,Confirmada,  2 ,  120.46 ,0.0,64.43,  2.19 
V00262,2025-03-19,C035,P008,E-commerce,Confirmada,1,89.35,0.1,52.32,22.88
V01334,2024-10-22,C036,P001,Tienda fisica,Confirmada,2,1188.89,0.0,730.08,3.1
V03925,2025-11-03,C021,P006,E-commerce,Confirmada,8,69.07,0.0,38.8,20.91
V01232,2024-11-29,C014,P001,E-commerce,Confirmada,4,1198.67,0.15,737.75,18.46
V04512,2024-01-09,C052,P004,Tienda fisica,Confirmada,10,28.01,0.0,13.45,0.31
V02095,2025-01-21,C036,P004,E-commerce,Confirmada,5,29.71,0.0,14.46,34.29
V04237,2025-04-02,C041,P009,E-commerce,Confirmada,2,139.53,0.0,83.55,26.93
V04327,2025-02-01,C011,P009,Tienda fisica,Confirmada,1,136.89,0.0,82.27,1.84
V01117,2024-08-23,C039,P008,E-commerce,Confirmada,1,85.4,0.0,47.59,25.1
V00874,2024-05-07,C036,P004,Tienda fisica,Confirmada,8,27.99,0.05,13.43,1.25
V01218,2025-04-21,C045,P004,E-commerce,Confirmada,5,29.52,0.05,14.78,27.84
V04211,2025-01-14,C022,P004,E-commerce,Confirmada,4,30.25,0.0,14.8,25.36
V02677,2025-09-22,C044,P006,E-commerce,Confirmada,1,69.17,0.08,38.61,19.94
V04667,2024-03-23,C007,P010,Tienda fisica,Confirmada,1,34.99,0.0,17.63,0.7
V03960,2024-11-15,C038,P004,Tienda fisica,Confirmada,3,27.8,0.05,13.56,2.86
V03471,2025-03-12,C026,P009,E-commerce,Confirmada,8,136.71,0.05,82.99,31.88
V00240,2025-11-27,C007,P008,E-commerce,Confirmada,  1 ,  88.64 ,0.05,51.59,  19.64 
V03744,2024-09-30,C022,P005,Tienda fisica,Confirmada,17,94.08,0.0,48.13,3.86
V00946,2024-06-06,C051,P004,E-commerce,Confirmada,2,28.72,0.0,13.17,18.11
V01434,2024-06-26,C047,P002,Tienda fisica,Confirmada,3,458.95,0.0,267.11,2.13
V03109,2024-06-21,C027,P007,E-commerce,Confirmada,1,117.9,0.0,62.38,11.09
V05060,2025-06-30,C025,P002,E-commerce,Confirmada,3,483.0,0.05,296.66,28.41
V03677,2024-01-24,C051,P009,Tienda fisica,Confirmada,2,133.77,0.0,77.25,3.62
V01717,2024-03-14,C044,P008,Tienda fisica,Confirmada,1,86.18,0.0,48.98,0.81
V00511,2025-12-11,C056,P003,E-commerce,Confirmada,1,1755.85,0.0,1213.75,24.52
V04560,2024-12-05,C008,P006,Tienda fisica,Confirmada,9,65.88,0.05,35.19,2.35
V01449,2025-11-21,C008,P010,E-commerce,Confirmada,2,36.4,0.0,19.66,31.5
V00038,2024-11-19,C012,P009,Tienda fisica,Confirmada,1,131.82,0.0,77.11,1.59
V04786,2024-07-18,C026,P006,Tienda fisica,Confirmada,1,65.92,0.0,35.25,3.56
V01551,2024-05-04,C020,P008,Tienda fisica,Confirmada,2,85.62,0.0,47.25,2.14
V00549,2025-11-30,C060,P006,E-commerce,Confirmada,10,67.83,0.0,38.17,39.65
V04784,2024-03-17,C018,P010,E-commerce,Confirmada,4,35.15,0.1,17.65,24.73
V00644,2024-12-23,C020,P006,Tienda fisica,Confirmada,4,66.08,0.0,35.82,3.73
V03763,2025-07-19,C005,P010,E-commerce,Confirmada,  1 ,  36.76 ,0.0,19.34,  19.28 
V01125,2025-12-26,C017,P010,E-commerce,Confirmada,1,37.28,0.05,19.27,19.62
V02189,2025-05-16,C053,P004,E-commerce,Confirmada,9,29.68,0.0,14.55,39.97
V04066,2024-11-18,C001,P005,E-commerce,Confirmada,8,96.1,0.15,48.06,28.37
V03734,2025-02-05,C032,P001,E-commerce,Confirmada,6,1262.75,0.0,804.11,28.33
V01332,2024-01-10,C036,P005,Tienda fisica,Confirmada,5,96.37,0.0,47.25,2.11
V02700,2024-07-06,C006,P008,Tienda fisica,Confirmada,1,87.05,0.1,48.35,1.46
V01513,2025-07-18,C050,P010,Tienda fisica,Confirmada,4,36.59,0.1,19.01,1.14
V02109,2025-11-18,C005,P010,Tienda fisica,Confirmada,1,38.08,0.05,19.21,0.75
V04198,2024-04-26,C046,P005,E-commerce,Confirmada,2,94.02,0.0,48.58,24.18
V03807,2025-08-29,C038,P007,E-commerce,Confirmada,2,125.99,0.0,69.33,26.85
V01215,2024-07-21,C017,P001,E-commerce,Confirmada,1,1232.79,0.1,755.43,27.58
V00801,2025-11-18,C011,P008,Tienda fisica,Confirmada,9,90.88,0.0,51.75,2.48
V01641,2025-05-16,C003,P008,E-commerce,Confirmada,6,88.78,0.1,51.48,36.73
V02488,2024-11-15,C009,P005,E-commerce,Confirmada,6,93.49,0.1,48.39,28.58
V02298,2024-11-01,C040,P010,Tienda fisica,Confirmada,1,35.38,0.1,17.67,3.57
V04693,2024-02-28,C051,P008,E-commerce,Confirmada,4,85.63,0.08,47.69,28.92
V00848,2024-07-09,C006,P007,E-commerce,Confirmada,  1 ,  122.82 ,0.08,62.61,  26.86 
V04415,2024-07-18,C056,P010,E-commerce,Confirmada,1,34.89,0.0,18.16,23.2
V00890,2024-11-13,C040,P006,E-commerce,Confirmada,2,66.5,0.05,35.55,30.52
V01010,2025-04-16,C011,P002,E-commerce,Confirmada,1,473.84,0.15,298.86,11.14
V04056,2025-06-19,C025,P001,E-commerce,Confirmada,1,1266.59,0.1,800.5,22.32
V00258,2025-11-06,C043,P005,E-commerce,Confirmada,9,102.17,0.08,52.58,36.2
V03831,2024-11-01,C002,P009,Tienda fisica,Confirmada,2,130.98,0.0,75.61,2.21
V01960,2025-08-31,C009,P003,Tienda fisica,Confirmada,3,1791.71,0.0,1220.7,1.87
V03302,2025-09-14,C036,P006,E-commerce,Confirmada,8,70.18,0.1,38.42,22.29
V02980,2025-11-04,C035,P010,E-commerce,Confirmada,1,36.97,0.15,19.6,18.71
V04332,2025-03-22,C025,P002,E-commerce,Confirmada,1,475.89,0.0,300.26,18.11
V02100,2025-07-20,C034,P010,E-commerce,Confirmada,1,36.91,0.05,19.64,25.15
V02870,2024-09-28,C021,P008,Tienda fisica,Confirmada,11,85.02,0.1,47.66,0.85
V00140,2024-11-14,C031,P007,E-commerce,Confirmada,10,121.62,0.0,62.91,41.72
V04844,2024-03-12,C031,P004,Tienda fisica,Confirmada,6,27.65,0.0,13.63,1.32
V03348,2025-09-11,C015,P008,Tienda fisica,Confirmada,6,92.66,0.0,52.42,3.91
V04411,2024-07-23,C031,P002,E-commerce,Confirmada,3,456.39,0.1,274.68,19.91
V04891,2024-04-10,C052,P007,Tienda fisica,Confirmada,  2 ,  120.31 ,0.0,62.53,  1.33 
V03989,2025-07-10,C008,P004,E-commerce,Confirmada,6,29.91,0.0,14.76,42.35
V01407,2024-04-01,C038,P004,E-commerce,Confirmada,7,28.6,0.0,13.31,21.13
V04333,2025-07-27,C060,P004,Tienda fisica,Confirmada,2,29.27,0.0,14.36,1.23
V03272,2025-11-05,C022,P007,Tienda fisica,Confirmada,1,130.93,0.0,70.09,3.58
V02308,2025-01-21,C021,P005,Tienda fisica,Confirmada,5,100.08,0.0,51.14,2.29
V05027,2024-09-29,C038,P007,Tienda fisica,Confirmada,1,120.43,0.0,64.8,1.25
V03268,2024-12-03,C055,P005,Tienda fisica,Confirmada,3,93.14,0.0,48.71,1.07
V01648,2025-11-10,C010,P010,E-commerce,Confirmada,1,36.49,0.0,19.08,15.11
V02131,2024-04-14,C025,P003,Tienda fisica,Confirmada,4,1664.71,0.0,1104.36,2.71
V02961,2024-07-12,C060,P009,E-commerce,Confirmada,1,131.21,0.0,75.08,12.54
V04706,2024-01-25,C056,P005,Tienda fisica,Confirmada,8,96.97,0.1,47.51,1.67
V00654,2025-04-02,C058,P008,E-commerce,Confirmada,5,88.44,0.08,52.72,28.43
V03674,2024-03-20,C048,P008,Tienda fisica,Confirmada,3,87.22,0.0,48.18,3.82
V01435,2024-05-20,C044,P002,E-commerce,Confirmada,2,462.93,0.05,275.36,31.01
V05215,2024-03-06,C055,P002,Tienda fisica,Anulada,3,443.93,0.0,272.69,1.0
V02130,2024-03-15,C035,P008,E-commerce,Confirmada,4,86.64,0.05,48.16,32.01
V05150,2024-01-22,C035,P008,E-commerce,Confirmada,  1 ,  84.06 ,0.1,48.1,  22.51 
V01870,2024-10-01,C032,P008,Tienda fisica,Confirmada,11,85.1,0.0,47.23,1.51
V03228,2024-09-21,C012,P009,E-commerce,Confirmada,7,133.34,0.05,75.56,34.05
V01785,2025-12-27,C017,P005,E-commerce,Confirmada,10,101.69,0.1,51.96,28.28
V03523,2024-05-02,C042,P004,Tienda fisica,Confirmada,18,28.42,0.0,13.2,0.13
V00635,2025-03-29,C057,P008,E-commerce,Confirmada,1,92.26,0.05,53.07,19.98
V01906,2025-09-18,C060,P009,Tienda fisica,Confirmada,2,138.91,0.0,82.56,2.55
V00344,2025-01-09,C018,P007,Tienda fisica,Confirmada,1,130.57,0.0,67.99,3.51
V01104,2025-06-05,C016,P006,E-commerce,Confirmada,19,68.69,0.0,38.42,66.66
V00219,2025-07-03,C051,P002,E-commerce,Confirmada,2,480.84,0.0,295.59,30.72
V05029,2025-11-26,C057,P010,Tienda fisica,Confirmada,2,36.69,0.0,19.48,0.0
V02572,2025-11-10,C044,P004,E-commerce,Confirmada,5,30.09,0.05,14.37,32.32
V00470,2025-03-15,C035,P002,E-commerce,Confirmada,9,490.06,0.08,295.84,33.44
V02038,2024-09-25,C060,P001,Tienda fisica,Confirmada,1,1176.86,0.0,741.72,2.99
V01299,2024-09-07,C051,P002,Tienda fisica,Confirmada,4,456.21,0.0,271.39,1.43
V02673,2024-01-20,C010,P009,Tienda fisica,Confirmada,1,130.0,0.0,75.01,1.76
V04559,2025-10-10,C052,P004,E-commerce,Confirmada,4,29.96,0.0,14.32,30.09
V03100,2024-01-01,C032,P004,E-commerce,Confirmada,  9 ,  28.5 ,0.1,13.24,  46.36 
V02263,2025-12-23,C042,P004,E-commerce,Confirmada,4,29.99,0.0,14.74,36.77
V00383,2025-05-04,C020,P009,Tienda fisica,Confirmada,1,140.98,0.0,80.93,3.8
V04300,2025-12-11,C036,P008,Tienda fisica,Confirmada,9,90.77,0.0,51.19,1.88
V04787,2024-02-26,C020,P007,E-commerce,Confirmada,4,123.36,0.0,62.74,26.87
V01462,2025-09-10,C011,P001,E-commerce,Confirmada,1,1263.53,0.15,817.87,23.62
V02530,2024-04-21,C041,P005,E-commerce,Confirmada,7,93.91,0.08,48.92,25.78
V04368,2025-03-29,C032,P008,E-commerce,Confirmada,3,89.24,0.05,51.58,23.85
V04110,2025-10-28,C047,P005,Tienda fisica,Confirmada,3,100.7,0.0,51.02,3.41
V01316,2025-11-15,C014,P009,E-commerce,Confirmada,3,139.98,0.0,81.77,15.09
V01655,2025-06-16,C001,P009,E-commerce,Confirmada,4,135.35,0.0,83.92,24.22
V03125,2024-08-05,C022,P004,Tienda fisica,Confirmada,6,27.86,0.0,13.2,1.21
V00581,2025-05-18,C052,P009,E-commerce,Confirmada,1,135.41,0.0,83.4,13.52
V02032,2025-12-20,C040,P004,E-commerce,Confirmada,2,29.25,0.08,14.6,21.91
V01541,2024-05-01,C014,P004,Tienda fisica,Confirmada,13,28.45,0.0,13.47,2.61
V00908,2025-06-17,C056,P010,Tienda fisica,Confirmada,5,36.74,0.0,19.07,1.7
V05100,2025-12-20,C038,P008,Tienda fisica,Confirmada,4,92.04,0.05,52.21,0.26
V00909,2025-06-14,C029,P005,E-commerce,Confirmada,  1 ,  98.95 ,0.08,52.52,  19.9 
V02361,2025-11-19,C030,P002,Tienda fisica,Confirmada,3,476.93,0.0,298.38,0.17
V00984,2025-09-24,C051,P010,E-commerce,Confirmada,1,37.34,0.0,19.08,17.38
V02270,2025-04-22,C032,P006,E-commerce,Confirmada,4,70.56,0.08,38.94,17.23
V02389,2024-08-24,C035,P006,Tienda fisica,Confirmada,6,65.93,0.05,35.04,3.63
V01927,2024-04-22,C029,P010,E-commerce,Confirmada,3,34.46,0.08,17.77,25.79
V03776,2025-02-22,C028,P004,E-commerce,Confirmada,9,30.24,0.0,14.71,30.8
V00255,2024-07-18,C032,P007,E-commerce,Confirmada,2,117.66,0.1,62.88,18.98
V02067,2025-01-22,C028,P005,E-commerce,Confirmada,5,100.96,0.1,52.44,28.54
V03669,2025-03-01,C060,P005,E-commerce,Confirmada,3,103.7,0.0,51.71,33.61
V00376,2024-08-03,C049,P006,E-commerce,Confirmada,6,66.32,0.1,35.95,18.16
V04404,2025-11-24,C044,P006,E-commerce,Confirmada,3,68.44,0.05,38.41,26.94
V01774,2025-07-22,C020,P004,Tienda fisica,Confirmada,5,29.36,0.0,14.31,0.63
V02370,2024-11-16,C050,P005,E-commerce,Confirmada,6,95.33,0.0,47.93,28.35
V01681,2024-12-18,C004,P008,Tienda fisica,Confirmada,1,86.93,0.0,48.23,0.52
V00212,2024-06-25,C043,P005,Tienda fisica,Confirmada,7,95.69,0.0,47.64,1.14
V04467,2025-04-05,C045,P008,E-commerce,Confirmada,2,89.95,0.0,52.24,17.75
V01902,2024-08-26,C046,P005,Tienda fisica,Confirmada,  1 ,  93.24 ,0.05,48.38,  2.62 
V03866,2024-12-23,C010,P006,E-commerce,Confirmada,1,64.98,0.15,35.59,26.72
V04530,2024-02-02,C059,P010,Tienda fisica,Confirmada,8,34.38,0.0,17.8,3.83
V00833,2024-07-09,C002,P008,Tienda fisica,Confirmada,2,83.48,0.0,48.18,2.66
V03907,2024-07-31,C005,P010,E-commerce,Confirmada,2,34.8,0.1,17.89,23.93
V03120,2025-10-09,C035,P009,Tienda fisica,Confirmada,14,136.24,0.0,83.23,0.82
V01015,2025-01-18,C045,P004,Tienda fisica,Confirmada,6,29.51,0.0,14.71,2.52
V03482,2024-06-30,C039,P010,Tienda fisica,Confirmada,1,35.24,0.1,17.5,1.45
V04170,2024-08-12,C015,P004,E-commerce,Confirmada,7,28.4,0.1,13.25,34.71
V01176,2024-03-12,C046,P006,Tienda fisica,Confirmada,6,66.44,0.0,35.39,2.82
V04195,2025-07-09,C025,P002,Tienda fisica,Confirmada,1,468.98,0.1,294.97,1.4
V01922,2025-09-16,C017,P005,E-commerce,Confirmada,7,99.76,0.05,51.58,33.07
V02863,2025-11-01,C011,P004,E-commerce,Confirmada,3,29.57,0.0,14.75,28.94
V02477,2024-05-30,C058,P008,Tienda fisica,Confirmada,2,85.06,0.05,47.74,1.8
V03294,2025-08-28,C036,P004,E-commerce,Confirmada,2,29.47,0.0,14.33,23.91
V02362,2024-08-20,C043,P008,Tienda fisica,Confirmada,1,84.22,0.0,47.29,3.18
V03060,2025-01-17,C018,P006,E-commerce,Confirmada,12,70.13,0.0,38.77,46.14
V00009,2025-09-08,C010,P004,Tienda fisica,Confirmada,  5 ,  29.34 ,0.0,14.81,  2.98 
V04695,2025-01-09,C055,P004,E-commerce,Confirmada,2,29.42,0.0,14.55,19.36
V01815,2024-11-12,C035,P008,Tienda fisica,Confirmada,1,84.28,0.0,47.54,2.21
V03283,2024-12-10,C047,P004,E-commerce,Confirmada,5,28.38,0.05,13.52,34.02
V01184,2025-03-09,C016,P002,E-commerce,Confirmada,1,484.55,0.0,293.82,22.06
V03549,2025-03-24,C012,P010,Tienda fisica,Confirmada,4,36.51,0.0,19.31,1.77
V00388,2024-08-25,C044,P010,Tienda fisica,Confirmada,4,34.77,0.1,17.55,3.71
V03657,2025-08-22,C004,P010,E-commerce,Confirmada,13,37.01,0.0,19.43,66.55
V03309,2025-05-01,C002,P010,E-commerce,Confirmada,7,36.51,0.0,19.37,35.3
V03570,2024-03-10,C005,P005,E-commerce,Confirmada,5,93.61,0.1,48.47,28.71
V02404,2024-07-24,C005,P010,Tienda fisica,Confirmada,1,35.59,0.0,17.75,3.08
V04009,2024-11-09,C045,P008,Tienda fisica,Confirmada,3,85.36,0.05,48.65,3.16
V02220,2025-12-05,C015,P001,Tienda fisica,Confirmada,6,1308.89,0.1,805.44,2.57
V02453,2024-03-21,C060,P010,Tienda fisica,Confirmada,2,35.3,0.0,17.54,2.36
V04965,2025-01-21,C025,P002,E-commerce,Confirmada,7,471.32,0.08,297.72,29.03
V03873,2024-07-29,C026,P002,Tienda fisica,Confirmada,1,461.39,0.05,272.78,3.73
V02044,2025-07-20,C042,P004,E-commerce,Confirmada,5,29.72,0.0,14.75,31.95
V00646,2025-12-18,C015,P006,Tienda fisica,Confirmada,  7 ,  70.6 ,0.0,37.78,  2.55 
V02197,2024-06-24,C047,P004,Tienda fisica,Confirmada,2,27.83,0.0,13.28,3.97
V04308,2025-12-28,C047,P010,E-commerce,Confirmada,1,37.32,0.0,19.07,23.45
V04582,2024-05-28,C020,P007,Tienda fisica,Confirmada,4,118.35,0.0,64.63,2.37
V03435,2025-04-08,C006,P008,Tienda fisica,Confirmada,4,88.9,0.0,52.2,0.3
V03084,2025-11-05,C015,P007,E-commerce,Confirmada,2,129.53,0.1,68.82,22.14
V04973,2024-07-26,C020,P006,Tienda fisica,Confirmada,6,64.47,0.0,34.89,3.15
V00361,2024-03-25,C056,P005,Tienda fisica,Confirmada,8,95.54,0.05,47.49,1.8
V01187,2025-08-11,C025,P009,E-commerce,Confirmada,2,137.17,0.1,81.4,27.33
V00805,2024-05-28,C055,P004,E-commerce,Confirmada,4,27.48,0.0,13.6,18.63
V01950,2025-08-10,C057,P001,E-commerce,Confirmada,7,1309.6,0.05,805.48,43.35
V04407,2025-12-19,C045,P005,Tienda fisica,Confirmada,2,100.75,0.0,51.89,1.78
V01689,2025-10-02,C001,P008,E-commerce,Confirmada,2,92.73,0.0,52.76,27.09
V01330,2024-07-01,C026,P001,Tienda fisica,Confirmada,1,1195.75,0.1,751.31,2.36
V00491,2025-11-21,C026,P010,E-commerce,Confirmada,2,36.94,0.0,19.4,15.0
V04616,2024-06-24,C059,P006,E-commerce,Confirmada,5,66.13,0.15,35.42,24.81
V04321,2024-12-08,C027,P010,Tienda fisica,Confirmada,4,34.33,0.0,17.8,1.39
V01208,2025-05-25,C032,P004,E-commerce,Confirmada,  8 ,  30.39 ,0.05,14.53,  34.3 
V02469,2025-04-29,C032,P010,Tienda fisica,Confirmada,5,36.8,0.0,19.4,3.62
V01162,2024-03-23,C030,P009,Tienda fisica,Confirmada,1,128.69,0.0,75.19,1.44
V01384,2024-07-21,C049,P005,E-commerce,Confirmada,4,97.75,0.0,48.83,34.46
V01914,2024-06-15,C033,P010,E-commerce,Confirmada,15,36.05,0.1,17.7,64.57
V02758,2024-01-27,C022,P009,Tienda fisica,Confirmada,3,129.2,0.0,76.93,1.92
V01331,2024-11-24,C047,P010,E-commerce,Confirmada,3,35.74,0.15,17.56,19.43
V02869,2025-01-28,C021,P005,Tienda fisica,Confirmada,10,103.35,0.1,51.98,2.76
V03238,2025-12-31,C035,P004,Tienda fisica,Confirmada,5,30.14,0.0,14.32,0.65
V03816,2024-12-08,C054,P010,Tienda fisica,Confirmada,4,35.45,0.0,18.19,2.74
V04832,2025-12-31,C032,P002,E-commerce,Confirmada,1,490.55,0.0,299.31,19.35
V03131,2025-02-12,C026,P010,Tienda fisica,Confirmada,1,36.63,0.0,19.03,3.64
V04774,2024-12-17,C013,P006,Tienda fisica,Confirmada,4,64.38,0.05,35.41,2.53
V01178,2025-10-02,C025,P009,Tienda fisica,Confirmada,2,137.88,0.1,83.08,3.01
V02063,2025-03-06,C003,P004,E-commerce,Confirmada,9,29.53,0.0,14.57,26.94
V04343,2024-10-18,C016,P009,E-commerce,Confirmada,1,131.22,0.0,76.84,12.33
V02055,2025-01-15,C046,P010,E-commerce,Confirmada,3,37.7,0.0,19.21,22.57
V00474,2025-10-17,C057,P007,Tienda fisica,Confirmada,  1 ,  128.32 ,0.0,70.19,  3.94 
V01831,2024-06-12,C048,P006,E-commerce,Confirmada,3,64.46,0.0,35.93,27.2
V04802,2024-02-11,C051,P008,Tienda fisica,Confirmada,17,83.32,0.0,48.52,1.87
V02120,2024-12-06,C052,P002,E-commerce,Confirmada,1,460.68,0.08,270.24,22.48
V04106,2025-10-22,C030,P006,Tienda fisica,Confirmada,11,69.3,0.0,37.73,2.75
V04563,2024-05-12,C042,P010,E-commerce,Confirmada,1,34.51,0.0,17.63,12.9
V04677,2024-04-14,C055,P010,Tienda fisica,Confirmada,1,35.98,0.0,17.7,3.4
V03330,2024-12-30,C015,P002,Tienda fisica,Confirmada,1,450.47,0.0,271.42,2.05
V01526,2025-09-21,C040,P007,Tienda fisica,Confirmada,2,126.97,0.0,69.08,1.67
V04710,2024-05-08,C021,P001,Tienda fisica,Confirmada,1,1235.94,0.05,748.2,0.03
V03961,2024-09-02,C026,P006,E-commerce,Confirmada,10,64.19,0.0,36.02,32.79
V00297,2025-12-01,C051,P005,E-commerce,Confirmada,6,103.32,0.1,52.67,26.11
V02835,2024-02-22,C024,P004,Tienda fisica,Confirmada,5,28.62,0.0,13.33,2.25
V03418,2025-08-27,C060,P007,Tienda fisica,Confirmada,5,130.74,0.0,70.17,0.24
V00899,2025-06-29,C009,P004,E-commerce,Confirmada,8,29.46,0.15,14.84,33.73
V01596,2025-11-26,C006,P010,E-commerce,Confirmada,2,36.76,0.1,19.36,22.08
V04007,2025-02-18,C057,P010,Tienda fisica,Confirmada,2,38.13,0.0,19.24,0.42
V01071,2024-09-03,C010,P008,Tienda fisica,Confirmada,  1 ,  83.73 ,0.0,47.86,  1.36 
V02360,2024-12-09,C014,P009,Tienda fisica,Confirmada,2,133.86,0.0,76.75,2.47
V05117,2025-09-10,C004,P001,E-commerce,Confirmada,5,1273.19,0.0,810.76,19.7
V02633,2025-03-20,C016,P005,Tienda fisica,Confirmada,7,101.3,0.1,51.61,2.64
V03116,2024-05-26,C050,P010,Tienda fisica,Confirmada,3,34.48,0.0,18.16,0.33
V00895,2025-07-13,C025,P005,Tienda fisica,Confirmada,1,102.04,0.0,51.65,0.89
V03373,2025-11-13,C015,P005,E-commerce,Confirmada,12,99.15,0.0,52.27,50.48
V01953,2024-08-28,C018,P010,Tienda fisica,Confirmada,1,35.48,0.0,18.2,2.06
V04284,2025-05-31,C035,P004,Tienda fisica,Confirmada,6,30.51,0.0,14.64,1.03
V05115,2025-10-21,C010,P007,E-commerce,Confirmada,3,127.5,0.15,68.59,28.91
V04413,2024-07-12,C020,P006,Tienda fisica,Confirmada,7,65.26,0.0,36.13,3.83
V02589,2025-03-20,C005,P004,Tienda fisica,Confirmada,6,29.29,0.0,14.3,0.29
V04217,2024-01-17,C043,P002,Tienda fisica,Confirmada,1,451.7,0.0,268.84,0.14
V00579,2025-11-17,C001,P008,E-commerce,Confirmada,5,89.74,0.05,52.39,18.4
V04126,2025-12-17,C023,P007,E-commerce,Confirmada,1,129.85,0.08,70.24,16.36
V03668,2024-08-12,C041,P010,Tienda fisica,Confirmada,1,35.64,0.0,17.88,3.35
V03955,2025-12-30,C045,P006,E-commerce,Confirmada,8,70.74,0.05,38.48,29.47
V01825,2024-04-25,C029,P001,Tienda fisica,Confirmada,  4 ,  1230.69 ,0.0,752.68,  3.47 
V01144,2024-10-11,C010,P001,E-commerce,Confirmada,3,1203.86,0.05,756.31,19.02
V04103,2024-12-12,C045,P002,Tienda fisica,Confirmada,1,459.8,0.05,276.19,2.45
V03291,2024-04-11,C018,P001,Tienda fisica,Confirmada,6,1211.27,0.0,741.74,2.6
V03598,2024-02-15,C037,P004,Tienda fisica,Confirmada,11,28.31,0.0,13.3,0.31
V01227,2025-11-12,C040,P008,E-commerce,Confirmada,1,88.39,0.0,51.27,17.93
V03430,2024-06-01,C026,P005,Tienda fisica,Confirmada,5,94.76,0.05,48.89,0.06
V03893,2025-07-05,C016,P010,Tienda fisica,Confirmada,1,37.14,0.0,19.17,2.23
V01799,2024-12-19,C051,P002,E-commerce,Confirmada,1,454.72,0.15,276.89,25.14
V04860,2025-05-11,C029,P004,Tienda fisica,Confirmada,2,30.37,0.0,14.76,3.48
V04521,2025-07-28,C027,P009,Tienda fisica,Confirmada,5,138.42,0.0,81.35,0.49
V02914,2024-05-04,C047,P010,Tienda fisica,Confirmada,1,35.27,0.0,17.61,1.8
V00529,2024-06-17,C047,P010,Tienda fisica,Confirmada,2,34.96,0.0,18.0,3.82
V03153,2024-05-13,C035,P004,Tienda fisica,Confirmada,9,28.03,0.0,13.68,0.55
V03476,2025-12-06,C050,P001,Tienda fisica,Confirmada,3,1263.8,0.1,819.02,1.27
V02800,2024-07-17,C036,P005,E-commerce,Confirmada,2,94.22,0.0,47.61,20.01
V01903,2025-02-07,C028,P010,Tienda fisica,Confirmada,3,36.71,0.0,19.58,3.84
V04001,2024-07-14,C008,P005,E-commerce,Confirmada,  4 ,  97.73 ,0.05,47.26,  34.61 
V03308,2024-09-27,C018,P010,E-commerce,Confirmada,5,36.0,0.0,17.57,34.95
V01892,2025-01-17,C045,P003,E-commerce,Confirmada,7,1750.76,0.1,1215.16,34.5
V00864,2024-10-11,C040,P009,Tienda fisica,Confirmada,3,130.8,0.0,75.56,1.16
V03751,2025-03-31,C017,P004,E-commerce,Confirmada,4,29.58,0.0,14.3,23.42
V01840,2025-05-18,C043,P001,E-commerce,Confirmada,1,1274.08,0.0,798.89,22.08
V04184,2025-04-12,C010,P008,E-commerce,Confirmada,4,89.63,0.0,51.07,19.19
V00932,2024-10-21,C037,P010,Tienda fisica,Confirmada,5,34.34,0.0,18.18,0.95
V03716,2024-12-21,C015,P001,Tienda fisica,Confirmada,10,1189.99,0.05,741.99,0.67
V01592,2025-09-03,C045,P007,E-commerce,Confirmada,1,127.28,0.08,68.35,22.56
V03315,2025-06-29,C046,P005,E-commerce,Confirmada,4,102.75,0.0,52.58,25.57
V00988,2024-06-09,C024,P005,E-commerce,Confirmada,5,93.32,0.0,47.69,18.11
V05257,2025-11-06,,P002,E-commerce,Confirmada,8,477.62,0.15,295.92,46.56
V03265,2025-11-05,C058,P006,E-commerce,Confirmada,7,70.54,0.0,38.46,28.64
V00736,2024-09-19,C015,P008,E-commerce,Confirmada,1,84.59,0.05,47.46,14.36
V00363,2024-05-24,C036,P010,E-commerce,Confirmada,8,35.75,0.0,17.85,29.37
V02968,2025-04-04,C028,P009,E-commerce,Confirmada,5,137.28,0.0,83.59,20.21
V01063,2024-10-03,C054,P010,E-commerce,Confirmada,  2 ,  34.93 ,0.05,17.95,  26.6 
V04968,2025-04-13,C051,P004,Tienda fisica,Confirmada,5,29.66,0.0,14.68,2.36
V00787,2025-04-28,C003,P009,E-commerce,Confirmada,1,135.16,0.0,80.99,16.85
V03936,2025-10-02,C020,P006,E-commerce,Confirmada,7,68.02,0.05,39.2,29.61
V00054,2025-11-19,C005,P007,E-commerce,Confirmada,1,131.01,0.0,68.22,15.89
V01579,2025-04-21,C045,P010,Tienda fisica,Confirmada,3,36.84,0.0,19.57,2.66
V04890,2024-07-18,C031,P005,E-commerce,Confirmada,12,93.32,0.0,48.19,40.16
V04980,2025-11-05,C052,P010,E-commerce,Confirmada,5,38.1,0.05,19.04,20.77
V00985,2024-03-03,C035,P005,Tienda fisica,Confirmada,2,95.81,0.05,48.01,2.67
V03022,2025-04-12,C016,P002,E-commerce,Confirmada,17,469.11,0.05,294.65,53.91
V00045,2024-02-06,C057,P006,Tienda fisica,Confirmada,4,64.86,0.0,36.01,1.13
V00099,2024-03-03,C020,P004,E-commerce,Confirmada,3,28.58,0.0,13.35,28.56
V01030,2025-04-04,C009,P010,E-commerce,Confirmada,7,37.5,0.0,19.37,37.48
V04477,2025-08-25,C060,P001,Tienda fisica,Confirmada,1,1262.5,0.0,812.4,1.49
V01853,2024-09-25,C021,P005,E-commerce,Confirmada,5,97.38,0.1,48.76,29.96
V02802,2024-11-23,C004,P003,Tienda fisica,Confirmada,6,1650.49,0.0,1116.91,0.96
V01398,2025-07-13,C046,P004,E-commerce,Confirmada,3,29.49,0.0,14.78,29.87
V02650,2024-05-02,C020,P010,Tienda fisica,Confirmada,  2 ,  35.27 ,0.0,17.94,  1.17 
V00986,2025-12-28,C007,P004,E-commerce,Confirmada,13,30.11,0.15,14.52,40.17
V04523,2025-08-22,C003,P009,E-commerce,Confirmada,3,139.51,0.0,83.5,23.14
V01741,2025-02-02,C027,P005,Tienda fisica,Confirmada,7,99.73,0.05,51.12,2.54
V00032,2025-06-08,C045,P004,Tienda fisica,Confirmada,17,29.92,0.0,14.35,2.89
V03509,2025-10-09,C019,P008,Tienda fisica,Confirmada,1,90.54,0.0,52.21,2.43
V02074,2025-09-10,C017,P007,E-commerce,Confirmada,2,127.5,0.05,69.46,18.97
V02198,2024-08-17,C044,P006,Tienda fisica,Confirmada,4,66.48,0.0,35.71,1.92
V02299,2024-07-15,C007,P001,E-commerce,Confirmada,11,1213.29,0.08,743.45,33.32
V03255,2024-04-05,C006,P003,E-commerce,Confirmada,2,1624.45,0.08,1131.34,28.34
V03352,2025-06-08,C053,P010,E-commerce,Confirmada,3,36.78,0.08,19.58,33.58
V01146,2025-09-11,C041,P010,Tienda fisica,Confirmada,2,37.17,0.0,19.43,3.82
V01503,2025-01-09,C015,P004,E-commerce,Confirmada,8,30.28,0.0,14.75,25.61
V00142,2025-08-03,C034,P008,Tienda fisica,Confirmada,8,89.62,0.1,51.99,1.23
V03675,2024-02-16,C026,P004,Tienda fisica,Confirmada,10,28.62,0.1,13.34,2.95
V02526,2025-08-18,C045,P006,E-commerce,Confirmada,6,68.76,0.0,38.95,43.28
V04349,2025-11-29,C013,P004,Tienda fisica,Confirmada,1,30.39,0.0,14.44,3.2
V02735,2025-01-27,C020,P004,E-commerce,Confirmada,  2 ,  29.11 ,0.1,14.61,  20.41 
V03329,2025-01-04,C030,P007,E-commerce,Confirmada,1,128.55,0.0,67.96,21.21
V04623,2024-11-05,C007,P004,Tienda fisica,Confirmada,8,27.46,0.0,13.45,1.88
V05273,2024-05-13,,P007,Tienda fisica,Confirmada,7,121.93,0.0,62.92,1.49
V00777,2024-09-12,C048,P008,Tienda fisica,Confirmada,4,87.22,0.0,47.3,1.41
V01277,2025-12-10,C050,P003,E-commerce,Confirmada,1,1765.31,0.15,1193.08,17.05
V00394,2025-01-20,C056,P004,E-commerce,Confirmada,2,29.96,0.0,14.48,27.25
V01415,2024-08-17,C036,P004,Tienda fisica,Confirmada,7,27.61,0.0,13.54,1.23
V01599,2024-08-19,C044,P005,Tienda fisica,Confirmada,6,93.32,0.0,48.87,2.63
V02423,2025-07-30,C046,P002,Tienda fisica,Confirmada,5,474.72,0.0,298.1,1.41
V00092,2025-07-07,C054,P006,E-commerce,Confirmada,6,70.45,0.0,37.83,30.41
V04482,2024-05-21,C010,P008,E-commerce,Confirmada,9,84.08,0.05,48.28,36.98
V02663,2024-03-24,C055,P004,Tienda fisica,Confirmada,4,27.5,0.0,13.17,1.26
V02977,2024-10-11,C015,P007,E-commerce,Confirmada,6,117.81,0.1,63.53,41.57
V00251,2025-03-24,C006,P004,E-commerce,Confirmada,9,29.98,0.15,14.39,43.21
V04036,2025-12-24,C050,P004,E-commerce,Confirmada,4,29.57,0.15,14.38,18.17
V02838,2025-12-20,C003,P004,Tienda fisica,Confirmada,1,29.11,0.05,14.87,1.79
V00594,2024-02-29,C055,P001,E-commerce,Confirmada,  5 ,  1201.2 ,0.05,758.47,  31.69 
V04581,2024-06-07,C003,P006,E-commerce,Confirmada,5,63.74,0.15,35.53,27.34
V03178,2025-04-06,C022,P007,Tienda fisica,Confirmada,8,129.76,0.0,70.0,0.06
V02544,2025-12-01,C005,P001,E-commerce,Confirmada,5,1269.66,0.08,805.18,19.38
V05202,2024-09-07,C016,P002,E-commerce,Anulada,2,443.06,0.0,273.14,15.85
V02170,2024-04-18,C032,P006,Tienda fisica,Confirmada,20,65.6,0.0,36.04,3.31
V02966,2025-06-25,C009,P007,E-commerce,Confirmada,11,130.55,0.05,69.82,41.14
V01261,2025-12-16,C016,P007,E-commerce,Confirmada,2,129.89,0.1,68.96,18.2
V02093,2025-08-16,C015,P005,Tienda fisica,Confirmada,13,102.59,0.0,51.76,2.23
V02898,2025-10-03,C007,P010,Tienda fisica,Confirmada,1,37.07,0.0,19.55,1.61
V00055,2025-12-09,C025,P010,E-commerce,Confirmada,2,36.73,0.0,19.43,23.54
V02974,2025-10-22,C055,P008,E-commerce,Confirmada,1,91.11,0.0,52.35,25.2
V01638,2025-09-26,C016,P007,E-commerce,Confirmada,1,125.78,0.1,69.36,12.25
V03128,2025-04-14,C050,P004,Tienda fisica,Confirmada,9,30.18,0.0,14.87,1.08
V04443,2024-11-30,C021,P010,Tienda fisica,Confirmada,1,35.61,0.0,17.68,1.7
V03574,2025-07-25,C010,P005,Tienda fisica,Confirmada,4,101.45,0.0,51.55,0.5
V04827,2024-06-11,C034,P005,Tienda fisica,Confirmada,7,96.84,0.0,47.38,0.84
V02254,2025-02-08,C029,P004,Tienda fisica,Confirmada,  8 ,  29.46 ,0.1,14.67,  2.21 
V01276,2025-03-19,C044,P010,Tienda fisica,Confirmada,1,36.83,0.0,18.99,0.49
V01700,2025-05-25,C045,P008,E-commerce,Confirmada,8,91.35,0.0,51.75,39.44
V01943,2025-10-10,C045,P009,E-commerce,Confirmada,1,140.93,0.1,81.99,10.43
V00947,2025-03-15,C028,P008,E-commerce,Confirmada,1,91.27,0.1,52.06,25.37
V01430,2024-11-17,C039,P006,Tienda fisica,Confirmada,7,65.56,0.0,35.28,3.15
V02810,2025-08-15,C049,P005,E-commerce,Confirmada,6,100.59,0.0,52.05,34.96
V00707,2024-12-04,C025,P005,E-commerce,Confirmada,4,95.29,0.0,48.74,22.91
V01811,2024-03-27,C035,P004,Tienda fisica,Confirmada,7,27.94,0.0,13.23,1.04
V04344,2025-11-01,C060,P005,E-commerce,Confirmada,8,99.05,0.1,51.87,46.39
V01460,2025-07-31,C030,P009,E-commerce,Confirmada,1,138.84,0.05,82.69,24.45
V00530,2025-05-15,C004,P007,Tienda fisica,Confirmada,2,127.04,0.0,69.87,2.34
V05166,2025-11-11,C005,P004,E-commerce,Confirmada,3,29.6,0.0,14.77,30.53
V03921,2025-06-14,C003,P010,Tienda fisica,Confirmada,5,37.66,0.1,19.06,2.44
V00677,2025-10-07,C016,P001,Tienda fisica,Confirmada,6,1294.83,0.0,807.14,1.39
V00808,2024-12-30,C031,P006,Tienda fisica,Confirmada,3,64.88,0.0,35.05,3.86
V00425,2024-11-04,C005,P005,Tienda fisica,Confirmada,6,97.33,0.1,48.59,1.77
V02106,2025-09-07,C006,P006,E-commerce,Confirmada,  2 ,  70.24 ,0.05,39.2,  14.72 
V04148,2025-06-28,C050,P004,E-commerce,Confirmada,7,29.79,0.15,14.65,39.07
V04881,2025-05-03,C055,P006,E-commerce,Confirmada,8,69.57,0.0,38.14,21.95
V03556,2024-09-24,C011,P005,Tienda fisica,Confirmada,1,94.74,0.0,47.35,3.64
V03912,2025-04-14,C032,P010,Tienda fisica,Confirmada,7,36.56,0.0,19.41,1.11
V04058,2025-01-05,C026,P004,Tienda fisica,Confirmada,2,29.39,0.0,14.54,1.15
V02931,2025-12-09,C030,P004,Tienda fisica,Confirmada,2,30.49,0.1,14.44,0.87
V03122,2025-08-04,C030,P005,Tienda fisica,Confirmada,4,101.74,0.0,52.53,2.01
V01421,2025-09-19,C051,P009,E-commerce,Confirmada,11,137.61,0.0,81.11,37.75
V02059,2024-11-05,C041,P005,E-commerce,Confirmada,3,93.45,0.08,48.54,27.89
V04638,2024-09-27,C016,P010,E-commerce,Confirmada,1,35.07,0.15,17.92,24.87
V03478,2025-06-26,C059,P010,Tienda fisica,Confirmada,1,36.83,0.0,19.74,0.79
V00062,2025-10-12,C037,P005,Tienda fisica,Confirmada,3,103.66,0.1,51.52,1.25
V04073,2025-06-13,C051,P007,Tienda fisica,Confirmada,4,125.5,0.1,69.46,3.94
V01896,2024-02-11,C045,P010,Tienda fisica,Confirmada,1,34.4,0.0,17.54,0.15
V03384,2024-12-14,C035,P004,E-commerce,Confirmada,6,28.46,0.0,13.49,19.84
V00763,2024-11-07,C020,P004,Tienda fisica,Confirmada,11,28.14,0.0,13.27,2.29
V04927,2025-03-12,C006,P007,E-commerce,Confirmada,  2 ,  126.25 ,0.1,69.48,  23.81 
V01456,2025-04-18,C011,P001,E-commerce,Confirmada,1,1280.5,0.0,796.47,28.05
V00773,2025-11-29,C015,P002,Tienda fisica,Confirmada,5,467.74,0.0,298.08,2.26
V04777,2024-01-29,C015,P008,Tienda fisica,Confirmada,4,86.77,0.0,48.68,0.53
V01665,2025-10-21,C041,P004,Tienda fisica,Confirmada,3,29.49,0.0,14.86,0.02
V00768,2024-09-30,C055,P006,Tienda fisica,Confirmada,7,65.59,0.0,35.45,3.69
V02732,2025-08-18,C008,P005,E-commerce,Confirmada,4,101.35,0.08,51.2,29.57
V01781,2024-04-26,C046,P009,Tienda fisica,Confirmada,1,129.97,0.0,76.22,1.54
V02734,2024-12-13,C049,P006,E-commerce,Confirmada,6,64.53,0.0,35.77,32.31
V02567,2024-04-19,C059,P010,Tienda fisica,Confirmada,2,35.26,0.0,18.03,3.1
V04867,2025-01-11,C041,P006,E-commerce,Confirmada,9,67.57,0.0,38.74,34.87
V02775,2025-01-20,C036,P003,Tienda fisica,Confirmada,1,1746.51,0.0,1209.16,0.47
V02201,2024-04-24,C041,P010,Tienda fisica,Confirmada,3,35.82,0.0,17.87,0.32
V03738,2024-10-24,C050,P010,E-commerce,Confirmada,1,34.63,0.0,17.63,12.76
V00923,2025-11-09,C045,P003,E-commerce,Confirmada,5,1789.68,0.0,1193.93,28.09
V04452,2025-08-02,C053,P002,Tienda fisica,Confirmada,1,468.56,0.0,294.12,2.89
V00919,2024-11-21,C043,P009,E-commerce,Confirmada,1,129.94,0.1,76.24,19.74
V00956,2024-08-22,C027,P007,E-commerce,Confirmada,  3 ,  120.16 ,0.0,63.85,  23.66 
V03746,2024-05-26,C039,P004,E-commerce,Confirmada,4,27.59,0.1,13.47,32.49
V01264,2025-06-10,C011,P006,Tienda fisica,Confirmada,1,70.43,0.1,38.23,2.84
V04517,2024-11-05,C050,P009,E-commerce,Confirmada,1,127.72,0.05,75.67,12.94
V04763,2025-05-26,C047,P007,Tienda fisica,Confirmada,6,124.78,0.0,68.85,1.71
V02019,2024-08-03,C031,P007,Tienda fisica,Confirmada,2,120.25,0.0,63.73,1.65
V04390,2024-07-09,C012,P008,Tienda fisica,Confirmada,11,85.73,0.0,48.9,0.42
V04776,2024-04-29,C047,P003,Tienda fisica,Confirmada,1,1651.1,0.0,1103.92,0.88
V03530,2025-08-28,C025,P010,E-commerce,Confirmada,2,37.76,0.0,19.22,21.29
V01138,2024-06-23,C060,P002,Tienda fisica,Confirmada,2,456.25,0.05,274.95,0.72
V00077,2024-11-20,C050,P006,E-commerce,Confirmada,2,65.98,0.15,35.79,18.91
V01345,2025-10-24,C017,P001,E-commerce,Confirmada,6,1307.13,0.15,802.49,28.71
V02090,2024-11-15,C010,P005,Tienda fisica,Confirmada,2,96.33,0.0,47.39,0.28
V05044,2025-04-11,C036,P008,Tienda fisica,Confirmada,1,91.54,0.05,51.8,0.72
V03042,2024-09-20,C030,P001,Tienda fisica,Confirmada,3,1179.07,0.0,753.83,3.34
V04257,2025-05-10,C041,P004,Tienda fisica,Confirmada,21,30.29,0.0,14.77,3.55
V00672,2024-01-16,C045,P007,Tienda fisica,Confirmada,1,119.98,0.0,62.95,0.82
V00687,2024-09-14,C046,P005,E-commerce,Confirmada,  7 ,  95.83 ,0.15,47.03,  30.95 
V02689,2024-08-01,C051,P004,E-commerce,Confirmada,9,27.7,0.0,13.49,37.74
V00663,2024-08-25,C020,P009,Tienda fisica,Confirmada,3,129.22,0.05,74.75,1.41
V01047,2025-12-16,C051,P008,E-commerce,Confirmada,1,89.17,0.15,52.92,11.94
V01106,2024-12-28,C038,P010,Tienda fisica,Confirmada,1,35.57,0.0,17.63,2.02
V00185,2024-03-08,C003,P009,E-commerce,Confirmada,2,132.13,0.0,76.17,28.2
V02454,2025-07-19,C002,P004,E-commerce,Confirmada,6,29.42,0.0,14.79,39.79
V01129,2024-05-02,C006,P010,Tienda fisica,Confirmada,2,34.87,0.0,17.9,1.06
V00407,2024-03-21,C059,P009,Tienda fisica,Confirmada,9,131.15,0.0,75.4,0.56
V04472,2024-10-22,C060,P005,E-commerce,Confirmada,8,93.99,0.05,47.2,44.81
V02058,2024-12-10,C010,P002,E-commerce,Confirmada,3,462.97,0.15,270.97,23.31
V01913,2024-11-19,C057,P010,E-commerce,Confirmada,1,34.66,0.1,18.14,11.96
V04989,2025-06-05,C044,P006,Tienda fisica,Confirmada,4,67.79,0.0,39.18,1.56
V04029,2025-04-14,C020,P001,Tienda fisica,Confirmada,1,1255.33,0.0,820.86,1.93
V01784,2025-03-09,C007,P007,E-commerce,Confirmada,2,128.34,0.05,70.06,16.14
V04386,2024-11-13,C010,P001,Tienda fisica,Confirmada,1,1195.38,0.1,751.58,0.14
V03785,2024-07-07,C041,P003,Tienda fisica,Confirmada,1,1617.86,0.0,1107.36,2.2
V02807,2024-03-05,C024,P006,E-commerce,Confirmada,  9 ,  64.73 ,0.08,35.96,  37.7 
V04435,2024-07-25,C026,P010,E-commerce,Confirmada,2,34.7,0.0,18.13,20.0
V01723,2025-01-02,C050,P004,Tienda fisica,Confirmada,4,30.39,0.0,14.79,3.25
V02953,2024-09-07,C042,P005,E-commerce,Confirmada,15,97.1,0.08,47.06,55.8
V03648,2025-05-03,C041,P003,E-commerce,Confirmada,4,1724.24,0.0,1198.28,18.19
V01726,2025-01-27,C002,P004,Tienda fisica,Confirmada,6,30.39,0.0,14.56,2.4
V03274,2025-03-28,C039,P004,E-commerce,Confirmada,3,30.45,0.0,14.67,26.09
V03546,2025-04-21,C060,P007,E-commerce,Confirmada,2,126.73,0.0,68.55,22.78
V04748,2024-08-01,C031,P004,Tienda fisica,Confirmada,4,28.13,0.0,13.65,2.78
V03897,2024-02-08,C023,P005,E-commerce,Confirmada,10,96.8,0.08,48.55,36.95
V03371,2024-08-10,C006,P006,Tienda fisica,Confirmada,5,65.95,0.0,35.86,0.8
V03827,2025-11-15,C028,P010,E-commerce,Confirmada,2,37.66,0.0,19.73,16.52
V04095,2025-07-22,C038,P005,Tienda fisica,Confirmada,3,99.98,0.0,51.35,3.5
V01947,2025-01-02,C021,P004,Tienda fisica,Confirmada,5,29.73,0.0,14.78,3.86
V01091,2025-03-05,C050,P008,E-commerce,Confirmada,2,88.45,0.15,52.34,23.42
V03282,2025-06-09,C025,P007,E-commerce,Confirmada,4,129.63,0.0,69.88,22.75
V04552,2025-08-02,C050,P005,E-commerce,Confirmada,10,101.42,0.1,52.28,33.97
V01524,2025-03-19,C040,P008,E-commerce,Confirmada,  1 ,  90.46 ,0.0,51.9,  13.23 
V02492,2024-08-03,C045,P010,Tienda fisica,Confirmada,1,35.61,0.0,17.76,2.31
V00197,2025-12-14,C050,P009,Tienda fisica,Confirmada,1,135.47,0.0,81.51,0.12
V02285,2024-01-02,C056,P004,Tienda fisica,Confirmada,5,28.47,0.0,13.28,3.17
V03809,2024-11-08,C042,P006,Tienda fisica,Confirmada,7,64.88,0.0,35.8,2.48
V00742,2024-05-17,C032,P004,E-commerce,Confirmada,6,28.76,0.0,13.21,35.07
V03147,2025-02-11,C055,P003,E-commerce,Confirmada,1,1721.04,0.0,1231.1,12.96
V00516,2025-01-03,C057,P004,E-commerce,Confirmada,14,29.9,0.05,14.61,58.57
V00382,2024-08-14,C035,P010,Tienda fisica,Confirmada,9,35.32,0.0,17.91,2.92
V03973,2024-07-20,C012,P010,Tienda fisica,Confirmada,3,35.87,0.0,17.97,1.82
V04080,2025-09-04,C044,P002,E-commerce,Confirmada,5,478.03,0.1,298.82,31.92
V02547,2024-04-12,C035,P008,Tienda fisica,Confirmada,1,86.78,0.0,47.36,2.15
V00333,2024-02-15,C005,P007,E-commerce,Confirmada,2,118.39,0.15,63.34,20.39
V05126,2024-10-03,C040,P004,Tienda fisica,Confirmada,10,28.58,0.0,13.53,3.94
V05042,2025-08-23,C060,P006,Tienda fisica,Confirmada,2,70.03,0.0,38.77,3.13
V03456,2024-07-20,C009,P007,E-commerce,Confirmada,1,118.24,0.05,62.4,20.75
V00278,2025-02-06,C042,P010,Tienda fisica,Confirmada,7,37.12,0.0,18.98,1.25
V00067,2025-10-26,C039,P006,Tienda fisica,Confirmada,  2 ,  67.55 ,0.0,37.74,  1.84 
V01083,2024-12-15,C018,P006,Tienda fisica,Confirmada,7,64.27,0.0,35.06,0.7
V01239,2024-10-22,C055,P003,Tienda fisica,Confirmada,7,1681.33,0.0,1102.75,2.39
V03140,2025-12-14,C060,P004,E-commerce,Confirmada,4,30.27,0.0,14.73,36.32
V03385,2024-11-21,C020,P008,Tienda fisica,Confirmada,4,85.75,0.05,47.41,0.98
V03825,2024-06-04,C031,P009,E-commerce,Confirmada,6,131.47,0.15,74.65,27.81
V01389,2024-09-13,C046,P006,Tienda fisica,Confirmada,4,64.24,0.0,35.07,0.87
V01839,2024-01-07,C038,P004,Tienda fisica,Confirmada,3,27.87,0.1,13.49,1.32
V00752,2025-04-02,C060,P004,E-commerce,Confirmada,6,29.31,0.0,14.47,34.37
V05158,2024-03-20,C011,P005,E-commerce,Confirmada,1,96.52,0.0,48.1,17.1
V04886,2025-10-22,C030,P010,E-commerce,Confirmada,2,38.06,0.05,19.34,28.14
V03392,2024-02-15,C005,P004,E-commerce,Confirmada,4,28.63,0.08,13.7,22.71
V01109,2025-05-17,C048,P007,E-commerce,Confirmada,5,127.93,0.05,70.37,35.28
V00769,2024-12-03,C024,P010,E-commerce,Confirmada,1,34.9,0.05,17.82,19.56
V01675,2024-12-22,C051,P004,E-commerce,Confirmada,7,27.51,0.0,13.44,31.37
V00270,2024-08-26,C037,P009,Tienda fisica,Confirmada,2,128.54,0.0,74.59,0.47
V01368,2025-07-17,C050,P002,E-commerce,Confirmada,3,484.96,0.0,298.4,17.01
V00887,2025-05-01,C045,P004,E-commerce,Confirmada,  2 ,  29.68 ,0.05,14.5,  19.49 
V03967,2025-04-29,C035,P002,E-commerce,Confirmada,1,473.93,0.05,291.63,21.19
V02014,2025-09-26,C027,P005,Tienda fisica,Confirmada,2,100.19,0.0,52.99,3.72
V03687,2025-04-22,C030,P005,E-commerce,Confirmada,7,99.85,0.0,52.73,20.19
V01386,2025-11-06,C017,P001,E-commerce,Confirmada,12,1285.06,0.0,805.5,32.86
V03030,2025-10-05,C045,P004,E-commerce,Confirmada,6,29.13,0.05,14.83,30.18
V01024,2025-04-12,C040,P008,E-commerce,Confirmada,2,88.76,0.15,51.46,26.38
V00927,2025-04-12,C051,P004,E-commerce,Confirmada,11,30.24,0.0,14.36,34.8
V02517,2024-12-28,C003,P006,Tienda fisica,Confirmada,22,64.31,0.0,36.07,0.08
V01197,2024-12-15,C002,P003,Tienda fisica,Confirmada,1,1688.69,0.0,1143.46,0.09
V05010,2024-03-10,C016,P008,E-commerce,Confirmada,3,85.13,0.15,48.17,18.08
V03794,2025-06-07,C010,P001,Tienda fisica,Confirmada,3,1293.42,0.0,810.46,3.94
V00114,2025-11-22,C045,P002,Tienda fisica,Confirmada,2,477.8,0.0,296.29,3.21
V01373,2025-11-16,C014,P006,E-commerce,Confirmada,1,67.67,0.15,37.99,15.08
V00555,2025-11-15,C011,P002,Tienda fisica,Confirmada,2,489.54,0.0,296.34,1.19
V01553,2025-09-16,C043,P004,E-commerce,Confirmada,2,29.52,0.05,14.43,13.98
V00640,2024-05-12,C020,P006,Tienda fisica,Confirmada,7,65.17,0.0,35.42,0.04
V00109,2025-09-26,C051,P006,Tienda fisica,Confirmada,  5 ,  70.86 ,0.05,37.97,  0.34 
V04307,2024-11-25,C050,P010,Tienda fisica,Confirmada,3,34.44,0.0,17.52,0.96
V03313,2025-06-08,C060,P004,E-commerce,Confirmada,5,29.97,0.1,14.35,27.83
V02583,2024-12-24,C020,P006,E-commerce,Confirmada,2,64.67,0.1,35.29,28.51
V02096,2025-07-31,C055,P005,Tienda fisica,Confirmada,10,99.99,0.0,52.13,3.58
V04792,2025-11-19,C055,P004,Tienda fisica,Confirmada,2,30.21,0.0,14.62,2.51
V02658,2024-03-29,C020,P003,Tienda fisica,Confirmada,2,1696.21,0.0,1115.08,1.66
V01742,2025-03-25,C042,P010,Tienda fisica,Confirmada,5,37.52,0.0,19.23,1.42
V01510,2024-09-11,C056,P010,Tienda fisica,Confirmada,1,34.48,0.0,17.9,2.71
V04225,2024-03-11,C010,P003,Tienda fisica,Confirmada,6,1684.97,0.0,1144.31,0.37
V01562,2025-10-09,C041,P009,E-commerce,Confirmada,3,137.72,0.0,82.9,28.87
V00345,2025-04-23,C005,P007,E-commerce,Confirmada,2,127.37,0.1,69.35,27.06
V04418,2024-05-18,C055,P007,Tienda fisica,Confirmada,1,117.67,0.05,63.06,1.42
V02985,2025-09-19,C049,P005,Tienda fisica,Confirmada,2,103.62,0.05,51.83,0.27
V04406,2024-05-13,C005,P005,Tienda fisica,Confirmada,7,97.09,0.0,48.88,0.32
V01476,2024-08-11,C040,P005,Tienda fisica,Confirmada,13,95.88,0.0,47.3,0.34
V00926,2025-02-18,C018,P005,Tienda fisica,Confirmada,9,103.45,0.0,52.82,0.13
V04714,2024-01-02,C027,P007,Tienda fisica,Confirmada,  3 ,  121.53 ,0.0,63.92,  2.37 
V04765,2024-05-17,C031,P010,E-commerce,Confirmada,2,35.27,0.15,18.15,14.87
V00089,2024-07-13,C007,P001,Tienda fisica,Confirmada,9,1179.32,0.0,731.78,2.81
V00509,2025-03-03,C040,P007,Tienda fisica,Confirmada,14,126.89,0.0,69.07,2.89
V03792,2025-10-24,C006,P009,Tienda fisica,Confirmada,12,138.3,0.0,81.55,2.14
V05072,2025-05-08,C040,P010,Tienda fisica,Confirmada,3,37.02,0.0,19.54,2.91
V05165,2025-07-07,C060,P008,Tienda fisica,Confirmada,1,88.94,0.0,51.16,2.05
V03055,2024-11-29,C006,P010,Tienda fisica,Confirmada,2,35.48,0.05,18.0,3.63
V02694,2025-12-05,C015,P007,E-commerce,Confirmada,1,129.81,0.08,67.91,25.14
V04167,2025-08-24,C030,P010,E-commerce,Confirmada,3,37.16,0.08,19.4,31.01
V03787,2025-09-05,C040,P010,E-commerce,Confirmada,6,37.93,0.0,19.02,31.67
V02759,2025-04-01,C021,P008,E-commerce,Confirmada,11,90.51,0.05,52.03,35.68
V03374,2024-11-03,C056,P001,E-commerce,Confirmada,3,1184.37,0.0,732.72,17.31
V03596,2025-08-29,C011,P005,E-commerce,Confirmada,26,102.2,0.05,51.67,84.05
V01093,2025-03-28,C038,P002,E-commerce,Confirmada,3,469.9,0.0,297.42,14.22
V03944,2025-08-30,C026,P006,E-commerce,Confirmada,5,69.43,0.15,38.14,34.87
V03504,2024-11-16,C005,P009,Tienda fisica,Confirmada,1,133.86,0.0,76.82,3.15
V01637,2024-08-12,C060,P007,E-commerce,Confirmada,  1 ,  123.51 ,0.1,64.3,  28.05 
V00019,2025-03-12,C044,P004,Tienda fisica,Confirmada,6,29.37,0.1,14.45,0.2
V02072,2025-02-27,C057,P004,Tienda fisica,Confirmada,9,30.2,0.0,14.41,0.83
V00220,2025-08-18,C001,P001,E-commerce,Confirmada,4,1271.57,0.0,802.1,25.25
V02537,2024-12-28,C041,P007,E-commerce,Confirmada,5,118.69,0.0,63.34,20.96
V04899,2024-01-08,C037,P010,E-commerce,Confirmada,1,34.5,0.0,17.98,24.83
V01130,2025-11-08,C021,P006,E-commerce,Confirmada,3,69.33,0.1,37.87,23.91
V03870,2025-11-04,C050,P010,E-commerce,Confirmada,17,36.93,0.0,19.01,63.56
V01885,2024-11-24,C017,P007,Tienda fisica,Confirmada,5,118.86,0.0,62.81,0.04
V02706,2025-05-08,C008,P005,E-commerce,Confirmada,3,102.72,0.08,52.4,21.87
V01190,2025-01-03,C015,P010,E-commerce,Confirmada,4,37.22,0.08,19.0,21.12
V02275,2025-05-06,C051,P006,E-commerce,Confirmada,7,70.93,0.0,38.13,39.08
V03620,2024-12-11,C043,P004,E-commerce,Confirmada,7,28.36,0.0,13.35,30.8
V04535,2024-11-13,C045,P009,Tienda fisica,Confirmada,7,131.06,0.1,77.09,2.41
V05122,2025-07-14,C060,P006,Tienda fisica,Confirmada,17,69.96,0.0,38.98,0.44
V04096,2024-04-28,C021,P010,Tienda fisica,Confirmada,1,34.52,0.0,17.62,0.82
V02556,2024-08-31,C010,P009,Tienda fisica,Confirmada,1,129.7,0.0,75.43,2.7
V01433,2024-11-05,C040,P010,Tienda fisica,Confirmada,  1 ,  35.91 ,0.0,18.18,  0.2 
V04105,2025-12-18,C026,P008,E-commerce,Confirmada,4,91.91,0.0,51.2,27.5
V04798,2024-10-30,C038,P007,Tienda fisica,Confirmada,5,121.29,0.0,63.62,3.94
V03682,2025-09-16,C052,P006,Tienda fisica,Confirmada,10,68.57,0.0,37.73,2.93
V04447,2024-05-20,C016,P008,Tienda fisica,Confirmada,4,87.21,0.0,47.86,0.73
V01573,2025-03-30,C045,P001,E-commerce,Confirmada,10,1295.38,0.0,821.74,42.35
V03450,2025-08-02,C017,P007,E-commerce,Confirmada,11,127.33,0.08,69.48,56.4
V03118,2024-06-11,C020,P007,Tienda fisica,Confirmada,6,120.28,0.0,62.78,0.43
V03679,2024-07-12,C052,P002,Tienda fisica,Confirmada,2,442.55,0.0,271.04,2.15
V00893,2024-12-23,C008,P007,E-commerce,Confirmada,2,117.83,0.0,62.93,23.79
V04498,2025-05-02,C031,P005,Tienda fisica,Confirmada,5,100.78,0.0,52.83,0.1
V00857,2024-12-29,C037,P004,Tienda fisica,Confirmada,5,28.63,0.0,13.61,1.62
V00513,2024-12-06,C049,P001,Tienda fisica,Confirmada,2,1208.88,0.0,738.99,1.46
V02621,2025-03-28,C025,P005,Tienda fisica,Confirmada,5,102.17,0.1,52.86,3.05
V03317,2024-03-22,C023,P008,E-commerce,Confirmada,3,84.45,0.05,47.88,16.43
V00477,2024-08-24,C010,P005,E-commerce,Confirmada,8,96.13,0.0,47.89,28.49
V04839,2025-05-22,C036,P004,E-commerce,Confirmada,5,30.34,0.0,14.49,35.37
V00419,2025-08-04,C036,P005,Tienda fisica,Confirmada,  2 ,  102.63 ,0.0,52.5,  2.96 
V00044,2025-02-24,C005,P001,Tienda fisica,Confirmada,5,1289.6,0.05,792.01,0.1
V00732,2024-04-03,C013,P007,Tienda fisica,Confirmada,5,118.63,0.0,64.85,3.9
V04265,2025-07-14,C036,P001,Tienda fisica,Confirmada,6,1250.66,0.0,814.97,3.3
V05147,2025-12-16,C015,P006,E-commerce,Confirmada,3,69.93,0.0,38.05,15.36
V02210,2025-11-05,C011,P005,Tienda fisica,Confirmada,8,102.17,0.0,52.76,1.53
V01066,2025-10-30,C021,P002,E-commerce,Confirmada,1,472.04,0.0,298.18,20.08
V02066,2025-06-02,C040,P003,Tienda fisica,Confirmada,6,1797.58,0.0,1200.33,1.39
V02249,2024-02-07,C028,P007,Tienda fisica,Confirmada,3,117.9,0.05,63.93,1.11
V01280,2025-11-09,C047,P006,E-commerce,Confirmada,2,69.6,0.15,37.97,23.98
V00170,2025-11-13,C035,P006,Tienda fisica,Confirmada,3,70.39,0.0,39.1,3.11
V03177,2024-05-05,C017,P001,Tienda fisica,Confirmada,1,1232.38,0.0,744.75,1.76
V00500,2025-09-11,C013,P006,Tienda fisica,Confirmada,4,67.97,0.0,37.82,2.12
V00306,2024-08-22,C035,P005,E-commerce,Confirmada,1,97.69,0.0,47.5,21.34
V01823,2025-10-09,C045,P001,E-commerce,Confirmada,2,1273.55,0.0,818.83,28.57
V00706,2024-08-21,C031,P010,Tienda fisica,Confirmada,4,34.78,0.0,17.58,0.19
V04754,2025-11-17,C012,P004,E-commerce,Confirmada,12,30.16,0.15,14.7,40.98
V04643,2025-03-16,C060,P004,Tienda fisica,Confirmada,  8 ,  29.62 ,0.0,14.37,  1.82 
V00273,2025-03-31,C031,P005,Tienda fisica,Confirmada,3,99.47,0.0,52.09,2.71
V01735,2024-11-26,C026,P008,Tienda fisica,Confirmada,2,86.37,0.05,47.73,0.88
V01004,2025-10-08,C046,P002,Tienda fisica,Confirmada,4,483.3,0.1,300.33,0.67
V02380,2025-11-27,C057,P007,Tienda fisica,Confirmada,4,128.44,0.0,68.83,0.46
V04279,2024-12-10,C014,P010,E-commerce,Confirmada,1,35.1,0.05,17.74,24.09
V03616,2024-07-19,C050,P009,Tienda fisica,Confirmada,4,133.65,0.0,76.7,2.81
V01820,2024-09-21,C035,P005,Tienda fisica,Confirmada,7,95.13,0.0,48.88,1.28
V02252,2024-12-14,C026,P005,E-commerce,Confirmada,5,96.45,0.05,48.23,21.97
V04506,2024-11-29,C049,P004,Tienda fisica,Confirmada,7,28.68,0.0,13.5,1.89
V00331,2025-04-05,C045,P006,Tienda fisica,Confirmada,6,68.52,0.0,38.43,3.92
V03229,2025-12-16,C010,P003,Tienda fisica,Confirmada,8,1729.85,0.1,1231.13,0.11
V00423,2024-06-20,C046,P002,E-commerce,Confirmada,3,461.64,0.0,273.53,29.91
V02499,2025-10-20,C045,P004,Tienda fisica,Confirmada,7,29.61,0.0,14.71,0.93
V02271,2024-07-26,C036,P002,E-commerce,Confirmada,6,444.17,0.15,276.23,25.79
V02056,2024-04-05,C009,P004,Tienda fisica,Confirmada,6,27.93,0.0,13.17,3.77
V02981,2024-07-29,C011,P006,E-commerce,Confirmada,11,64.59,0.0,35.69,39.14
V05067,2024-03-01,C056,P009,Tienda fisica,Confirmada,  5 ,  131.18 ,0.0,76.32,  3.54 
V03320,2025-06-08,C055,P005,E-commerce,Confirmada,6,101.65,0.0,51.75,30.47
V04561,2024-05-12,C037,P006,E-commerce,Confirmada,8,65.31,0.1,34.91,29.04
V00960,2024-08-14,C050,P009,Tienda fisica,Confirmada,6,128.06,0.0,76.71,3.27
V00217,2025-10-28,C036,P005,E-commerce,Confirmada,4,98.95,0.05,51.59,33.13
V02916,2024-12-14,C040,P004,E-commerce,Confirmada,3,28.39,0.05,13.6,18.89
V02888,2024-12-06,C006,P004,Tienda fisica,Confirmada,1,28.62,0.0,13.65,2.55
V02259,2024-10-31,C032,P009,Tienda fisica,Confirmada,1,129.58,0.0,75.46,2.42
V01567,2024-11-30,C060,P007,Tienda fisica,Confirmada,1,122.5,0.0,63.04,1.75
V00858,2025-07-19,C037,P001,Tienda fisica,Confirmada,2,1277.93,0.0,808.31,2.05
V04599,2025-09-17,C009,P010,Tienda fisica,Confirmada,3,37.56,0.0,19.24,1.5
V02851,2025-05-18,C001,P007,Tienda fisica,Confirmada,4,126.77,0.0,69.75,2.87
V02152,2025-08-29,C032,P009,E-commerce,Confirmada,2,137.69,0.1,83.19,23.76
V03613,2025-06-03,C010,P003,Tienda fisica,Confirmada,1,1734.45,0.0,1215.88,1.81
V04747,2025-08-23,C032,P009,Tienda fisica,Confirmada,5,136.6,0.0,80.9,3.71
V01081,2025-11-11,C027,P004,E-commerce,Confirmada,12,30.14,0.05,14.73,30.63
V00896,2025-02-07,C015,P006,E-commerce,Confirmada,1,69.2,0.1,38.32,20.57
V02979,2025-10-04,C053,P008,E-commerce,Confirmada,  2 ,  90.4 ,0.05,52.76,  20.76 
V02187,2024-12-06,C058,P001,E-commerce,Confirmada,1,1209.18,0.15,746.84,24.53
V01936,2024-04-12,C039,P006,E-commerce,Confirmada,5,66.66,0.0,35.19,28.0
V04335,2025-12-16,C006,P001,Tienda fisica,Confirmada,2,1292.58,0.0,821.42,2.38
V04555,2024-12-02,C025,P010,Tienda fisica,Confirmada,2,34.33,0.0,17.84,3.61
V04870,2024-07-21,C017,P004,Tienda fisica,Confirmada,16,28.34,0.0,13.52,0.95
V04932,2025-01-30,C049,P008,E-commerce,Confirmada,4,89.52,0.15,52.28,26.81
V01783,2025-06-16,C035,P008,E-commerce,Confirmada,4,89.81,0.1,51.26,39.0
V05039,2025-12-21,C045,P006,E-commerce,Confirmada,5,69.68,0.0,39.18,30.73
V04205,2025-11-07,C021,P002,E-commerce,Confirmada,19,469.88,0.0,298.23,38.57
V05179,2025-01-04,C014,P008,E-commerce,Confirmada,1,89.94,0.0,51.93,24.45
V02460,2024-01-12,C001,P007,E-commerce,Confirmada,1,120.33,0.0,64.03,12.31
V05237,2025-01-04,C005,P008,E-commerce,Anulada,5,89.87,0.0,51.83,24.58
V02292,2024-11-09,C035,P008,Tienda fisica,Confirmada,2,86.95,0.0,48.14,2.61
V00035,2024-08-31,C035,P006,E-commerce,Confirmada,2,64.35,0.05,35.28,14.67
V01900,2025-12-30,C005,P009,E-commerce,Confirmada,3,135.69,0.0,82.33,26.31
V01884,2024-12-11,C041,P001,Tienda fisica,Confirmada,8,1178.76,0.0,751.8,1.21
V04152,2024-11-08,C041,P005,Tienda fisica,Confirmada,  10 ,  96.1 ,0.0,47.12,  3.46 
V02698,2025-02-10,C001,P004,Tienda fisica,Confirmada,6,29.4,0.0,14.33,1.37
V04230,2024-05-27,C054,P009,E-commerce,Confirmada,4,127.44,0.05,74.93,21.27
V01569,2025-04-27,C008,P009,E-commerce,Confirmada,2,137.62,0.0,84.15,25.04
V04453,2025-04-06,C004,P003,E-commerce,Confirmada,6,1732.47,0.15,1236.19,23.89
V03368,2025-12-10,C059,P008,Tienda fisica,Confirmada,5,90.73,0.0,52.03,1.61
V04771,2025-11-19,C035,P004,E-commerce,Confirmada,5,29.13,0.05,14.72,21.42
V00942,2025-04-02,C030,P004,E-commerce,Confirmada,5,29.27,0.05,14.66,27.93
V01651,2025-08-14,C022,P006,E-commerce,Confirmada,9,68.1,0.0,38.65,45.7
V01563,2024-12-07,C030,P009,Tienda fisica,Confirmada,4,131.13,0.05,76.22,1.51
V02027,2025-02-15,C025,P004,Tienda fisica,Confirmada,2,29.27,0.0,14.37,2.7
V04542,2024-09-13,C035,P002,E-commerce,Confirmada,10,461.08,0.1,273.15,38.37
V00066,2025-07-18,C049,P010,Tienda fisica,Confirmada,4,38.03,0.0,19.49,3.56
V01517,2024-07-06,C025,P004,Tienda fisica,Confirmada,7,27.78,0.0,13.58,1.01
V03627,2025-09-01,C043,P010,Tienda fisica,Confirmada,3,37.69,0.0,19.55,2.75
V04145,2025-12-06,C045,P007,E-commerce,Confirmada,2,128.98,0.15,68.41,29.1
V00856,2025-12-14,C035,P008,E-commerce,Confirmada,6,89.48,0.0,52.04,21.94
V04853,2025-11-18,C040,P010,E-commerce,Confirmada,  3 ,  37.76 ,0.1,18.99,  23.37 
V00636,2024-08-10,C046,P005,Tienda fisica,Confirmada,6,93.61,0.0,48.74,0.23
V03208,2024-12-27,C024,P010,E-commerce,Confirmada,1,35.29,0.15,18.11,25.35
V01411,2025-03-08,C008,P007,E-commerce,Confirmada,1,125.8,0.0,68.79,24.91
V02703,2025-12-19,C027,P008,E-commerce,Confirmada,2,91.65,0.1,51.3,13.02
V02137,2024-03-20,C010,P006,E-commerce,Confirmada,7,64.1,0.0,35.45,32.4
V03661,2024-07-07,C051,P008,Tienda fisica,Confirmada,1,85.14,0.0,48.76,2.49
V04215,2025-11-16,C012,P004,E-commerce,Confirmada,8,30.19,0.0,14.77,37.28
V04160,2024-10-30,C001,P010,E-commerce,Confirmada,4,35.94,0.1,17.56,26.24
V02372,2025-05-29,C055,P005,E-commerce,Confirmada,6,99.6,0.1,52.85,37.68
V03157,2024-12-02,C011,P010,E-commerce,Confirmada,11,35.5,0.1,17.83,40.57
V00079,2024-09-16,C040,P008,Tienda fisica,Confirmada,4,86.67,0.1,47.57,3.43
V04426,2024-07-20,C015,P002,E-commerce,Confirmada,2,462.3,0.15,272.12,25.87
V04694,2025-01-11,C022,P004,Tienda fisica,Confirmada,5,29.88,0.0,14.76,1.93
V02520,2025-10-14,C004,P010,Tienda fisica,Confirmada,1,36.7,0.0,19.43,2.85
V02445,2024-03-01,C025,P008,Tienda fisica,Confirmada,1,83.84,0.1,48.21,2.56
V02664,2025-07-28,C021,P005,E-commerce,Confirmada,6,101.8,0.0,52.6,26.75
V04665,2024-10-07,C002,P004,E-commerce,Confirmada,  8 ,  28.39 ,0.05,13.32,  36.32 
V00719,2025-08-26,C030,P004,E-commerce,Confirmada,5,29.88,0.0,14.78,34.55
V00334,2024-08-20,C039,P010,E-commerce,Confirmada,1,35.87,0.1,18.09,12.74
V02614,2025-11-20,C002,P007,E-commerce,Confirmada,1,129.39,0.15,67.67,12.46
V02831,2024-04-11,C024,P006,E-commerce,Confirmada,1,65.45,0.05,35.99,21.53
V03326,2025-08-12,C022,P002,E-commerce,Confirmada,2,475.0,0.05,299.89,23.7
V02145,2024-05-11,C033,P006,Tienda fisica,Confirmada,5,66.38,0.0,34.75,1.27
V01027,2024-05-18,C050,P007,E-commerce,Confirmada,1,121.99,0.1,64.05,22.58
V03728,2025-05-20,C006,P009,Tienda fisica,Confirmada,3,138.27,0.0,83.25,0.53
V00311,2025-10-30,C009,P009,Tienda fisica,Confirmada,3,138.31,0.1,82.93,1.37
V00360,2025-11-15,C030,P005,E-commerce,Confirmada,8,102.41,0.05,51.35,27.91
V03485,2025-06-24,C040,P009,E-commerce,Confirmada,2,140.0,0.0,81.24,20.6
V03832,2024-11-06,C010,P007,Tienda fisica,Confirmada,2,120.22,0.0,62.64,1.32
V04210,2024-12-23,C015,P002,Tienda fisica,Confirmada,4,448.27,0.0,276.97,2.79
V03278,2025-06-26,C029,P006,Tienda fisica,Confirmada,6,70.57,0.1,38.65,1.99
V03124,2024-11-28,C025,P008,Tienda fisica,Confirmada,6,85.94,0.0,47.12,2.93
V02160,2025-04-16,C001,P006,E-commerce,Confirmada,7,70.83,0.0,38.59,47.05
V00565,2025-11-23,C041,P010,E-commerce,Confirmada,  3 ,  36.59 ,0.0,19.2,  13.36 
V02919,2024-04-25,C019,P004,Tienda fisica,Confirmada,2,28.39,0.0,13.29,1.65
V01032,2024-04-27,C056,P005,Tienda fisica,Confirmada,10,94.1,0.0,48.3,1.94
V03603,2024-09-10,C011,P004,Tienda fisica,Confirmada,7,28.71,0.0,13.46,3.74
V00971,2025-06-03,C056,P007,E-commerce,Confirmada,9,130.72,0.05,68.6,40.99
V01523,2025-06-12,C011,P002,E-commerce,Confirmada,3,474.28,0.08,298.4,23.29
V01991,2025-11-12,C055,P004,Tienda fisica,Confirmada,4,30.36,0.05,14.41,2.22
V02496,2025-07-03,C009,P006,Tienda fisica,Confirmada,9,68.81,0.0,38.33,2.65
V03883,2025-12-27,C016,P010,Tienda fisica,Confirmada,3,37.82,0.0,19.48,1.97
V02468,2025-10-14,C035,P008,E-commerce,Confirmada,14,91.52,0.0,52.91,51.71
V05239,2024-03-07,C026,P010,Tienda fisica,Anulada,1,35.18,0.0,17.99,3.35
V02570,2024-07-27,C036,P009,Tienda fisica,Confirmada,1,133.62,0.0,76.37,0.21
V04233,2025-12-20,C023,P004,E-commerce,Confirmada,3,29.47,0.05,14.51,17.23
V01849,2024-09-09,C015,P009,E-commerce,Confirmada,1,129.88,0.1,76.48,21.08
V04862,2025-05-01,C015,P006,Tienda fisica,Confirmada,4,68.54,0.1,38.21,3.18
V04547,2025-09-21,C043,P006,Tienda fisica,Confirmada,9,70.77,0.0,38.72,3.35
V00281,2025-09-14,C006,P002,E-commerce,Confirmada,2,478.92,0.0,301.16,26.62
V04703,2025-06-13,C010,P010,Tienda fisica,Confirmada,  10 ,  36.77 ,0.05,19.28,  3.09 
V01976,2024-07-14,C032,P001,Tienda fisica,Confirmada,8,1230.52,0.0,747.4,2.3
V04603,2024-02-16,C025,P007,Tienda fisica,Confirmada,3,122.52,0.1,64.85,0.63
V04736,2024-05-14,C055,P010,Tienda fisica,Confirmada,1,34.45,0.0,17.61,3.65
V02573,2025-12-22,C033,P007,E-commerce,Confirmada,6,128.42,0.1,70.09,32.19
V02552,2024-04-07,C040,P004,E-commerce,Confirmada,2,28.35,0.0,13.65,21.86
V03104,2024-01-03,C055,P009,E-commerce,Confirmada,21,129.44,0.05,75.14,81.28
V00447,2025-07-12,C022,P005,Tienda fisica,Confirmada,9,99.71,0.0,51.23,0.35
V04840,2025-10-28,C031,P010,E-commerce,Confirmada,3,36.47,0.0,19.69,22.89
V03843,2024-02-18,C011,P005,Tienda fisica,Confirmada,6,97.81,0.0,47.28,1.15
V04471,2025-08-10,C033,P002,E-commerce,Confirmada,4,485.54,0.15,294.53,23.64
V04320,2025-06-18,C031,P008,E-commerce,Confirmada,2,89.47,0.0,52.92,27.96
V00903,2024-09-01,C025,P007,Tienda fisica,Confirmada,2,121.06,0.0,64.37,0.97
V01223,2025-02-22,C023,P010,Tienda fisica,Confirmada,1,36.43,0.0,19.13,0.26
V01380,2025-09-29,C010,P002,E-commerce,Confirmada,9,488.79,0.0,297.04,41.59
V01450,2025-09-29,C006,P003,Tienda fisica,Confirmada,6,1747.08,0.0,1240.9,0.85
V04091,2025-10-27,C010,P002,E-commerce,Confirmada,1,472.6,0.0,291.02,20.5
V00980,2025-02-17,C005,P006,Tienda fisica,Confirmada,  1 ,  70.12 ,0.0,37.72,  2.7 
V03034,2025-03-06,C001,P008,Tienda fisica,Confirmada,2,89.21,0.05,51.51,3.83
V05190,2024-11-10,C016,P004,Tienda fisica,Confirmada,6,27.69,0.0,13.32,2.91
V04984,2025-05-28,C060,P002,Tienda fisica,Confirmada,1,471.11,0.05,295.53,1.79
V03325,2025-10-11,C021,P007,E-commerce,Confirmada,2,129.77,0.0,69.39,27.13
V02820,2024-03-19,C056,P010,E-commerce,Confirmada,3,34.4,0.0,18.09,23.46
V02047,2024-11-07,C034,P006,Tienda fisica,Confirmada,6,64.32,0.0,36.03,0.78
V02087,2025-12-05,C031,P009,Tienda fisica,Confirmada,3,136.18,0.0,82.02,0.3
V00504,2024-05-24,C025,P005,Tienda fisica,Confirmada,10,96.07,0.0,47.4,1.02
V04806,2025-10-19,C028,P009,E-commerce,Confirmada,7,139.95,0.0,84.01,28.39
V01016,2025-05-23,C014,P005,E-commerce,Confirmada,5,98.86,0.05,51.38,27.99
V02258,2025-06-04,C009,P008,Tienda fisica,Confirmada,3,91.19,0.0,51.28,3.97
V05198,2025-08-21,C026,P005,E-commerce,Confirmada,4,102.82,0.08,52.49,38.96
V05037,2025-10-28,C020,P004,Tienda fisica,Confirmada,3,30.03,0.05,14.7,1.54
V02341,2024-12-19,C060,P006,E-commerce,Confirmada,5,65.41,0.0,35.59,20.88
V04836,2024-10-08,C024,P010,E-commerce,Confirmada,3,35.09,0.05,18.12,19.48
V03837,2024-11-28,C032,P008,Tienda fisica,Confirmada,1,84.63,0.0,48.46,3.33
V04065,2024-10-24,C055,P010,E-commerce,Confirmada,  1 ,  35.87 ,0.05,18.03,  27.12 
V01868,2024-06-07,C050,P004,E-commerce,Confirmada,7,28.65,0.0,13.47,25.76
V02403,2024-07-16,C054,P004,E-commerce,Confirmada,1,27.7,0.15,13.35,27.44
V00034,2025-11-06,C060,P002,E-commerce,Confirmada,8,477.62,0.15,295.92,46.56
V03864,2024-11-23,C041,P004,Tienda fisica,Confirmada,7,27.85,0.0,13.68,3.31
V01098,2025-12-03,C024,P004,E-commerce,Confirmada,6,29.47,0.0,14.51,44.54
V01934,2025-05-01,C040,P009,Tienda fisica,Confirmada,5,139.5,0.0,83.86,3.55
V04801,2024-10-22,C047,P004,E-commerce,Confirmada,8,28.48,0.08,13.67,25.89
V03810,2025-05-01,C040,P004,Tienda fisica,Confirmada,11,29.84,0.0,14.31,2.86
V03461,2025-11-30,C028,P002,Tienda fisica,Confirmada,3,485.96,0.1,298.04,3.65
V04360,2024-03-23,C026,P004,Tienda fisica,Confirmada,4,27.63,0.1,13.23,0.11
V04996,2024-06-10,C006,P010,Tienda fisica,Confirmada,4,35.97,0.0,17.6,0.99
V01542,2024-04-10,C030,P010,Tienda fisica,Confirmada,5,35.85,0.0,17.85,2.54
V02634,2024-08-04,C036,P007,E-commerce,Confirmada,2,121.03,0.0,62.66,21.55
V03644,2025-12-05,C034,P007,E-commerce,Confirmada,1,129.66,0.1,67.97,15.96
V00893,2024-12-23,C008,P007,E-commerce,Confirmada,2,117.83,0.0,62.93,23.79
V00615,2024-11-13,C001,P006,E-commerce,Confirmada,5,64.06,0.08,35.57,25.69
V04997,2025-09-20,C041,P005,Tienda fisica,Confirmada,  10 ,  101.94 ,0.0,52.71,  3.24 
V03097,2024-10-26,C010,P001,Tienda fisica,Confirmada,6,1234.55,0.0,744.53,2.94
V03166,2024-07-03,C020,P001,Tienda fisica,Confirmada,3,1207.31,0.0,730.96,0.16
V03246,2024-10-15,C006,P008,E-commerce,Confirmada,2,84.34,0.0,48.19,17.61
V00232,2024-05-23,C005,P008,E-commerce,Confirmada,1,86.35,0.0,47.69,22.86
V04037,2024-07-23,C031,P004,Tienda fisica,Confirmada,8,28.42,0.0,13.33,1.16
V02711,2025-03-31,C044,P004,E-commerce,Confirmada,8,29.86,0.0,14.72,33.12
V02437,2025-03-13,C053,P005,E-commerce,Confirmada,7,100.0,0.15,52.71,29.85
V04534,2025-12-28,C017,P003,Tienda fisica,Confirmada,2,1795.73,0.05,1224.62,0.34
V01788,2025-05-30,C011,P006,Tienda fisica,Confirmada,5,68.73,0.0,39.1,3.98
V05112,2025-10-20,C004,P008,E-commerce,Confirmada,4,88.97,0.1,52.22,17.21
V02196,2025-10-23,C032,P002,Tienda fisica,Confirmada,2,481.32,0.0,295.7,1.23
V03453,2025-08-18,C051,P003,E-commerce,Confirmada,11,1714.61,0.0,1194.72,47.96
V05109,2025-12-25,C006,P004,E-commerce,Confirmada,11,29.2,0.0,14.29,45.53
V00386,2025-12-21,C045,P007,E-commerce,Confirmada,4,129.87,0.1,68.32,22.9
V00680,2025-07-27,C036,P009,E-commerce,Confirmada,1,139.92,0.0,84.16,17.06
V04296,2024-09-28,C006,P004,E-commerce,Confirmada,3,27.57,0.0,13.47,32.21
V03218,2024-08-19,C030,P007,Tienda fisica,Confirmada,  2 ,  123.17 ,0.0,62.36,  0.93 
V02366,2025-04-19,C046,P009,Tienda fisica,Confirmada,3,141.83,0.0,82.24,3.72
V02871,2024-10-08,C010,P002,Tienda fisica,Confirmada,2,463.25,0.0,273.32,3.26
V01459,2024-08-09,C045,P004,E-commerce,Confirmada,2,27.74,0.0,13.23,19.82
V00855,2025-12-11,C039,P001,E-commerce,Confirmada,3,1254.14,0.0,815.65,30.05
V04884,2024-12-09,C035,P005,Tienda fisica,Confirmada,5,94.66,0.0,48.44,3.0
V01989,2024-08-15,C052,P008,E-commerce,Confirmada,6,86.79,0.0,47.77,38.14
V00678,2025-01-19,C018,P009,Tienda fisica,Confirmada,5,138.76,0.0,82.39,2.97
V04979,2025-05-25,C041,P002,E-commerce,Confirmada,5,476.18,0.0,298.56,26.78
V05246,2024-12-07,C030,P009,Tienda fisica,Confirmada,,131.13,0.05,76.22,1.51
V04353,2024-01-08,C056,P010,E-commerce,Confirmada,3,34.66,0.08,18.02,15.55
V04735,2025-12-20,C004,P009,E-commerce,Confirmada,5,140.21,0.05,84.1,32.18
V04746,2024-01-22,C015,P009,E-commerce,Confirmada,1,128.43,0.1,74.63,19.38
V04196,2025-09-06,C009,P009,E-commerce,Confirmada,2,141.82,0.0,82.5,17.31
V04200,2024-01-12,C010,P010,E-commerce,Confirmada,2,35.97,0.0,17.8,22.0
V00952,2025-12-18,C021,P010,Tienda fisica,Confirmada,1,37.27,0.0,19.38,3.63
V00196,2024-06-04,C050,P010,Tienda fisica,Confirmada,2,34.52,0.05,18.1,1.9
V04032,2024-08-12,C054,P004,Tienda fisica,Confirmada,  8 ,  27.74 ,0.0,13.2,  0.58 
V03195,2024-01-18,C051,P008,E-commerce,Confirmada,1,84.94,0.0,48.87,20.02
V02098,2025-02-26,C047,P006,E-commerce,Confirmada,10,70.46,0.0,38.58,28.84
V03981,2024-04-25,C051,P009,Tienda fisica,Confirmada,7,129.82,0.05,76.91,3.49
V04778,2025-10-16,C002,P005,E-commerce,Confirmada,6,101.01,0.15,52.45,24.65
V01145,2024-09-25,C025,P008,Tienda fisica,Confirmada,2,87.5,0.0,47.72,1.39
V01021,2025-12-13,C035,P010,E-commerce,Confirmada,3,38.09,0.05,19.32,24.21
V04658,2025-01-30,C060,P007,E-commerce,Confirmada,1,127.97,0.1,68.83,27.34
V00813,2025-12-27,C033,P010,E-commerce,Confirmada,2,37.53,0.0,19.5,19.63
V05153,2024-10-31,C046,P004,Tienda fisica,Confirmada,10,28.06,0.0,13.45,0.79
V04451,2025-06-28,C053,P010,Tienda fisica,Confirmada,1,38.17,0.0,19.64,1.71
V02852,2025-07-04,C007,P005,E-commerce,Confirmada,8,102.94,0.1,52.09,36.24
V02909,2024-08-09,C007,P001,E-commerce,Confirmada,10,1210.9,0.0,731.29,36.39
V01442,2024-01-24,C015,P007,Tienda fisica,Confirmada,3,120.76,0.1,63.19,2.41
V00137,2024-09-23,C045,P010,Tienda fisica,Confirmada,6,35.21,0.0,17.53,0.32
V02950,2024-03-01,C053,P004,E-commerce,Confirmada,4,28.05,0.15,13.18,30.75
V01627,2025-08-19,C010,P001,Tienda fisica,Confirmada,3,1304.09,0.0,818.32,2.77
V04102,2025-04-13,C012,P006,E-commerce,Confirmada,  5 ,  69.2 ,0.1,38.02,  35.52 
V02387,2024-11-14,C019,P006,Tienda fisica,Confirmada,3,65.11,0.0,35.06,0.4
V03050,2025-06-16,C021,P004,E-commerce,Confirmada,7,29.47,0.05,14.56,38.63
V01320,2025-07-29,C028,P008,E-commerce,Confirmada,1,90.52,0.1,51.22,19.38
V01159,2024-01-31,C045,P004,E-commerce,Confirmada,6,27.74,0.08,13.46,23.75
V04998,2025-07-26,C050,P009,E-commerce,Confirmada,4,137.39,0.05,83.68,30.96
V02185,2024-11-17,C055,P010,Tienda fisica,Confirmada,1,36.05,0.0,17.88,0.41
V04637,2025-07-29,C008,P003,Tienda fisica,Confirmada,1,1779.9,0.05,1235.25,0.19
V03145,2024-07-31,C057,P009,Tienda fisica,Confirmada,3,132.53,0.0,75.12,3.34
V04062,2025-02-19,C042,P008,E-commerce,Confirmada,5,91.27,0.05,52.61,25.76
V02998,2024-06-06,C038,P006,Tienda fisica,Confirmada,28,66.66,0.0,35.45,2.88
V03263,2025-09-14,C015,P009,E-commerce,Confirmada,5,137.11,0.15,83.74,26.58
V05236,2025-10-13,C052,P002,E-commerce,Anulada,4,473.77,0.0,296.27,33.73
V04098,2025-02-02,C006,P004,E-commerce,Confirmada,3,30.03,0.0,14.4,23.35
V04994,2025-12-09,C030,P005,Tienda fisica,Confirmada,11,98.97,0.0,51.52,2.22
V02398,2025-07-04,C025,P008,Tienda fisica,Confirmada,3,89.35,0.0,52.54,1.88
V03706,2025-07-19,C038,P003,Tienda fisica,Confirmada,2,1749.05,0.0,1224.56,2.5
V03465,2024-04-16,C046,P006,Tienda fisica,Confirmada,  6 ,  63.98 ,0.0,35.18,  3.85 
V00216,2024-12-16,C016,P010,Tienda fisica,Confirmada,4,35.5,0.0,17.72,0.63
V01013,2025-06-25,C027,P006,Tienda fisica,Confirmada,1,70.17,0.0,38.88,1.45
V04626,2025-05-18,C016,P007,E-commerce,Confirmada,1,126.47,0.1,70.35,19.07
V00938,2025-03-01,C002,P010,E-commerce,Confirmada,4,36.89,0.05,19.46,24.68
V04617,2025-01-19,C010,P009,E-commerce,Confirmada,4,141.9,0.0,82.15,23.55
V02612,2025-12-21,C011,P005,Tienda fisica,Confirmada,4,103.58,0.0,51.57,2.95
V02939,2024-02-25,C012,P003,E-commerce,Confirmada,4,1693.66,0.0,1133.59,27.65
V02935,2025-11-26,C036,P007,E-commerce,Confirmada,1,129.37,0.0,68.52,15.83
V02988,2025-12-19,C045,P007,Tienda fisica,Confirmada,1,125.08,0.0,67.88,2.32
V01762,2024-08-16,C039,P009,E-commerce,Confirmada,1,132.71,0.08,74.87,25.54
V01402,2024-06-12,C005,P004,Tienda fisica,Confirmada,18,28.06,0.1,13.55,2.99
V04004,2025-03-07,C019,P009,E-commerce,Confirmada,10,139.58,0.0,82.06,29.65
V00213,2024-12-14,C011,P006,Tienda fisica,Confirmada,4,65.11,0.0,35.09,2.57
V01189,2024-10-21,C031,P004,Tienda fisica,Confirmada,5,27.45,0.05,13.42,1.14
V03035,2025-11-20,C051,P004,Tienda fisica,Confirmada,6,30.41,0.0,14.85,3.16
V01084,2025-12-02,C055,P010,E-commerce,Confirmada,4,36.84,0.05,19.2,14.27
V03378,2025-03-19,C037,P009,E-commerce,Confirmada,  2 ,  139.16 ,0.0,81.61,  24.19 
V00412,2025-11-08,C056,P009,E-commerce,Confirmada,2,139.27,0.1,82.77,26.12
V01431,2025-08-17,C046,P008,Tienda fisica,Confirmada,2,88.36,0.0,52.85,1.38
V00454,2025-02-06,C030,P010,Tienda fisica,Confirmada,1,36.42,0.0,19.1,3.93
V01200,2025-07-05,C030,P008,E-commerce,Confirmada,3,92.27,0.1,53.06,21.25
V04393,2024-05-27,C052,P004,E-commerce,Confirmada,6,27.62,0.05,13.49,29.37
V01808,2024-08-02,C040,P002,Tienda fisica,Confirmada,1,447.65,0.0,270.58,1.76
V04949,2025-10-28,C004,P006,E-commerce,Confirmada,8,69.71,0.0,38.13,32.36
V05108,2024-07-27,C010,P010,E-commerce,Confirmada,1,34.37,0.05,18.21,21.45
V00348,2024-01-30,C006,P010,Tienda fisica,Confirmada,2,35.08,0.0,17.9,0.5
V03684,2025-02-27,C044,P004,E-commerce,Confirmada,4,29.83,0.08,14.8,29.48
V02311,2025-09-15,C020,P003,Tienda fisica,Confirmada,1,1791.75,0.0,1220.11,0.35
V01370,2025-11-22,C013,P007,Tienda fisica,Confirmada,2,128.33,0.0,70.01,2.36
V04514,2025-01-01,C049,P010,E-commerce,Confirmada,1,37.67,0.1,19.64,15.45
V00041,2025-06-14,C030,P010,E-commerce,Confirmada,1,36.72,0.0,19.25,14.2
V03204,2024-10-29,C015,P009,Tienda fisica,Confirmada,5,130.03,0.0,77.07,3.71
V01050,2025-07-08,C050,P009,Tienda fisica,Confirmada,3,140.96,0.1,83.77,3.63
V02203,2024-12-05,C051,P008,Tienda fisica,Confirmada,  3 ,  83.84 ,0.05,48.81,  1.16 
V01328,2025-07-07,C008,P006,E-commerce,Confirmada,8,69.66,0.0,39.2,46.92
V04805,2025-11-02,C022,P010,E-commerce,Confirmada,1,36.94,0.0,19.34,19.25
V02656,2024-06-07,C008,P007,E-commerce,Confirmada,3,117.61,0.08,62.95,18.62
V04261,2025-07-23,C036,P004,E-commerce,Confirmada,3,29.84,0.1,14.49,32.51
V02582,2025-03-12,C055,P007,Tienda fisica,Confirmada,3,127.3,0.0,68.39,3.93
V00699,2024-10-17,C054,P008,Tienda fisica,Confirmada,4,84.78,0.0,47.16,3.97
V04948,2024-08-27,C043,P002,Tienda fisica,Confirmada,6,456.36,0.1,271.74,1.28
V03970,2025-11-29,C022,P006,Tienda fisica,Confirmada,5,68.05,0.0,38.56,1.45
V01514,2025-04-22,C035,P010,E-commerce,Confirmada,2,36.4,0.05,19.25,16.57
V03563,2025-09-12,C009,P005,Tienda fisica,Confirmada,7,101.33,0.0,52.57,0.4
V01017,2024-07-19,C009,P010,Tienda fisica,Confirmada,2,35.4,0.0,17.69,1.36
V04708,2024-07-20,C038,P003,E-commerce,Confirmada,4,1637.79,0.15,1139.55,23.79
V04898,2024-07-21,C016,P003,E-commerce,Confirmada,4,1654.31,0.1,1114.67,35.92
V02642,2025-09-19,C055,P009,Tienda fisica,Confirmada,3,136.35,0.0,82.68,0.77
V00688,2025-11-29,C056,P004,E-commerce,Confirmada,5,29.14,0.05,14.6,28.23
V03876,2025-02-01,C015,P003,E-commerce,Confirmada,1,1785.92,0.08,1195.49,24.2
V01571,2025-12-02,C054,P010,Tienda fisica,Confirmada,  3 ,  37.24 ,0.0,19.73,  0.95 
V03916,2024-11-12,C006,P002,E-commerce,Confirmada,10,445.96,0.1,268.16,46.39
V03058,2024-06-04,C025,P008,E-commerce,Confirmada,2,84.82,0.0,48.12,24.48
V04503,2025-06-18,C010,P008,E-commerce,Confirmada,6,90.62,0.05,52.28,33.19
V02873,2025-04-05,C050,P010,Tienda fisica,Confirmada,2,36.73,0.0,19.27,2.88
V00046,2025-05-24,C024,P005,Tienda fisica,Confirmada,9,103.2,0.1,51.67,1.75
V00006,2025-11-22,C055,P009,E-commerce,Confirmada,3,136.23,0.0,83.77,25.97
V01346,2025-04-25,C021,P010,E-commerce,Confirmada,4,36.76,0.0,19.71,21.62
V00230,2024-08-14,C026,P004,Tienda fisica,Confirmada,9,28.64,0.0,13.42,2.37
V04673,2024-11-27,C030,P006,E-commerce,Confirmada,5,66.7,0.0,36.01,33.83
V04557,2025-06-16,C021,P009,E-commerce,Confirmada,4,140.32,0.0,83.57,32.0
V02358,2025-10-22,C051,P004,E-commerce,Confirmada,7,30.22,0.08,14.6,34.98
V01293,2024-08-17,C002,P010,Tienda fisica,Confirmada,7,34.35,0.0,18.07,0.42
V01572,2024-08-30,C035,P005,Tienda fisica,Confirmada,7,94.89,0.0,47.66,0.97
V01543,2025-10-01,C053,P005,Tienda fisica,Confirmada,6,99.75,0.0,52.7,2.82
V01656,2024-03-05,C032,P010,E-commerce,Confirmada,1,35.85,0.05,17.84,12.12
V03426,2024-05-14,C008,P001,Tienda fisica,Confirmada,1,1193.66,0.0,729.86,1.18
V05180,2024-04-04,C045,P004,Tienda fisica,Confirmada,  8 ,  27.95 ,0.0,13.53,  3.04 
V03908,2024-03-02,C036,P001,Tienda fisica,Confirmada,1,1203.94,0.0,748.72,1.14
V04873,2024-08-07,C045,P006,Tienda fisica,Confirmada,8,65.57,0.0,35.63,2.58
V05201,2024-07-25,C016,P008,Tienda fisica,Anulada,3,86.03,0.0,48.36,0.29
V01152,2025-12-08,C057,P008,Tienda fisica,Confirmada,2,89.73,0.0,52.8,3.74
V02379,2025-10-08,C009,P005,E-commerce,Confirmada,3,99.79,0.05,51.3,20.54
V03867,2024-10-13,C020,P004,Tienda fisica,Confirmada,5,28.37,0.0,13.24,1.76
V02855,2025-09-09,C036,P002,E-commerce,Confirmada,1,488.77,0.0,296.24,23.47
V01990,2025-10-15,C041,P010,Tienda fisica,Confirmada,3,38.04,0.0,19.68,1.55
V05049,2025-04-28,C045,P001,Tienda fisica,Confirmada,5,1266.02,0.0,806.25,0.16
V00267,2025-03-18,C018,P005,Tienda fisica,Confirmada,8,101.86,0.0,52.57,1.29
V03498,2024-11-30,C041,P007,Tienda fisica,Confirmada,1,123.32,0.0,64.34,0.77
V04707,2025-08-25,C036,P004,Tienda fisica,Confirmada,7,30.0,0.0,14.72,3.75
V04385,2025-07-01,C020,P007,Tienda fisica,Confirmada,4,128.06,0.0,68.97,3.52
V00588,2025-05-22,C011,P010,Tienda fisica,Confirmada,1,36.93,0.0,19.28,0.48
V01862,2024-11-24,C043,P004,Tienda fisica,Confirmada,9,28.37,0.1,13.52,3.63
V02715,2025-10-31,C021,P002,E-commerce,Confirmada,4,471.51,0.08,295.4,25.55
V00143,2025-12-12,C002,P005,Tienda fisica,Confirmada,  5 ,  100.2 ,0.0,51.43,  1.41 
V02691,2025-08-24,C017,P006,Tienda fisica,Confirmada,5,67.92,0.0,38.83,2.02
V02866,2025-01-10,C046,P002,E-commerce,Confirmada,1,481.61,0.05,290.22,28.2
V03175,2025-08-15,C037,P005,E-commerce,Confirmada,5,100.43,0.0,52.33,29.39
V02104,2024-02-24,C046,P001,E-commerce,Confirmada,3,1234.55,0.08,752.15,19.04
V04119,2025-03-30,C035,P005,Tienda fisica,Confirmada,2,99.8,0.0,51.91,0.91
V03829,2024-04-17,C013,P006,E-commerce,Confirmada,7,66.63,0.08,35.93,34.46
V02521,2025-04-26,C051,P006,Tienda fisica,Confirmada,7,70.34,0.0,38.68,2.58
V04698,2025-11-29,C008,P008,Tienda fisica,Confirmada,4,89.03,0.0,51.17,0.28
V03942,2024-10-04,C054,P004,Tienda fisica,Confirmada,3,27.6,0.0,13.52,2.62
V03676,2025-09-16,C010,P001,Tienda fisica,Confirmada,4,1255.64,0.0,818.47,1.19
V00003,2025-12-13,C057,P004,Tienda fisica,Confirmada,5,30.27,0.0,14.42,3.17
V00254,2024-12-28,C010,P007,Tienda fisica,Confirmada,1,119.07,0.0,64.61,1.27
V04323,2024-12-13,C032,P002,Tienda fisica,Confirmada,1,445.44,0.0,271.56,3.6
V04903,2024-07-21,C031,P004,Tienda fisica,Confirmada,8,27.57,0.0,13.47,2.7
V03602,2025-12-15,C026,P004,Tienda fisica,Confirmada,3,30.57,0.0,14.35,0.28
V00501,2024-02-08,C050,P006,Tienda fisica,Confirmada,4,66.2,0.0,35.26,3.53
V05196,2025-12-02,C045,P009,E-commerce,Confirmada,  1 ,  136.27 ,0.0,83.07,  20.05 
V03297,2025-07-11,C040,P007,Tienda fisica,Confirmada,1,124.91,0.0,69.14,3.57
V02708,2025-01-02,C005,P006,E-commerce,Confirmada,1,68.51,0.1,39.17,27.29
V03416,2024-09-22,C025,P008,Tienda fisica,Confirmada,1,85.79,0.1,48.77,1.93
V01020,2024-01-14,C031,P010,Tienda fisica,Confirmada,5,35.87,0.0,17.73,2.23
V05062,2025-12-08,C004,P004,E-commerce,Confirmada,2,29.25,0.15,14.46,24.03
V04577,2025-05-28,C041,P004,E-commerce,Confirmada,5,29.64,0.0,14.59,24.11
V00294,2025-03-20,C015,P004,E-commerce,Confirmada,4,30.05,0.08,14.7,29.0
V04826,2024-03-10,C037,P004,Tienda fisica,Confirmada,9,28.03,0.0,13.55,2.05
V01881,2024-12-04,C049,P005,Tienda fisica,Confirmada,4,96.9,0.0,48.91,1.91
V01566,2024-10-16,C025,P007,E-commerce,Confirmada,3,120.5,0.0,64.45,26.47
V00317,2025-05-09,C049,P006,Tienda fisica,Confirmada,6,68.12,0.0,38.51,3.7
V05233,2024-12-14,C035,P004,E-commerce,Anulada,6,28.46,0.0,13.49,19.84
V04966,2024-05-28,C031,P008,E-commerce,Confirmada,5,85.32,0.08,48.18,28.67
V04268,2025-08-22,C041,P009,Tienda fisica,Confirmada,2,141.79,0.0,83.42,2.86
V02009,2024-11-11,C051,P001,E-commerce,Confirmada,2,1228.13,0.0,754.7,25.14
V00073,2024-07-27,C036,P010,E-commerce,Confirmada,5,35.72,0.1,18.04,29.21
V03445,2025-08-29,C015,P010,E-commerce,Confirmada,  3 ,  36.49 ,0.0,19.29,  21.82 
V02115,2024-10-07,C034,P004,E-commerce,Confirmada,8,28.58,0.0,13.62,25.12
V05156,2025-10-05,C045,P004,Tienda fisica,Confirmada,12,29.9,0.0,14.87,1.14
V04238,2024-05-09,C042,P007,Tienda fisica,Confirmada,1,123.0,0.0,64.84,2.94
V00532,2024-10-04,C005,P004,Tienda fisica,Confirmada,1,28.21,0.0,13.34,2.28
V03081,2024-05-07,C050,P002,E-commerce,Confirmada,8,459.82,0.0,271.72,39.27
V01237,2025-05-10,C002,P002,E-commerce,Confirmada,3,490.96,0.15,299.77,15.12
V00098,2024-12-19,C020,P010,Tienda fisica,Confirmada,3,34.52,0.0,17.57,0.67
V03227,2025-01-03,C034,P007,E-commerce,Confirmada,3,124.7,0.0,67.99,16.97
V03872,2025-11-21,C010,P004,Tienda fisica,Confirmada,7,29.2,0.0,14.62,0.47
V03434,2024-11-15,C013,P010,Tienda fisica,Confirmada,2,35.82,0.05,17.77,3.57
V03597,2024-07-03,C056,P006,E-commerce,Confirmada,6,65.27,0.15,35.99,32.64
V05083,2025-03-05,C040,P004,Tienda fisica,Confirmada,8,29.11,0.0,14.61,0.09
V04164,2025-11-09,C020,P009,Tienda fisica,Confirmada,6,136.92,0.0,83.01,0.44
V03561,2024-03-28,C023,P007,Tienda fisica,Confirmada,1,119.79,0.1,64.65,0.74
V00844,2024-01-29,C040,P010,Tienda fisica,Confirmada,6,35.37,0.0,17.66,3.82
V00721,2024-05-13,C011,P005,Tienda fisica,Confirmada,9,97.12,0.0,47.48,3.73
V03766,2025-11-25,C025,P006,E-commerce,Confirmada,  6 ,  67.88 ,0.05,39.0,  26.26 
V01898,2024-04-06,C024,P006,Tienda fisica,Confirmada,1,66.77,0.0,35.97,3.93
V03111,2025-03-14,C053,P007,Tienda fisica,Confirmada,5,130.17,0.0,69.16,3.54
V01111,2025-12-15,C007,P002,Tienda fisica,Confirmada,21,477.69,0.0,289.53,3.12
V02738,2024-10-14,C007,P007,Tienda fisica,Confirmada,1,120.99,0.1,64.04,3.26
V04414,2025-06-03,C051,P004,Tienda fisica,Confirmada,8,29.72,0.1,14.59,2.98
V02322,2025-04-19,C016,P010,E-commerce,Confirmada,8,38.11,0.08,19.24,37.9
V02511,2024-02-19,C048,P005,Tienda fisica,Confirmada,3,95.59,0.0,47.14,3.85
V04916,2024-08-08,C024,P004,Tienda fisica,Confirmada,1,27.57,0.0,13.66,3.04
V02632,2025-01-25,C042,P008,Tienda fisica,Confirmada,2,90.78,0.0,52.02,1.63
V03532,2024-12-17,C006,P005,E-commerce,Confirmada,5,93.67,0.15,47.46,23.72
V02099,2025-11-10,C033,P005,Tienda fisica,Confirmada,1,103.55,0.0,52.95,2.35
V03464,2025-08-03,C011,P009,Tienda fisica,Confirmada,3,136.39,0.0,83.62,3.94
V04627,2025-11-28,C050,P010,Tienda fisica,Confirmada,1,36.49,0.0,19.04,3.38
V01413,2024-03-29,C054,P008,Tienda fisica,Confirmada,12,84.25,0.0,47.42,1.48
V04291,2024-08-14,C015,P010,E-commerce,Confirmada,1,35.07,0.0,17.76,23.24
V02427,2025-03-23,C056,P005,E-commerce,Confirmada,5,100.59,0.05,51.7,41.92
V03935,2024-12-07,C007,P009,E-commerce,Confirmada,  2 ,  132.46 ,0.15,76.25,  24.19 
V02824,2025-11-23,C050,P008,E-commerce,Confirmada,27,89.73,0.08,52.6,43.0
V02801,2025-05-08,C045,P004,E-commerce,Confirmada,6,29.51,0.0,14.87,29.0
V04660,2025-01-29,C010,P005,E-commerce,Confirmada,3,101.75,0.15,51.18,16.5
V02740,2024-06-30,C026,P007,Tienda fisica,Confirmada,1,119.86,0.1,63.51,2.99
V03354,2025-06-17,C037,P008,Tienda fisica,Confirmada,6,91.43,0.1,51.34,3.51
V01929,2025-01-23,C004,P006,E-commerce,Confirmada,7,69.4,0.1,37.82,30.99
V04101,2024-09-03,C026,P004,E-commerce,Confirmada,10,28.5,0.0,13.58,44.3
V00215,2024-04-07,C025,P008,Tienda fisica,Confirmada,1,84.74,0.0,48.16,1.16
V01362,2025-01-03,C010,P004,E-commerce,Confirmada,5,29.36,0.0,14.57,24.69
V03001,2024-10-15,C028,P004,Tienda fisica,Confirmada,9,28.3,0.0,13.18,2.64
V01804,2025-10-14,C035,P002,Tienda fisica,Confirmada,1,490.92,0.0,290.76,0.29
V02094,2025-05-03,C037,P010,E-commerce,Confirmada,6,36.99,0.1,19.54,27.92
V02754,2025-12-25,C011,P003,Tienda fisica,Confirmada,3,1741.0,0.1,1205.52,2.87
V01041,2024-12-23,C044,P002,Tienda fisica,Confirmada,1,458.42,0.0,275.38,1.14
V00283,2024-03-10,C005,P006,E-commerce,Confirmada,8,64.11,0.0,34.81,20.17
V05251,2024-05-11,,P003,E-commerce,Confirmada,1,1693.62,0.1,1131.29,18.07
V03733,2025-09-13,C055,P009,Tienda fisica,Confirmada,  4 ,  140.46 ,0.0,81.92,  2.08 
V04849,2025-10-01,C025,P003,Tienda fisica,Confirmada,12,1800.39,0.0,1195.45,2.28
V02932,2025-09-04,C005,P006,Tienda fisica,Confirmada,5,69.12,0.0,38.41,3.41
V00826,2025-07-16,C024,P008,E-commerce,Confirmada,6,88.53,0.15,53.08,31.67
V01649,2025-07-03,C008,P007,Tienda fisica,Confirmada,10,125.82,0.1,68.61,2.41
V05226,2025-05-20,C029,P004,Tienda fisica,Anulada,2,29.38,0.1,14.43,2.03
V01313,2025-09-30,C059,P006,E-commerce,Confirmada,9,69.71,0.05,37.85,31.36
V01335,2025-06-18,C005,P006,Tienda fisica,Confirmada,4,68.24,0.0,37.93,3.07
V01590,2024-04-05,C051,P006,Tienda fisica,Confirmada,5,64.83,0.0,35.76,2.29
V01678,2025-09-14,C020,P003,E-commerce,Confirmada,1,1798.87,0.05,1222.52,26.74
V04188,2024-11-14,C040,P008,Tienda fisica,Confirmada,1,83.41,0.0,47.96,1.24
V00405,2024-12-26,C056,P009,Tienda fisica,Confirmada,1,129.5,0.0,76.08,0.93
V02548,2025-01-18,C046,P007,Tienda fisica,Confirmada,2,129.54,0.0,67.98,0.38
V01722,2024-08-07,C018,P005,Tienda fisica,Confirmada,6,96.17,0.1,47.83,0.06
V04289,2025-08-08,C054,P009,E-commerce,Confirmada,3,138.42,0.15,82.92,20.0
V02789,2025-12-11,C023,P008,Tienda fisica,Confirmada,1,90.83,0.0,52.85,0.94
V01673,2024-09-05,C017,P010,Tienda fisica,Confirmada,1,34.31,0.0,17.7,2.88
V01737,2025-08-22,C031,P010,E-commerce,Confirmada,  2 ,  37.42 ,0.0,19.56,  14.13 
V02751,2025-10-31,C016,P008,Tienda fisica,Confirmada,5,90.09,0.0,51.4,1.41
V02194,2024-02-10,C047,P005,Tienda fisica,Confirmada,6,94.95,0.05,47.29,0.29
V04578,2024-11-17,C037,P001,Tienda fisica,Confirmada,1,1226.4,0.0,758.76,1.02
V00913,2025-06-07,C019,P010,E-commerce,Confirmada,5,37.6,0.05,19.41,33.29
V04458,2024-12-15,C042,P008,E-commerce,Confirmada,1,87.0,0.05,48.44,17.76
V00308,2025-12-17,C030,P009,E-commerce,Confirmada,1,140.84,0.1,83.29,20.5
V01757,2025-10-06,C016,P005,E-commerce,Confirmada,6,103.05,0.0,52.77,32.74
V02643,2024-09-05,C048,P008,E-commerce,Confirmada,2,84.37,0.0,48.0,29.38
V01482,2025-07-16,C047,P010,Tienda fisica,Confirmada,1,36.95,0.0,19.33,3.43
V00765,2024-10-18,C049,P005,Tienda fisica,Confirmada,15,95.1,0.0,47.05,1.9
V02704,2025-03-03,C006,P001,E-commerce,Confirmada,1,1258.23,0.1,811.86,13.31
V04610,2024-03-12,C023,P005,E-commerce,Confirmada,4,95.94,0.1,48.6,19.89
V04053,2024-05-01,C057,P002,E-commerce,Confirmada,1,457.77,0.15,276.8,21.23
V04928,2025-03-25,C001,P009,Tienda fisica,Confirmada,1,138.05,0.0,82.18,0.37
V01422,2024-01-02,C021,P002,Tienda fisica,Confirmada,2,447.26,0.0,270.54,0.06
V00116,2025-01-11,C038,P008,Tienda fisica,Confirmada,3,91.13,0.05,51.15,2.06
V04704,2024-03-26,C060,P003,Tienda fisica,Confirmada,  2 ,  1677.96 ,0.0,1138.78,  1.37 
V03449,2025-11-23,C053,P008,E-commerce,Confirmada,3,91.65,0.0,51.97,19.04
V01794,2024-06-09,C016,P006,Tienda fisica,Confirmada,6,65.58,0.0,35.85,3.12
V02821,2024-04-25,C039,P002,Tienda fisica,Confirmada,2,444.05,0.0,267.02,1.87
V05268,2025-01-26,C045,P008,E-commerce,Confirmada,,89.94,0.05,51.28,39.17
V04613,2025-04-14,C036,P004,Tienda fisica,Confirmada,8,30.06,0.05,14.65,3.39
V02723,2025-03-23,C047,P010,E-commerce,Confirmada,7,37.8,0.0,19.23,35.75
V03698,2024-04-06,C028,P005,Tienda fisica,Confirmada,7,93.11,0.05,48.65,2.1
V03186,2025-07-13,C059,P005,Tienda fisica,Confirmada,5,99.38,0.0,52.54,3.81
V01901,2025-04-01,C048,P002,E-commerce,Confirmada,5,489.4,0.15,294.06,40.26
V00506,2025-10-25,C041,P009,E-commerce,Confirmada,3,140.72,0.0,83.34,26.96
V00435,2024-11-21,C006,P006,Tienda fisica,Confirmada,2,66.75,0.0,35.88,3.27
V04830,2024-11-05,C050,P005,Tienda fisica,Confirmada,2,94.27,0.0,48.35,3.68
V04843,2024-12-07,C023,P002,Tienda fisica,Confirmada,7,451.14,0.0,268.77,1.84
V01635,2025-05-16,C030,P004,E-commerce,Confirmada,7,29.43,0.0,14.77,31.33
V01998,2025-01-10,C001,P010,Tienda fisica,Confirmada,4,37.93,0.0,19.31,3.66
V02646,2024-05-26,C013,P001,Tienda fisica,Confirmada,3,1205.08,0.05,742.18,1.2
V00990,2024-08-30,C034,P010,Tienda fisica,Confirmada,  1 ,  34.67 ,0.0,17.76,  3.79 
V02060,2025-11-12,C043,P010,E-commerce,Confirmada,3,36.41,0.0,19.11,34.02
V02446,2025-08-17,C002,P001,E-commerce,Confirmada,5,1290.74,0.05,796.13,28.14
V02613,2024-08-09,C012,P010,E-commerce,Confirmada,3,34.76,0.0,17.62,19.81
V00665,2025-07-21,C039,P007,E-commerce,Confirmada,2,125.52,0.0,67.85,30.75
V04146,2024-06-16,C049,P006,Tienda fisica,Confirmada,12,64.13,0.0,35.73,3.43
V00761,2024-02-04,C009,P002,Tienda fisica,Confirmada,1,449.35,0.0,272.23,3.35
V02260,2024-01-28,C040,P009,Tienda fisica,Confirmada,2,129.04,0.0,76.91,2.25
V00229,2024-12-17,C050,P009,Tienda fisica,Confirmada,3,128.04,0.0,75.26,3.7
V02050,2025-11-14,C040,P004,E-commerce,Confirmada,9,29.78,0.0,14.34,44.95
V00807,2025-12-14,C031,P008,E-commerce,Confirmada,1,90.76,0.1,51.42,19.94
V01828,2024-12-04,C015,P008,Tienda fisica,Confirmada,5,86.87,0.0,48.69,3.36
V01419,2024-11-23,C053,P001,Tienda fisica,Confirmada,3,1234.39,0.0,740.67,1.23
V01583,2024-06-12,C007,P010,E-commerce,Confirmada,5,34.6,0.0,17.57,23.54
V03673,2024-11-12,C022,P010,E-commerce,Confirmada,2,35.47,0.0,17.96,18.76
V02217,2025-04-26,C053,P001,Tienda fisica,Confirmada,2,1261.36,0.0,819.13,3.77
V04679,2025-12-12,C031,P010,E-commerce,Confirmada,8,37.9,0.15,19.7,35.98
V02965,2025-10-17,C017,P010,Tienda fisica,Confirmada,  7 ,  37.02 ,0.0,19.7,  3.36 
V05151,2024-12-10,C039,P007,E-commerce,Confirmada,3,123.24,0.08,64.25,19.86
V00578,2025-07-13,C014,P007,Tienda fisica,Confirmada,9,126.88,0.05,68.21,3.84
V00315,2025-03-27,C010,P004,Tienda fisica,Confirmada,3,29.58,0.0,14.5,0.7
V00757,2025-07-01,C051,P004,Tienda fisica,Confirmada,5,30.32,0.0,14.45,2.95
V00070,2024-11-15,C025,P009,Tienda fisica,Confirmada,4,130.33,0.1,75.81,2.24
V02410,2024-11-05,C016,P002,Tienda fisica,Confirmada,2,456.91,0.0,272.33,0.07
V00068,2025-12-15,C046,P004,E-commerce,Confirmada,2,30.27,0.15,14.31,18.88
V00951,2025-07-28,C030,P006,Tienda fisica,Confirmada,2,70.72,0.1,38.05,3.7
V01018,2024-11-05,C060,P004,E-commerce,Confirmada,2,28.74,0.1,13.46,27.71
V01703,2025-11-04,C022,P005,E-commerce,Confirmada,7,103.04,0.0,51.14,39.77
V05012,2025-10-10,C016,P004,E-commerce,Confirmada,7,29.78,0.0,14.53,42.47
V02833,2025-07-05,C011,P010,E-commerce,Confirmada,3,36.4,0.0,18.99,25.3
V00480,2025-05-20,C029,P004,Tienda fisica,Confirmada,2,29.38,0.1,14.43,2.03
V03258,2024-08-09,C051,P006,Tienda fisica,Confirmada,7,64.73,0.0,36.09,1.34
V02451,2024-05-13,C021,P010,Tienda fisica,Confirmada,3,34.96,0.05,17.99,1.09
V00517,2025-03-08,C052,P008,E-commerce,Confirmada,3,88.52,0.08,51.63,29.85
V05163,2025-03-30,C018,P010,Tienda fisica,Confirmada,  1 ,  38.18 ,0.05,19.18,  3.29 
V04362,2025-08-20,C030,P005,Tienda fisica,Confirmada,8,99.68,0.0,51.39,2.34
V00569,2024-12-12,C053,P006,Tienda fisica,Confirmada,6,66.7,0.0,36.04,0.16
V04336,2024-11-30,C041,P004,Tienda fisica,Confirmada,9,28.06,0.05,13.28,1.13
V03775,2024-11-22,C008,P008,Tienda fisica,Confirmada,3,86.63,0.0,48.68,2.95
V05073,2025-10-10,C003,P001,E-commerce,Confirmada,2,1270.96,0.05,817.4,27.28
V01324,2024-12-24,C047,P007,E-commerce,Confirmada,2,122.15,0.0,64.57,13.88
V04022,2025-01-17,C010,P006,Tienda fisica,Confirmada,8,69.39,0.0,38.19,0.56
V01699,2024-04-30,C055,P009,E-commerce,Confirmada,1,131.43,0.0,74.77,12.86
V04186,2024-06-23,C006,P006,Tienda fisica,Confirmada,2,63.91,0.0,35.42,0.97
V00785,2025-10-13,C054,P002,Tienda fisica,Confirmada,2,482.52,0.05,299.73,1.59
V00912,2024-12-14,C045,P003,Tienda fisica,Confirmada,1,1659.13,0.0,1115.59,1.02
V02620,2025-08-14,C040,P008,E-commerce,Confirmada,2,92.64,0.0,52.31,14.57
V02012,2024-02-25,C009,P009,E-commerce,Confirmada,1,129.6,0.1,77.08,15.73
V04201,2025-04-17,C035,P004,E-commerce,Confirmada,10,29.66,0.0,14.83,44.65
V04043,2025-02-10,C050,P006,Tienda fisica,Confirmada,3,70.61,0.0,37.79,3.99
V04663,2024-02-07,C052,P001,E-commerce,Confirmada,5,1177.85,0.08,741.78,33.87
V03442,2024-09-17,C028,P008,E-commerce,Confirmada,  2 ,  84.49 ,0.08,48.54,  12.46 
V01451,2025-06-11,C025,P004,E-commerce,Confirmada,1,29.43,0.08,14.39,10.68
V04971,2024-01-09,C014,P006,Tienda fisica,Confirmada,8,65.72,0.0,35.67,0.94
V01057,2025-07-29,C055,P009,Tienda fisica,Confirmada,5,136.98,0.0,83.7,0.97
V02466,2025-05-17,C031,P001,Tienda fisica,Confirmada,2,1287.95,0.0,817.4,3.82
V05120,2025-01-08,C060,P010,Tienda fisica,Confirmada,6,38.07,0.0,19.31,1.13
V04525,2024-10-03,C051,P002,E-commerce,Confirmada,2,459.74,0.15,268.5,23.14
V02086,2024-06-30,C041,P008,Tienda fisica,Confirmada,2,84.35,0.0,48.18,3.81
V02205,2025-08-01,C036,P010,Tienda fisica,Confirmada,1,37.51,0.0,19.49,2.94
V00130,2024-09-16,C020,P007,Tienda fisica,Confirmada,5,119.3,0.05,62.53,2.51
V01867,2024-03-03,C018,P004,Tienda fisica,Confirmada,9,27.8,0.0,13.44,2.2
V02084,2024-02-21,C018,P008,E-commerce,Confirmada,1,86.49,0.08,48.62,22.04
V04621,2024-12-11,C021,P002,E-commerce,Confirmada,1,456.31,0.15,274.98,18.02
V00486,2025-04-25,C016,P004,E-commerce,Confirmada,7,29.39,0.1,14.51,30.58
V05261,2024-03-11,,P002,E-commerce,Confirmada,2,449.0,0.08,274.94,25.9
V02116,2024-11-26,C020,P002,Tienda fisica,Confirmada,5,442.21,0.0,270.94,2.81
V01126,2025-12-31,C029,P008,E-commerce,Confirmada,2,89.08,0.15,51.09,21.3
V04678,2025-05-09,C055,P005,Tienda fisica,Confirmada,  2 ,  99.64 ,0.0,52.57,  3.03 
V04717,2025-10-12,C001,P007,Tienda fisica,Confirmada,4,129.77,0.0,69.3,3.33
V02073,2024-11-24,C052,P006,Tienda fisica,Confirmada,4,66.26,0.0,35.8,1.97
V01832,2025-07-22,C045,P008,E-commerce,Confirmada,7,92.39,0.08,52.16,25.97
V00207,2024-12-20,C057,P008,E-commerce,Confirmada,16,85.88,0.0,47.41,58.88
V01706,2025-06-06,C050,P010,E-commerce,Confirmada,1,36.52,0.0,19.02,19.08
V03858,2024-07-17,C005,P002,Tienda fisica,Confirmada,7,462.31,0.0,266.99,0.32
V04189,2024-10-01,C027,P008,Tienda fisica,Confirmada,2,85.97,0.0,48.69,2.28
V02037,2025-05-30,C010,P004,E-commerce,Confirmada,3,30.42,0.0,14.65,31.24
V00541,2024-11-13,C003,P006,Tienda fisica,Confirmada,7,65.03,0.0,34.77,1.02
V03358,2024-05-29,C054,P002,Tienda fisica,Confirmada,1,462.87,0.0,271.61,0.98
V04797,2024-05-09,C035,P004,E-commerce,Confirmada,8,28.7,0.1,13.18,40.16
V04337,2024-12-05,C050,P001,E-commerce,Confirmada,6,1177.03,0.1,731.18,26.99
V00597,2025-05-09,C055,P010,E-commerce,Confirmada,12,37.87,0.0,18.99,43.41
V05004,2025-06-22,C010,P005,E-commerce,Confirmada,11,101.14,0.0,51.55,53.03
V01282,2025-04-18,C020,P009,E-commerce,Confirmada,3,136.87,0.0,83.33,22.31
V04115,2024-12-04,C055,P010,Tienda fisica,Confirmada,1,34.59,0.05,17.57,0.4
V02755,2025-08-24,C007,P006,Tienda fisica,Confirmada,  9 ,  70.49 ,0.0,38.25,  2.71 
V00031,2025-01-22,C020,P010,Tienda fisica,Confirmada,4,38.17,0.0,19.46,1.95
V00436,2025-12-21,C017,P005,Tienda fisica,Confirmada,8,101.46,0.0,52.62,1.33
V01383,2024-03-02,C014,P001,E-commerce,Confirmada,1,1178.05,0.1,742.47,13.33
V03346,2025-12-18,C052,P004,E-commerce,Confirmada,8,29.97,0.0,14.71,43.36
V00239,2025-11-19,C003,P004,Tienda fisica,Confirmada,2,30.35,0.0,14.36,3.54
V01154,2024-07-11,C025,P001,Tienda fisica,Confirmada,2,1211.81,0.0,757.3,3.71
V04020,2024-09-15,C010,P010,Tienda fisica,Confirmada,2,35.64,0.0,17.65,2.89
V02816,2025-03-26,C020,P004,E-commerce,Confirmada,11,30.04,0.0,14.38,55.18
V03937,2024-02-28,C024,P005,Tienda fisica,Confirmada,9,94.11,0.0,48.75,1.02
V01390,2025-06-20,C037,P006,E-commerce,Confirmada,5,70.55,0.1,38.16,26.79
V01525,2024-11-21,C006,P010,Tienda fisica,Confirmada,1,35.93,0.05,17.54,3.67
V00473,2024-12-24,C025,P007,Tienda fisica,Confirmada,2,119.11,0.0,64.19,1.47
V01255,2025-08-12,C001,P008,E-commerce,Confirmada,2,88.92,0.0,52.26,23.05
V03579,2025-11-05,C042,P009,E-commerce,Confirmada,1,135.47,0.0,81.5,13.88
V04161,2025-02-10,C045,P007,E-commerce,Confirmada,4,126.74,0.0,67.7,26.64
V04538,2025-09-21,C036,P004,E-commerce,Confirmada,7,30.4,0.0,14.67,30.89
V02367,2025-09-22,C010,P007,Tienda fisica,Confirmada,  3 ,  129.16 ,0.0,69.95,  3.48 
V02515,2025-05-04,C035,P008,Tienda fisica,Confirmada,6,89.75,0.0,51.81,2.95
V01193,2025-08-22,C021,P009,Tienda fisica,Confirmada,3,136.86,0.0,82.76,1.48
V02510,2025-03-06,C045,P005,E-commerce,Confirmada,13,103.36,0.1,51.88,52.18
V04894,2024-07-25,C023,P009,Tienda fisica,Confirmada,5,133.41,0.0,76.66,2.11
V02786,2024-01-01,C031,P006,Tienda fisica,Confirmada,12,65.65,0.0,35.25,1.28
V04883,2024-11-21,C060,P004,Tienda fisica,Confirmada,2,28.75,0.0,13.49,2.01
V02915,2025-05-24,C038,P006,Tienda fisica,Confirmada,8,67.57,0.0,37.76,1.55
V03852,2025-11-04,C050,P007,E-commerce,Confirmada,4,125.38,0.0,69.08,36.9
V01142,2024-12-25,C011,P005,Tienda fisica,Confirmada,1,95.2,0.0,47.29,2.45
V02239,2024-11-09,C046,P008,E-commerce,Confirmada,1,83.98,0.05,47.65,19.18
V02350,2024-12-21,C003,P004,Tienda fisica,Confirmada,12,27.81,0.0,13.54,1.25
V00710,2025-10-04,C022,P009,E-commerce,Confirmada,3,135.07,0.0,83.29,18.35
V00545,2025-12-25,C036,P004,Tienda fisica,Confirmada,6,30.15,0.0,14.46,1.59
V01372,2024-08-11,C051,P004,Tienda fisica,Confirmada,7,28.71,0.0,13.18,2.54
V02519,2025-06-16,C031,P006,E-commerce,Confirmada,4,68.87,0.08,38.74,22.44
V03386,2025-05-10,C056,P008,Tienda fisica,Confirmada,3,91.24,0.1,52.28,2.94
V02766,2025-03-22,C036,P004,Tienda fisica,Confirmada,  15 ,  30.13 ,0.0,14.62,  2.07 
V05164,2024-09-21,C035,P008,Tienda fisica,Confirmada,1,86.8,0.0,48.44,2.3
V00954,2025-05-13,C047,P009,Tienda fisica,Confirmada,1,141.72,0.0,81.25,2.76
V01099,2024-09-24,C030,P009,E-commerce,Confirmada,4,132.71,0.08,76.89,22.56
V00679,2025-12-11,C032,P002,E-commerce,Confirmada,1,485.66,0.0,293.11,24.55
V02052,2025-05-23,C015,P010,E-commerce,Confirmada,3,37.34,0.05,19.15,20.94
V00738,2024-02-21,C005,P002,Tienda fisica,Confirmada,2,448.92,0.0,273.41,3.27
V02518,2024-01-29,C060,P008,Tienda fisica,Confirmada,2,86.89,0.0,48.25,3.93
V01170,2025-12-10,C005,P005,E-commerce,Confirmada,7,101.72,0.0,52.4,29.34
V01478,2024-09-14,C055,P001,Tienda fisica,Confirmada,1,1176.87,0.0,735.55,0.07
V00134,2025-10-27,C037,P009,Tienda fisica,Confirmada,1,138.84,0.0,84.03,0.68
V03393,2024-01-30,C054,P005,E-commerce,Confirmada,10,95.21,0.0,47.57,45.33
V02276,2024-04-24,C021,P004,Tienda fisica,Confirmada,5,28.58,0.0,13.31,2.77
V01612,2024-07-05,C025,P006,Tienda fisica,Confirmada,2,66.28,0.0,35.91,3.83
V01643,2025-07-08,C044,P001,Tienda fisica,Confirmada,3,1271.51,0.0,805.97,1.93
V02967,2025-11-16,C015,P007,E-commerce,Confirmada,1,124.83,0.0,67.69,17.65
V03163,2024-11-08,C027,P004,Tienda fisica,Confirmada,4,28.39,0.0,13.58,2.67
V03212,2025-07-02,C027,P006,Tienda fisica,Confirmada,  3 ,  69.79 ,0.0,38.64,  3.51 
V00949,2025-07-01,C038,P001,E-commerce,Confirmada,10,1300.43,0.0,802.29,46.51
V01676,2024-10-01,C030,P010,Tienda fisica,Confirmada,6,35.29,0.05,18.02,0.19
V01065,2025-10-09,C011,P010,Tienda fisica,Confirmada,4,36.4,0.0,19.69,1.77
V03417,2025-06-20,C010,P008,E-commerce,Confirmada,2,91.17,0.0,51.4,13.93
V03601,2024-05-17,C015,P009,E-commerce,Confirmada,3,132.38,0.1,75.35,21.81
V00321,2025-11-15,C053,P008,E-commerce,Confirmada,2,89.56,0.08,52.38,21.47
V04738,2025-12-31,C060,P007,Tienda fisica,Confirmada,2,125.92,0.0,69.14,3.94
V04122,2024-12-01,C020,P003,Tienda fisica,Confirmada,10,1680.65,0.0,1124.32,2.05
V03842,2024-10-30,C020,P009,E-commerce,Confirmada,1,131.29,0.1,74.94,14.13
V00964,2025-12-24,C045,P004,E-commerce,Confirmada,6,29.34,0.15,14.51,37.06
V04841,2025-07-01,C033,P006,E-commerce,Confirmada,7,68.91,0.05,38.81,29.55
V01325,2025-07-26,C011,P010,Tienda fisica,Confirmada,1,37.18,0.0,19.38,1.6
V04456,2025-10-05,C045,P010,E-commerce,Confirmada,11,37.65,0.08,19.3,43.07
V02150,2024-08-04,C038,P002,E-commerce,Confirmada,1,443.57,0.15,273.2,27.41
V01632,2024-09-01,C056,P010,E-commerce,Confirmada,1,34.53,0.0,17.77,20.75
V04510,2025-12-16,C016,P004,Tienda fisica,Confirmada,4,29.22,0.05,14.43,1.96
V01683,2024-06-24,C035,P004,E-commerce,Confirmada,  6 ,  28.02 ,0.0,13.38,  28.5 
V03350,2025-04-05,C009,P009,E-commerce,Confirmada,1,135.98,0.05,83.69,11.73
V00929,2024-05-10,C016,P004,E-commerce,Confirmada,6,28.58,0.0,13.68,24.49
V01897,2024-12-07,C016,P010,Tienda fisica,Confirmada,1,35.93,0.1,17.99,2.72
V01327,2025-07-08,C050,P008,Tienda fisica,Confirmada,2,88.94,0.0,51.3,2.01
V02525,2024-09-15,C053,P005,E-commerce,Confirmada,7,97.63,0.15,47.16,29.66
V00661,2024-11-13,C023,P003,Tienda fisica,Confirmada,3,1652.94,0.0,1118.28,3.13
V02158,2025-06-05,C008,P008,E-commerce,Confirmada,7,91.68,0.08,51.08,29.11
V02193,2024-11-28,C054,P004,Tienda fisica,Confirmada,7,28.8,0.1,13.3,2.8
V02250,2024-04-14,C015,P003,Tienda fisica,Confirmada,4,1645.44,0.0,1141.29,2.61
V01577,2025-11-04,C060,P009,E-commerce,Confirmada,1,137.56,0.08,83.39,21.99
V03646,2025-08-31,C020,P004,Tienda fisica,Confirmada,9,30.37,0.0,14.84,0.2
V01489,2024-07-26,C045,P010,Tienda fisica,Confirmada,1,34.52,0.0,18.1,1.12
V01075,2025-10-28,C050,P001,Tienda fisica,Confirmada,1,1252.1,0.0,814.27,0.45
V05207,2024-02-06,C041,P006,E-commerce,Anulada,6,66.82,0.0,36.05,32.54
V03983,2025-08-31,C019,P004,Tienda fisica,Confirmada,5,29.43,0.0,14.76,1.26
V04722,2024-04-13,C015,P008,E-commerce,Confirmada,12,85.67,0.0,47.36,47.6
V01584,2024-10-26,C033,P007,E-commerce,Confirmada,  2 ,  122.11 ,0.0,62.54,  27.62 
V00828,2024-09-08,C060,P009,E-commerce,Confirmada,1,131.47,0.15,76.6,11.09
V04574,2024-11-27,C030,P006,E-commerce,Confirmada,8,63.99,0.05,34.78,40.99
V00753,2024-08-24,C035,P004,Tienda fisica,Confirmada,4,27.47,0.0,13.71,3.58
V05206,2024-09-06,C032,P010,Tienda fisica,Anulada,1,34.72,0.0,17.87,0.31
V04684,2024-07-10,C046,P010,E-commerce,Confirmada,2,34.72,0.08,17.6,19.81
V02623,2024-12-18,C036,P005,Tienda fisica,Confirmada,10,93.29,0.0,48.24,1.82
V00498,2025-07-10,C032,P009,E-commerce,Confirmada,1,139.15,0.0,82.34,16.7
V05001,2024-02-11,C017,P010,Tienda fisica,Confirmada,2,35.33,0.0,17.73,1.43
V04713,2025-10-23,C052,P002,Tienda fisica,Confirmada,1,467.83,0.1,296.24,1.12
V04719,2025-03-18,C055,P001,E-commerce,Confirmada,6,1288.63,0.1,807.97,39.52
V02676,2024-05-19,C050,P007,Tienda fisica,Confirmada,2,119.27,0.0,62.96,1.5
V05017,2025-12-18,C016,P002,E-commerce,Confirmada,5,470.87,0.0,295.1,28.97
V04648,2025-06-24,C034,P001,Tienda fisica,Confirmada,1,1263.43,0.0,803.26,1.31
V01072,2024-05-28,C023,P010,E-commerce,Confirmada,3,34.78,0.0,17.78,27.91
V00970,2024-02-12,C018,P006,Tienda fisica,Confirmada,6,63.93,0.0,35.63,0.81
V00920,2025-12-08,C028,P010,Tienda fisica,Confirmada,5,36.87,0.0,19.6,0.19
V03997,2025-05-17,C032,P006,Tienda fisica,Confirmada,  2 ,  69.48 ,0.0,37.8,  0.99 
V02278,2025-10-22,C041,P004,Tienda fisica,Confirmada,8,29.62,0.1,14.76,1.77
V01164,2025-03-26,C045,P003,Tienda fisica,Confirmada,5,1714.41,0.0,1214.08,3.03
V05266,2025-04-06,C036,P008,E-commerce,Confirmada,,88.8,0.0,51.62,44.42
V02574,2025-09-12,C006,P006,Tienda fisica,Confirmada,4,70.35,0.0,38.13,3.88
V00391,2025-10-27,C037,P010,E-commerce,Confirmada,5,38.14,0.15,19.48,40.03
V02257,2024-02-14,C053,P006,E-commerce,Confirmada,7,64.7,0.0,34.73,31.18
V01011,2025-11-22,C001,P007,E-commerce,Confirmada,1,124.84,0.0,67.94,26.36
V04647,2024-03-08,C055,P009,E-commerce,Confirmada,1,129.85,0.0,74.71,26.35
V00011,2024-12-26,C019,P004,Tienda fisica,Confirmada,5,27.65,0.0,13.2,0.67
V01168,2024-06-30,C013,P010,Tienda fisica,Confirmada,2,34.39,0.0,18.21,2.17
V00227,2024-07-23,C051,P010,E-commerce,Confirmada,1,34.34,0.0,17.78,23.91
V00902,2025-09-12,C010,P010,E-commerce,Confirmada,3,36.49,0.15,19.23,27.12
V04288,2024-07-24,C046,P009,E-commerce,Confirmada,2,133.85,0.0,75.62,21.31
V03686,2025-11-08,C052,P002,E-commerce,Confirmada,3,482.93,0.0,299.23,22.39
V02418,2024-06-10,C011,P009,Tienda fisica,Confirmada,3,128.49,0.0,74.71,1.48
V02235,2024-09-11,C057,P010,E-commerce,Confirmada,1,35.21,0.05,17.74,14.17
V03494,2025-11-22,C056,P005,E-commerce,Confirmada,  3 ,  101.08 ,0.0,51.94,  21.56 
V02655,2024-11-08,C009,P008,E-commerce,Confirmada,9,85.52,0.0,47.13,39.67
V04147,2025-01-02,C002,P002,E-commerce,Confirmada,1,485.88,0.1,290.71,20.56
V04662,2024-06-11,C039,P010,Tienda fisica,Confirmada,3,34.72,0.1,17.54,0.85
V00933,2025-01-17,C046,P007,E-commerce,Confirmada,2,126.27,0.0,69.39,28.49
V02969,2025-08-14,C054,P001,E-commerce,Confirmada,1,1307.2,0.0,819.56,19.04
V01764,2025-03-22,C060,P006,E-commerce,Confirmada,8,69.88,0.15,38.72,30.49
V03594,2025-02-05,C050,P006,E-commerce,Confirmada,8,69.23,0.1,38.51,33.62
V05144,2025-06-06,C051,P008,E-commerce,Confirmada,2,91.04,0.05,51.97,24.42
V03211,2025-04-30,C044,P010,E-commerce,Confirmada,2,38.19,0.0,19.47,25.74
V02605,2025-10-30,C009,P004,E-commerce,Confirmada,6,29.48,0.0,14.7,34.07
V03396,2024-11-30,C055,P003,E-commerce,Confirmada,5,1637.25,0.08,1122.42,22.92
V03896,2024-03-03,C053,P004,Tienda fisica,Confirmada,8,27.69,0.1,13.67,1.64
V02714,2025-05-04,C023,P004,E-commerce,Confirmada,2,30.0,0.0,14.73,29.34
V05187,2024-09-04,C030,P002,Tienda fisica,Confirmada,6,453.07,0.1,268.25,1.54
V00561,2025-03-20,C016,P008,Tienda fisica,Confirmada,3,92.15,0.0,51.25,3.21
V04869,2024-10-28,C045,P004,E-commerce,Confirmada,5,27.84,0.1,13.62,31.63
V02033,2024-11-12,C010,P004,Tienda fisica,Confirmada,  16 ,  27.95 ,0.0,13.21,  2.22 
V04921,2025-01-26,C045,P009,E-commerce,Confirmada,1,135.27,0.05,81.41,15.5
V04625,2025-09-04,C039,P004,E-commerce,Confirmada,6,30.07,0.08,14.74,34.19
V02616,2025-10-13,C055,P009,E-commerce,Confirmada,1,138.21,0.0,80.92,25.52
V03226,2025-07-08,C001,P001,E-commerce,Confirmada,10,1302.88,0.15,792.27,29.63
V03968,2024-09-13,C047,P008,E-commerce,Confirmada,4,84.93,0.1,48.34,25.11
V02480,2025-03-14,C005,P005,E-commerce,Confirmada,1,99.22,0.0,51.79,16.13
V00231,2025-07-06,C043,P009,Tienda fisica,Confirmada,2,140.52,0.0,83.2,3.92
V03072,2025-02-01,C060,P005,E-commerce,Confirmada,1,99.41,0.1,52.67,19.51
V04799,2024-05-12,C035,P007,Tienda fisica,Confirmada,1,119.33,0.0,63.19,0.33
V04347,2024-12-11,C058,P005,Tienda fisica,Confirmada,7,93.65,0.0,47.82,2.99
V04401,2025-04-21,C055,P008,E-commerce,Confirmada,11,91.04,0.05,51.68,44.33
V04842,2025-12-31,C018,P008,Tienda fisica,Confirmada,2,91.03,0.0,51.89,2.1
V03653,2024-09-22,C015,P005,Tienda fisica,Confirmada,1,97.6,0.0,48.03,0.32
V02849,2025-04-30,C009,P004,Tienda fisica,Confirmada,8,29.21,0.0,14.78,0.83
V05208,2024-08-18,C053,P004,Tienda fisica,Anulada,3,27.71,0.0,13.48,0.8
V01296,2025-09-03,C036,P002,Tienda fisica,Confirmada,6,476.76,0.0,298.28,0.84
V02947,2024-10-21,C060,P005,Tienda fisica,Confirmada,  9 ,  95.46 ,0.0,48.44,  0.96 
V02827,2024-08-11,C003,P005,E-commerce,Confirmada,7,94.72,0.1,47.2,29.91
V04846,2025-08-16,C053,P010,E-commerce,Confirmada,3,37.76,0.0,19.63,21.14
V02140,2025-10-27,C035,P001,Tienda fisica,Confirmada,6,1265.12,0.0,797.04,0.99
V02227,2025-12-19,C002,P008,Tienda fisica,Confirmada,1,91.73,0.0,51.86,0.82
V03156,2024-07-05,C051,P005,Tienda fisica,Confirmada,7,94.92,0.0,47.57,3.77
V02630,2024-03-02,C049,P003,Tienda fisica,Confirmada,4,1649.72,0.0,1124.96,3.79
V00026,2025-09-07,C040,P008,Tienda fisica,Confirmada,3,89.38,0.0,51.75,1.11
V05161,2024-01-21,C035,P004,E-commerce,Confirmada,7,27.96,0.05,13.2,24.43
V00033,2024-01-04,C037,P010,E-commerce,Confirmada,1,34.45,0.0,17.54,18.22
V04328,2025-05-29,C020,P010,E-commerce,Confirmada,4,37.64,0.0,19.75,28.55
V03306,2025-04-29,C026,P010,E-commerce,Confirmada,3,38.0,0.1,19.45,23.97
V02078,2024-09-28,C001,P007,Tienda fisica,Confirmada,2,122.87,0.0,64.46,2.25
V00399,2024-09-06,C030,P009,Tienda fisica,Confirmada,4,129.8,0.0,74.61,2.88
V01279,2025-03-04,C055,P007,E-commerce,Confirmada,7,130.19,0.0,68.7,28.6
V01432,2024-10-12,C003,P007,Tienda fisica,Confirmada,1,121.05,0.0,64.22,2.43
V02462,2024-07-30,C016,P006,E-commerce,Confirmada,3,65.25,0.0,34.8,24.3
V00810,2025-01-30,C006,P008,E-commerce,Confirmada,  1 ,  89.24 ,0.0,51.49,  25.15 
V00309,2025-06-16,C057,P001,E-commerce,Confirmada,23,1275.16,0.0,792.05,67.47
V04241,2024-04-19,C005,P009,E-commerce,Confirmada,1,133.89,0.05,77.24,15.94
V04767,2024-09-23,C058,P004,Tienda fisica,Confirmada,8,28.65,0.0,13.6,2.71
V02861,2025-12-19,C055,P001,E-commerce,Confirmada,3,1258.13,0.05,806.42,21.3
V02626,2025-10-24,C003,P007,E-commerce,Confirmada,3,128.45,0.1,68.71,26.56
V02774,2024-08-16,C056,P005,E-commerce,Confirmada,8,95.07,0.0,48.03,35.62
V00081,2024-01-25,C018,P010,Tienda fisica,Confirmada,1,35.65,0.0,18.14,0.51
V03887,2025-03-24,C050,P003,E-commerce,Confirmada,6,1732.28,0.0,1197.03,39.03
V00705,2025-05-25,C047,P007,E-commerce,Confirmada,1,128.09,0.0,67.73,16.68
V03150,2025-03-31,C020,P004,E-commerce,Confirmada,8,29.21,0.15,14.78,35.13
V00244,2024-04-25,C029,P005,Tienda fisica,Confirmada,6,96.45,0.0,48.28,2.8
V03340,2024-11-04,C030,P004,Tienda fisica,Confirmada,8,27.86,0.05,13.39,2.94
V02647,2025-07-12,C008,P001,Tienda fisica,Confirmada,4,1300.85,0.0,810.08,1.32
V01023,2025-07-04,C055,P010,Tienda fisica,Confirmada,1,37.95,0.0,19.1,3.22
V01301,2025-11-26,C037,P005,Tienda fisica,Confirmada,5,101.53,0.0,51.97,1.29
V01750,2025-08-20,C059,P009,E-commerce,Confirmada,7,136.76,0.05,81.95,31.93
V01054,2025-10-23,C033,P007,Tienda fisica,Confirmada,  2 ,  130.77 ,0.0,67.8,  1.78 
V01267,2024-04-16,C016,P001,Tienda fisica,Confirmada,3,1194.65,0.0,743.96,2.08
V00969,2024-10-05,C010,P010,Tienda fisica,Confirmada,3,34.87,0.0,17.52,3.04
V01669,2025-07-28,C034,P010,Tienda fisica,Confirmada,2,37.0,0.0,19.34,0.12
V00381,2025-05-10,C015,P008,Tienda fisica,Confirmada,3,92.4,0.0,52.29,1.5
V01458,2025-07-25,C025,P004,Tienda fisica,Confirmada,10,29.61,0.0,14.49,1.97
V02386,2025-10-17,C060,P001,Tienda fisica,Confirmada,2,1254.71,0.0,803.27,0.49
V00838,2025-11-15,C060,P006,Tienda fisica,Confirmada,5,70.68,0.1,37.75,3.45
V00950,2025-09-15,C032,P003,E-commerce,Confirmada,1,1718.87,0.05,1193.85,25.19
V00939,2025-06-30,C016,P010,Tienda fisica,Confirmada,2,38.15,0.05,19.2,1.79
V00944,2025-12-09,C023,P007,Tienda fisica,Confirmada,4,124.82,0.0,70.35,0.85
V03168,2024-12-10,C018,P004,Tienda fisica,Confirmada,8,27.95,0.0,13.49,1.77
V03931,2025-07-02,C056,P005,Tienda fisica,Confirmada,6,101.2,0.0,52.27,2.03
V00823,2024-02-05,C030,P007,E-commerce,Confirmada,4,120.07,0.0,62.42,15.75
V00861,2024-03-16,C060,P010,Tienda fisica,Confirmada,1,35.01,0.0,17.67,1.6
V00144,2024-07-30,C040,P004,E-commerce,Confirmada,2,28.64,0.0,13.66,17.25
V05212,2025-03-29,C057,P008,E-commerce,Anulada,1,92.26,0.05,53.07,19.98
V02182,2024-11-26,C042,P010,Tienda fisica,Confirmada,  3 ,  34.68 ,0.0,17.58,  0.77 
V04490,2024-12-24,C036,P005,Tienda fisica,Confirmada,6,96.91,0.0,48.82,3.06
V04657,2025-06-27,C055,P005,Tienda fisica,Confirmada,11,100.69,0.05,52.3,0.09
V00891,2024-05-08,C034,P006,Tienda fisica,Confirmada,6,65.57,0.0,34.96,3.35
V03904,2024-09-16,C030,P010,Tienda fisica,Confirmada,1,34.94,0.05,17.8,2.89
V03375,2024-10-21,C053,P004,Tienda fisica,Confirmada,8,28.06,0.1,13.44,1.52
V00266,2024-11-19,C041,P009,E-commerce,Confirmada,2,130.35,0.08,76.4,15.48
V03343,2024-12-10,C040,P001,Tienda fisica,Confirmada,3,1219.83,0.0,746.78,0.35
V02749,2024-08-21,C050,P006,E-commerce,Confirmada,6,64.22,0.08,34.83,40.35
V05130,2025-02-01,C016,P005,Tienda fisica,Confirmada,11,99.52,0.0,52.36,1.82
V04448,2025-01-25,C033,P003,E-commerce,Confirmada,1,1726.21,0.0,1235.91,16.61
V01246,2025-11-26,C036,P008,Tienda fisica,Confirmada,6,91.75,0.0,52.32,1.44
V01941,2024-07-29,C010,P006,Tienda fisica,Confirmada,4,64.69,0.0,36.11,1.04
V04491,2025-07-28,C040,P002,Tienda fisica,Confirmada,6,475.87,0.0,293.68,0.74
V04290,2025-12-31,C045,P010,Tienda fisica,Confirmada,3,37.51,0.0,19.4,2.61
V03683,2025-04-22,C011,P004,E-commerce,Confirmada,5,30.48,0.05,14.55,24.29
V05087,2025-04-04,C036,P002,E-commerce,Confirmada,1,485.45,0.0,290.37,23.97
V04993,2024-07-09,C035,P007,Tienda fisica,Confirmada,  6 ,  119.14 ,0.0,63.47,  0.85 
V04236,2024-07-19,C015,P008,Tienda fisica,Confirmada,4,87.19,0.0,48.49,2.03
V04334,2024-12-02,C029,P006,Tienda fisica,Confirmada,13,63.82,0.0,35.54,3.28
V02527,2025-03-18,C022,P002,Tienda fisica,Confirmada,6,483.08,0.0,290.22,0.32
V00415,2025-09-04,C012,P009,Tienda fisica,Confirmada,6,135.46,0.0,83.42,1.82
V00080,2024-09-01,C046,P010,Tienda fisica,Confirmada,4,35.55,0.0,17.93,3.65
V04316,2024-09-01,C010,P001,E-commerce,Confirmada,8,1202.11,0.0,740.36,25.33
V00885,2025-09-14,C010,P008,E-commerce,Confirmada,1,89.57,0.05,51.68,15.69
V03253,2025-07-01,C005,P010,E-commerce,Confirmada,2,36.52,0.1,19.55,29.98
V03448,2024-12-04,C005,P007,E-commerce,Confirmada,5,123.06,0.0,64.3,27.45
V03761,2024-11-21,C025,P005,Tienda fisica,Confirmada,6,94.47,0.0,47.3,2.14
V04294,2025-06-01,C050,P004,Tienda fisica,Confirmada,5,30.39,0.0,14.72,0.83
V04120,2024-02-15,C017,P004,E-commerce,Confirmada,8,28.07,0.05,13.26,38.94
V02155,2025-10-10,C017,P009,E-commerce,Confirmada,17,137.33,0.05,83.45,52.82
V02542,2025-09-08,C016,P008,Tienda fisica,Confirmada,9,88.74,0.0,51.75,3.68
V00796,2024-08-12,C030,P008,Tienda fisica,Confirmada,4,84.47,0.0,47.47,0.07
V02417,2025-08-06,C053,P006,Tienda fisica,Confirmada,8,69.05,0.0,39.11,0.06
V04655,2025-08-21,C057,P008,Tienda fisica,Confirmada,  1 ,  88.72 ,0.0,52.03,  1.68 
V02179,2025-05-03,C020,P002,E-commerce,Confirmada,4,490.74,0.0,292.59,28.12
V02005,2025-05-03,C060,P002,Tienda fisica,Confirmada,2,485.6,0.0,299.25,2.6
V03718,2025-09-08,C020,P005,E-commerce,Confirmada,9,99.85,0.0,51.3,27.53
V04600,2024-02-28,C025,P007,Tienda fisica,Confirmada,1,118.74,0.0,62.46,0.01
V03009,2024-11-18,C026,P008,Tienda fisica,Confirmada,1,86.58,0.0,47.69,2.75
V05125,2025-10-08,C051,P007,E-commerce,Confirmada,4,130.44,0.08,69.61,36.28
V00492,2025-07-17,C007,P010,E-commerce,Confirmada,1,37.54,0.0,19.02,16.58
V01221,2024-01-03,C038,P002,Tienda fisica,Confirmada,6,460.62,0.0,275.46,2.77
V01219,2024-11-21,C030,P004,Tienda fisica,Confirmada,7,28.5,0.0,13.65,2.38
V01230,2025-04-28,C050,P010,E-commerce,Confirmada,1,37.16,0.0,19.39,21.25
V00593,2025-03-20,C054,P002,Tienda fisica,Confirmada,1,488.23,0.0,294.44,0.36
V02219,2024-06-17,C037,P002,Tienda fisica,Confirmada,1,449.28,0.0,274.02,3.78
V02070,2024-06-05,C034,P004,E-commerce,Confirmada,6,28.26,0.05,13.55,25.05
V00414,2025-10-21,C012,P008,E-commerce,Confirmada,8,88.82,0.0,51.44,51.16
V02091,2024-11-29,C005,P010,Tienda fisica,Confirmada,7,35.56,0.0,18.14,1.58
V01982,2024-05-12,C054,P004,Tienda fisica,Confirmada,6,27.94,0.1,13.36,0.05
V04048,2025-07-29,C051,P006,E-commerce,Confirmada,  3 ,  68.9 ,0.0,38.25,  26.27 
V02746,2025-09-15,C045,P004,E-commerce,Confirmada,7,29.69,0.05,14.57,23.38
V04815,2025-10-13,C056,P004,E-commerce,Confirmada,8,30.57,0.0,14.58,36.29
V00246,2025-10-31,C040,P001,E-commerce,Confirmada,3,1296.94,0.0,793.26,23.94
V00165,2024-07-19,C040,P008,E-commerce,Confirmada,2,87.02,0.05,47.88,28.57
V03017,2024-03-12,C005,P001,Tienda fisica,Confirmada,1,1181.77,0.0,750.6,1.65
V01115,2024-03-30,C011,P009,Tienda fisica,Confirmada,8,129.03,0.0,77.39,1.09
V03529,2024-12-04,C055,P008,E-commerce,Confirmada,1,85.03,0.0,47.07,20.33
V00728,2024-08-01,C015,P010,Tienda fisica,Confirmada,3,35.26,0.0,17.65,1.42
V00708,2024-12-19,C057,P010,Tienda fisica,Confirmada,2,34.97,0.1,17.86,0.93
V00261,2025-03-24,C038,P004,Tienda fisica,Confirmada,9,29.49,0.0,14.54,2.4
V03988,2024-11-16,C008,P004,Tienda fisica,Confirmada,2,28.03,0.0,13.3,0.95
V01194,2025-06-05,C057,P002,Tienda fisica,Confirmada,1,485.45,0.0,293.31,3.2
V02666,2025-03-17,C008,P005,E-commerce,Confirmada,14,101.14,0.15,52.1,37.81
V01022,2025-09-03,C049,P007,E-commerce,Confirmada,3,127.47,0.08,69.01,16.3
V00404,2024-07-23,C040,P002,E-commerce,Confirmada,3,446.34,0.05,275.72,18.4
V00472,2024-05-24,C058,P006,E-commerce,Confirmada,4,65.29,0.1,35.82,21.67
V01216,2025-12-20,C040,P006,Tienda fisica,Confirmada,  9 ,  69.24 ,0.05,39.03,  0.57 
V01761,2025-06-14,C024,P009,Tienda fisica,Confirmada,5,141.35,0.0,82.18,1.94
V01266,2025-06-15,C010,P009,Tienda fisica,Confirmada,1,140.42,0.1,82.83,3.63
V04153,2024-10-25,C015,P004,E-commerce,Confirmada,8,28.23,0.0,13.53,30.92
V00860,2024-06-11,C015,P006,Tienda fisica,Confirmada,2,66.85,0.0,35.82,2.54
V02743,2024-08-25,C042,P007,Tienda fisica,Confirmada,6,118.29,0.0,63.12,1.48
V03703,2025-12-23,C045,P005,Tienda fisica,Confirmada,3,101.31,0.0,52.7,1.47
V00879,2024-08-14,C040,P007,E-commerce,Confirmada,4,120.59,0.08,62.97,21.3
V04851,2025-09-03,C055,P009,E-commerce,Confirmada,1,139.41,0.08,83.82,22.38
V00619,2025-11-09,C050,P004,E-commerce,Confirmada,3,30.13,0.05,14.36,27.38
V00467,2024-11-18,C060,P004,Tienda fisica,Confirmada,6,28.03,0.0,13.49,0.67
V04715,2025-07-14,C010,P006,E-commerce,Confirmada,6,68.71,0.0,39.08,25.28
V00445,2024-01-14,C035,P007,E-commerce,Confirmada,4,121.07,0.0,64.46,28.94
V04318,2024-03-15,C029,P007,E-commerce,Confirmada,8,122.85,0.0,63.94,46.38
V04868,2025-08-11,C011,P003,Tienda fisica,Confirmada,1,1760.78,0.0,1208.24,1.54
V05057,2024-10-01,C003,P004,E-commerce,Confirmada,10,27.78,0.1,13.51,45.43
V02951,2024-03-04,C044,P009,Tienda fisica,Confirmada,3,130.47,0.0,75.37,3.85
V00172,2024-04-02,C055,P007,Tienda fisica,Confirmada,  3 ,  122.09 ,0.05,62.64,  2.68 
V02489,2025-02-05,C045,P003,Tienda fisica,Confirmada,1,1762.96,0.0,1240.42,2.14
V00104,2024-12-20,C005,P007,Tienda fisica,Confirmada,1,117.98,0.0,62.95,3.12
V01716,2025-08-06,C010,P007,Tienda fisica,Confirmada,3,127.54,0.0,69.36,3.4
V00103,2024-05-03,C032,P004,Tienda fisica,Confirmada,3,28.09,0.0,13.63,1.99
V03136,2024-04-09,C046,P005,Tienda fisica,Confirmada,7,97.44,0.0,47.1,1.8
V03048,2024-10-06,C007,P004,Tienda fisica,Confirmada,6,28.14,0.0,13.19,2.35
V01486,2024-06-09,C037,P005,Tienda fisica,Confirmada,3,94.09,0.0,47.82,3.56
V03609,2025-01-20,C023,P001,E-commerce,Confirmada,10,1274.69,0.08,810.6,47.07
V00811,2025-10-02,C008,P004,E-commerce,Confirmada,3,29.82,0.0,14.58,33.74
V01786,2025-03-28,C036,P006,Tienda fisica,Confirmada,4,68.56,0.1,38.57,3.89
V00400,2024-03-29,C056,P010,E-commerce,Confirmada,1,34.78,0.1,18.0,15.27
V04963,2025-05-27,C010,P008,E-commerce,Confirmada,1,90.63,0.15,52.44,14.34
V04081,2025-06-23,C022,P009,E-commerce,Confirmada,1,140.44,0.0,83.79,13.68
V04136,2025-04-20,C048,P002,E-commerce,Confirmada,2,473.33,0.05,297.4,16.05
V05102,2024-08-19,C051,P006,Tienda fisica,Confirmada,8,65.13,0.0,35.89,0.46
V05076,2024-05-15,C031,P006,Tienda fisica,Confirmada,5,66.56,0.0,35.1,1.45
V01893,2024-08-09,C025,P004,Tienda fisica,Confirmada,  8 ,  27.71 ,0.05,13.22,  2.18 
V02149,2024-10-20,C018,P005,Tienda fisica,Confirmada,5,96.73,0.0,47.41,0.53
V01471,2025-12-07,C002,P004,E-commerce,Confirmada,9,29.53,0.0,14.3,38.17
V03295,2024-01-03,C038,P001,Tienda fisica,Confirmada,4,1227.71,0.0,757.38,0.23
V02064,2025-08-03,C025,P010,E-commerce,Confirmada,3,37.53,0.15,19.01,34.75
V03300,2024-10-23,C033,P007,E-commerce,Confirmada,3,122.92,0.0,64.21,25.53
V04723,2025-05-12,C045,P004,E-commerce,Confirmada,13,29.48,0.0,14.43,38.89
V03841,2025-12-07,C017,P008,Tienda fisica,Confirmada,1,91.53,0.0,51.6,3.04
V04057,2024-10-08,C035,P005,E-commerce,Confirmada,3,94.36,0.0,47.71,33.72
V01070,2025-04-03,C040,P008,Tienda fisica,Confirmada,2,89.32,0.0,52.25,1.42
V01088,2025-03-04,C006,P007,Tienda fisica,Confirmada,1,127.58,0.1,69.86,1.23
V03015,2024-12-24,C010,P004,E-commerce,Confirmada,4,28.61,0.0,13.19,30.33
V04730,2025-04-22,C002,P004,E-commerce,Confirmada,4,30.21,0.1,14.52,29.02
V04052,2024-10-16,C038,P007,Tienda fisica,Confirmada,2,118.0,0.0,63.04,0.46
V03806,2025-04-07,C020,P006,Tienda fisica,Confirmada,7,70.79,0.0,38.89,1.77
V03220,2025-03-05,C004,P004,Tienda fisica,Confirmada,9,29.22,0.0,14.52,1.26
V04071,2024-08-23,C051,P006,Tienda fisica,Confirmada,3,65.9,0.0,35.28,0.32
V00610,2024-08-13,C009,P004,E-commerce,Confirmada,  4 ,  28.76 ,0.0,13.66,  23.06 
V04483,2024-03-08,C048,P009,Tienda fisica,Confirmada,1,131.8,0.1,74.56,1.17
V04015,2024-01-10,C056,P010,E-commerce,Confirmada,9,35.96,0.05,17.72,44.84
V00343,2024-12-16,C021,P004,Tienda fisica,Confirmada,1,27.72,0.0,13.59,0.32
V03898,2025-04-17,C035,P007,Tienda fisica,Confirmada,1,129.5,0.0,69.77,1.32
V01557,2025-07-06,C030,P003,Tienda fisica,Confirmada,1,1783.33,0.0,1231.91,3.12
V05272,2024-10-01,C033,P001,E-commerce,Confirmada,,1208.18,0.1,755.18,25.15
V05227,2024-07-19,C026,P005,Tienda fisica,Anulada,7,94.14,0.0,48.33,1.22
V00948,2024-09-04,C035,P005,E-commerce,Confirmada,7,96.5,0.1,47.73,31.61
V00175,2024-08-17,C003,P001,Tienda fisica,Confirmada,1,1224.37,0.0,744.45,3.47
V01509,2025-01-24,C052,P008,Tienda fisica,Confirmada,5,90.1,0.05,51.21,0.02
V03236,2024-02-27,C038,P001,Tienda fisica,Confirmada,1,1178.89,0.0,747.2,2.77
V03582,2024-07-12,C059,P007,Tienda fisica,Confirmada,1,122.91,0.0,63.56,1.66
V03182,2025-11-08,C023,P009,Tienda fisica,Confirmada,4,139.11,0.0,83.93,0.97
V00815,2025-04-18,C014,P009,Tienda fisica,Confirmada,2,139.88,0.0,83.04,0.63
V04131,2024-07-06,C010,P009,E-commerce,Confirmada,2,129.02,0.0,75.54,26.44
V00247,2024-12-08,C006,P001,E-commerce,Confirmada,6,1176.3,0.0,744.88,25.77
V03950,2024-07-02,C013,P005,Tienda fisica,Confirmada,  3 ,  94.54 ,0.0,47.68,  1.69 
V04872,2025-03-15,C018,P007,Tienda fisica,Confirmada,1,129.65,0.1,70.26,3.42
V03777,2025-04-26,C011,P008,Tienda fisica,Confirmada,4,90.77,0.0,51.48,2.99
V00027,2025-06-02,C031,P004,Tienda fisica,Confirmada,7,30.54,0.0,14.62,3.24
V00577,2025-11-17,C013,P008,E-commerce,Confirmada,2,91.72,0.15,51.19,16.63
V05148,2025-10-21,C060,P002,Tienda fisica,Confirmada,4,479.16,0.0,291.33,1.02
V05050,2024-06-05,C025,P008,E-commerce,Confirmada,1,84.57,0.0,47.27,25.51
V04303,2025-09-14,C026,P002,E-commerce,Confirmada,8,480.73,0.0,298.27,36.25
V00910,2025-01-20,C060,P007,Tienda fisica,Confirmada,2,130.51,0.0,70.2,2.97
V03224,2024-05-17,C035,P010,E-commerce,Confirmada,3,35.58,0.1,17.89,21.24
V00265,2024-12-01,C010,P007,E-commerce,Confirmada,2,123.23,0.0,63.34,26.1
V02112,2024-08-12,C055,P007,Tienda fisica,Confirmada,11,118.23,0.0,63.91,3.59
V00166,2024-04-20,C060,P005,E-commerce,Confirmada,5,93.46,0.1,48.09,23.77
V02792,2024-01-04,C008,P004,Tienda fisica,Confirmada,9,28.8,0.05,13.7,2.74
V05018,2025-08-11,C009,P001,Tienda fisica,Confirmada,4,1308.15,0.0,811.77,2.3
V02326,2025-03-30,C026,P001,E-commerce,Confirmada,4,1306.41,0.0,797.87,26.83
V03063,2025-04-20,C026,P008,Tienda fisica,Confirmada,2,88.34,0.0,51.54,1.76
V02156,2025-09-01,C025,P004,E-commerce,Confirmada,  2 ,  29.95 ,0.08,14.34,  30.03 
V02065,2025-05-23,C018,P008,Tienda fisica,Confirmada,1,91.89,0.0,51.27,0.14
V03890,2025-08-23,C015,P004,E-commerce,Confirmada,10,29.89,0.0,14.65,45.36
V03585,2025-11-02,C036,P008,E-commerce,Confirmada,14,90.77,0.0,53.0,44.84
V04059,2025-03-04,C035,P004,E-commerce,Confirmada,6,30.52,0.05,14.58,38.32
V02371,2024-04-21,C060,P005,E-commerce,Confirmada,8,95.48,0.08,47.46,42.61
V03590,2024-05-05,C039,P005,Tienda fisica,Confirmada,3,94.34,0.0,48.39,2.0
V03264,2024-07-04,C058,P007,Tienda fisica,Confirmada,7,118.49,0.0,63.01,0.99
V03846,2024-01-29,C001,P003,Tienda fisica,Confirmada,1,1682.17,0.0,1141.1,2.16
V03964,2024-07-08,C049,P002,Tienda fisica,Confirmada,13,450.99,0.0,277.11,1.22
V04109,2025-12-18,C044,P002,E-commerce,Confirmada,3,482.47,0.15,291.23,20.1
V04325,2025-11-24,C052,P006,E-commerce,Confirmada,10,70.77,0.0,38.49,42.64
V04519,2025-10-12,C051,P005,E-commerce,Confirmada,6,99.08,0.0,52.16,45.33
V05061,2024-09-10,C035,P005,Tienda fisica,Confirmada,6,93.77,0.0,48.58,3.41
V01702,2025-06-19,C021,P009,Tienda fisica,Confirmada,1,136.15,0.0,82.13,3.72
V04520,2025-12-18,C059,P006,E-commerce,Confirmada,4,70.93,0.0,39.14,35.07
V05059,2025-11-15,C015,P002,Tienda fisica,Confirmada,7,476.06,0.1,296.16,1.63
V00484,2024-11-26,C056,P004,Tienda fisica,Confirmada,  5 ,  27.62 ,0.0,13.41,  1.17 
V01338,2025-05-21,C050,P008,E-commerce,Confirmada,1,89.73,0.1,51.16,13.41
V04803,2024-09-11,C045,P010,Tienda fisica,Confirmada,5,35.22,0.0,17.64,2.55
V01132,2024-10-23,C042,P003,Tienda fisica,Confirmada,1,1625.91,0.0,1101.54,2.58
V03539,2024-02-06,C041,P006,E-commerce,Confirmada,6,66.82,0.0,36.05,32.54
V04983,2025-03-13,C014,P002,Tienda fisica,Confirmada,1,488.16,0.1,293.66,2.98
V01711,2024-03-19,C015,P004,Tienda fisica,Confirmada,8,28.84,0.0,13.37,3.16
V02672,2025-08-18,C033,P005,E-commerce,Confirmada,7,99.39,0.0,51.63,34.98
V02248,2025-07-19,C055,P001,E-commerce,Confirmada,5,1263.5,0.05,792.03,23.9
V01848,2024-09-16,C024,P009,Tienda fisica,Confirmada,2,131.66,0.0,76.71,1.8
V02897,2025-06-28,C054,P002,Tienda fisica,Confirmada,6,475.35,0.0,294.92,1.19
V00934,2025-07-21,C055,P009,Tienda fisica,Confirmada,18,138.62,0.0,82.22,3.73
V05086,2024-10-14,C050,P010,Tienda fisica,Confirmada,2,35.29,0.0,17.81,1.34
V04041,2024-11-14,C003,P004,E-commerce,Confirmada,4,27.7,0.05,13.28,27.84
V02192,2025-07-06,C041,P004,E-commerce,Confirmada,6,30.27,0.0,14.67,31.9
V04026,2024-04-11,C041,P009,Tienda fisica,Confirmada,2,129.69,0.1,75.44,3.45
V04223,2025-11-16,C016,P005,E-commerce,Confirmada,8,101.15,0.0,52.73,24.94
V02342,2024-11-12,C016,P007,Tienda fisica,Confirmada,  2 ,  120.58 ,0.0,63.17,  2.25 
V02767,2025-04-04,C060,P010,E-commerce,Confirmada,4,37.38,0.0,19.12,27.58
V04006,2025-10-31,C023,P004,E-commerce,Confirmada,1,29.33,0.1,14.68,15.48
V01467,2025-12-10,C043,P005,E-commerce,Confirmada,5,102.85,0.0,51.14,38.02
V01073,2024-10-28,C025,P008,Tienda fisica,Confirmada,4,85.16,0.0,47.21,3.98
V03152,2025-09-27,C020,P005,E-commerce,Confirmada,2,100.99,0.0,51.78,23.78
V03337,2024-06-22,C034,P004,Tienda fisica,Confirmada,6,27.8,0.0,13.41,0.18
V04384,2024-02-18,C020,P009,Tienda fisica,Confirmada,6,131.17,0.0,75.07,0.02
V04526,2024-01-26,C058,P010,Tienda fisica,Confirmada,1,35.13,0.0,18.02,2.93
V04104,2025-12-14,C028,P004,E-commerce,Confirmada,8,30.47,0.08,14.53,31.05
V05242,2025-07-04,C055,P010,Tienda fisica,Anulada,1,37.95,0.0,19.1,3.22
V03342,2024-09-17,C006,P006,Tienda fisica,Confirmada,11,66.41,0.05,35.73,3.9
V04127,2025-05-14,C046,P006,E-commerce,Confirmada,1,69.23,0.05,38.33,24.81
V01461,2025-07-30,C046,P008,E-commerce,Confirmada,1,88.87,0.08,51.67,18.82
V01134,2025-12-29,C032,P008,Tienda fisica,Confirmada,8,91.78,0.0,52.28,2.42
V00839,2024-07-12,C059,P005,E-commerce,Confirmada,2,96.13,0.15,47.67,15.82
V03575,2025-11-12,C038,P008,E-commerce,Confirmada,3,91.27,0.0,52.58,24.47
V05230,2024-09-15,C052,P010,E-commerce,Anulada,  1 ,  34.6 ,0.0,18.17,  19.24 
V03290,2025-04-02,C057,P005,E-commerce,Confirmada,6,103.13,0.15,52.5,38.3
V01485,2025-03-20,C022,P006,E-commerce,Confirmada,8,70.74,0.0,38.65,43.47
V00744,2025-05-23,C020,P010,E-commerce,Confirmada,2,37.03,0.1,19.42,15.9
V04528,2025-03-17,C052,P009,E-commerce,Confirmada,8,140.75,0.08,81.02,40.75
V01745,2024-11-23,C009,P009,Tienda fisica,Confirmada,4,131.99,0.0,77.04,0.74
V00145,2024-12-26,C007,P007,E-commerce,Confirmada,3,120.3,0.1,63.3,24.23
V02146,2025-11-07,C025,P007,E-commerce,Confirmada,2,129.56,0.08,69.95,27.43
V01928,2025-04-14,C014,P007,E-commerce,Confirmada,1,126.27,0.0,70.2,19.9
V05224,2025-07-09,C054,P010,E-commerce,Anulada,2,37.4,0.0,19.02,22.95
V00181,2025-03-11,C010,P008,Tienda fisica,Confirmada,1,90.34,0.0,52.76,2.2
V03495,2025-06-14,C013,P004,E-commerce,Confirmada,9,29.17,0.1,14.73,37.8
V02026,2024-08-01,C049,P002,Tienda fisica,Confirmada,2,463.01,0.0,268.62,0.13
V01245,2025-12-20,C051,P007,Tienda fisica,Confirmada,5,128.95,0.0,67.65,0.43
V02320,2025-06-22,C029,P010,Tienda fisica,Confirmada,4,36.73,0.0,19.09,3.88
V03411,2025-02-04,C005,P006,Tienda fisica,Confirmada,3,70.63,0.0,39.11,3.28
V02202,2025-11-22,C020,P003,E-commerce,Confirmada,2,1766.5,0.05,1235.56,12.47
V00008,2025-11-23,C037,P005,E-commerce,Confirmada,  7 ,  102.74 ,0.1,52.86,  46.07 
V04449,2025-05-20,C010,P006,E-commerce,Confirmada,7,67.64,0.1,39.11,35.52
V02273,2024-11-20,C043,P005,Tienda fisica,Confirmada,7,94.31,0.05,47.09,1.81
V01049,2025-03-30,C017,P010,Tienda fisica,Confirmada,8,36.69,0.0,19.59,0.71
V04741,2024-05-22,C010,P005,Tienda fisica,Confirmada,4,93.94,0.0,48.58,3.82
V03488,2024-11-05,C018,P005,E-commerce,Confirmada,1,94.59,0.0,48.93,23.38
V03254,2024-11-29,C031,P009,Tienda fisica,Confirmada,4,127.7,0.1,75.75,0.58
V00101,2024-12-16,C027,P006,E-commerce,Confirmada,8,65.1,0.1,35.19,32.59
V04944,2025-06-12,C011,P007,Tienda fisica,Confirmada,2,125.95,0.0,69.05,0.4
V02042,2024-09-01,C029,P009,Tienda fisica,Confirmada,8,131.6,0.0,76.63,2.37
V02986,2025-11-11,C018,P006,Tienda fisica,Confirmada,3,68.63,0.0,38.82,3.75
V04363,2025-04-04,C008,P008,E-commerce,Confirmada,2,89.73,0.1,52.57,15.85
V00548,2025-02-24,C017,P010,Tienda fisica,Confirmada,5,37.17,0.0,19.41,3.54
V03691,2025-09-21,C059,P008,E-commerce,Confirmada,2,88.77,0.05,51.72,14.52
V01182,2025-11-09,C040,P002,E-commerce,Confirmada,1,479.19,0.0,290.55,25.34
V01963,2024-09-30,C025,P008,E-commerce,Confirmada,2,84.88,0.1,48.1,24.38
V04770,2025-04-18,C001,P005,Tienda fisica,Confirmada,6,99.44,0.0,51.26,0.86
V02218,2025-06-06,C031,P004,E-commerce,Confirmada,  10 ,  29.36 ,0.08,14.87,  38.79 
V03564,2024-05-09,C030,P010,E-commerce,Confirmada,1,35.25,0.0,18.08,17.05
V00095,2025-01-16,C040,P004,E-commerce,Confirmada,3,30.31,0.0,14.71,20.53
V04650,2024-05-08,C026,P002,E-commerce,Confirmada,1,453.8,0.1,271.85,21.66
V01263,2024-05-11,C040,P010,E-commerce,Confirmada,5,34.31,0.0,18.21,32.29
V03696,2025-07-01,C010,P004,Tienda fisica,Confirmada,4,29.9,0.0,14.48,2.94
V01259,2024-03-06,C039,P004,Tienda fisica,Confirmada,6,27.87,0.0,13.69,2.56
V02960,2024-07-07,C010,P005,E-commerce,Confirmada,2,95.52,0.0,47.54,28.12
V03366,2025-10-16,C045,P010,E-commerce,Confirmada,2,37.77,0.1,19.11,27.76
V02739,2025-02-12,C040,P001,Tienda fisica,Confirmada,2,1300.3,0.0,819.74,1.2
V03637,2024-08-15,C001,P007,E-commerce,Confirmada,1,117.89,0.1,63.19,13.18
V02921,2024-06-28,C015,P004,E-commerce,Confirmada,13,28.83,0.0,13.48,51.29
V01029,2024-12-19,C051,P007,E-commerce,Confirmada,2,119.47,0.15,63.73,19.25
V00789,2025-01-14,C030,P004,Tienda fisica,Confirmada,7,30.31,0.0,14.54,1.96
V03666,2024-03-02,C056,P002,Tienda fisica,Confirmada,3,446.14,0.1,277.66,2.28
V03259,2025-08-29,C055,P009,Tienda fisica,Confirmada,1,141.51,0.0,81.55,0.23
V02375,2025-03-28,C030,P007,E-commerce,Confirmada,3,126.64,0.05,68.43,22.24
V03266,2024-11-20,C024,P006,Tienda fisica,Confirmada,  5 ,  65.06 ,0.0,36.13,  0.96 
V04820,2025-08-01,C009,P007,E-commerce,Confirmada,5,128.46,0.0,69.55,23.11
V03752,2025-07-15,C031,P010,Tienda fisica,Confirmada,1,37.78,0.0,19.47,3.09
V02876,2025-03-18,C050,P007,E-commerce,Confirmada,1,130.22,0.15,68.96,13.27
V01253,2025-08-15,C056,P001,Tienda fisica,Confirmada,8,1256.77,0.0,818.51,2.09
V02461,2024-10-26,C045,P004,Tienda fisica,Confirmada,4,27.69,0.0,13.56,2.17
V03885,2024-12-16,C028,P008,Tienda fisica,Confirmada,2,86.57,0.0,48.76,2.6
V00762,2024-01-06,C037,P001,Tienda fisica,Confirmada,5,1195.47,0.0,734.44,1.56
V00069,2024-05-24,C047,P001,Tienda fisica,Confirmada,2,1216.71,0.0,754.71,2.56
V02000,2025-07-15,C044,P010,E-commerce,Confirmada,1,37.79,0.0,19.35,27.68
V01236,2024-09-18,C004,P003,E-commerce,Confirmada,1,1671.52,0.08,1117.58,12.7
V01048,2024-06-23,C034,P006,Tienda fisica,Confirmada,23,66.8,0.0,35.92,1.73
V04364,2024-12-29,C045,P001,Tienda fisica,Confirmada,2,1228.24,0.0,733.26,1.52
V02357,2025-12-19,C023,P005,E-commerce,Confirmada,4,98.95,0.0,51.84,35.15
V04587,2025-06-12,C015,P006,E-commerce,Confirmada,9,67.73,0.0,38.68,24.26
V04272,2025-03-10,C013,P006,E-commerce,Confirmada,8,68.94,0.0,37.96,21.28
V01787,2024-02-22,C017,P007,Tienda fisica,Confirmada,1,120.28,0.0,64.54,0.54
V00574,2025-12-05,C034,P004,Tienda fisica,Confirmada,  4 ,  29.39 ,0.0,14.36,  3.4 
V00199,2025-07-25,C054,P010,Tienda fisica,Confirmada,3,37.53,0.1,19.12,3.54
V02724,2025-11-27,C047,P010,Tienda fisica,Confirmada,4,36.76,0.0,19.11,2.95
V00122,2024-11-08,C001,P004,Tienda fisica,Confirmada,6,28.22,0.0,13.22,3.97
V01039,2024-08-29,C006,P008,Tienda fisica,Confirmada,2,84.88,0.0,47.86,1.51
V00276,2025-12-12,C040,P008,Tienda fisica,Confirmada,4,89.1,0.05,52.29,2.22
V04871,2024-11-08,C035,P001,Tienda fisica,Confirmada,1,1207.62,0.0,751.47,0.95
V04045,2025-07-13,C040,P005,E-commerce,Confirmada,7,100.88,0.1,51.87,29.31
V04100,2024-09-20,C010,P007,E-commerce,Confirmada,4,123.24,0.05,62.74,30.46
V01248,2024-08-02,C018,P001,Tienda fisica,Confirmada,3,1201.59,0.0,744.13,3.5
V01864,2024-07-11,C021,P004,Tienda fisica,Confirmada,1,28.2,0.0,13.58,0.76
V02737,2025-07-14,C002,P004,E-commerce,Confirmada,12,29.99,0.05,14.69,52.3
V04014,2024-03-13,C048,P002,Tienda fisica,Confirmada,2,441.74,0.0,268.68,3.97
V02148,2025-04-28,C050,P004,Tienda fisica,Confirmada,4,30.08,0.0,14.87,0.67
V05269,2025-05-17,,P006,Tienda fisica,Confirmada,2,69.48,0.0,37.8,0.99
V01453,2025-03-31,C005,P006,E-commerce,Confirmada,8,69.65,0.08,38.91,28.71
V02133,2024-07-21,C004,P008,Tienda fisica,Confirmada,1,87.43,0.0,48.73,1.45
V04402,2024-02-17,C046,P008,E-commerce,Confirmada,  2 ,  86.63 ,0.05,48.1,  25.92 
V01574,2025-02-27,C020,P007,E-commerce,Confirmada,1,126.39,0.15,69.2,18.11
V01770,2024-10-01,C060,P009,E-commerce,Confirmada,1,132.76,0.1,75.33,25.58
V02293,2025-02-23,C006,P002,Tienda fisica,Confirmada,4,480.26,0.0,295.92,0.54
V03198,2024-07-07,C010,P001,Tienda fisica,Confirmada,2,1219.73,0.0,749.26,2.52
V00800,2025-11-03,C019,P005,Tienda fisica,Confirmada,4,101.54,0.0,51.43,2.38
V02571,2025-06-14,C060,P002,Tienda fisica,Confirmada,2,482.16,0.0,297.99,1.56
V00547,2025-10-17,C042,P005,Tienda fisica,Confirmada,5,101.82,0.0,52.58,1.41
V02359,2025-09-18,C036,P005,Tienda fisica,Confirmada,5,98.72,0.0,51.96,1.91
V00182,2024-11-03,C045,P010,E-commerce,Confirmada,3,35.81,0.1,17.97,25.95
V02169,2024-07-10,C027,P009,E-commerce,Confirmada,2,132.67,0.0,76.14,26.99
V03479,2025-03-28,C025,P001,Tienda fisica,Confirmada,5,1272.05,0.0,812.02,1.61
V03010,2025-11-19,C008,P007,E-commerce,Confirmada,1,130.97,0.0,70.3,22.48
V05225,2024-07-29,C040,P007,E-commerce,Anulada,4,119.98,0.0,64.08,29.37
V04229,2024-09-04,C054,P007,E-commerce,Confirmada,2,119.41,0.0,63.46,22.53
V01217,2025-08-13,C055,P001,Tienda fisica,Confirmada,3,1262.13,0.1,806.57,3.77
V00097,2025-06-11,C050,P006,E-commerce,Confirmada,2,70.38,0.05,38.63,15.5
V03608,2025-03-10,C010,P005,E-commerce,Confirmada,  9 ,  101.42 ,0.15,51.99,  36.56 
V05128,2025-02-14,C019,P004,E-commerce,Confirmada,4,29.12,0.08,14.55,23.76
V00371,2024-11-21,C036,P002,Tienda fisica,Confirmada,7,441.91,0.05,273.99,0.17
V02946,2025-08-08,C045,P006,E-commerce,Confirmada,7,67.69,0.05,38.95,22.61
V02551,2025-11-16,C013,P008,E-commerce,Confirmada,6,89.58,0.1,52.04,37.37
V03061,2024-07-24,C034,P005,E-commerce,Confirmada,7,94.92,0.0,47.42,46.71
V00617,2025-10-15,C040,P005,E-commerce,Confirmada,4,102.84,0.05,52.4,24.13
V04174,2025-07-08,C040,P008,Tienda fisica,Confirmada,4,92.32,0.0,52.41,3.35
V04896,2024-08-05,C052,P008,Tienda fisica,Confirmada,4,84.28,0.1,48.06,2.11
V03025,2024-09-05,C050,P007,E-commerce,Confirmada,3,117.95,0.15,63.84,33.04
V02936,2024-07-26,C054,P004,E-commerce,Confirmada,3,27.45,0.0,13.26,29.87
V04863,2024-12-16,C020,P008,Tienda fisica,Confirmada,4,84.79,0.0,48.17,0.65
V00440,2024-11-13,C018,P005,Tienda fisica,Confirmada,2,97.36,0.0,48.36,2.49
V02123,2025-10-23,C015,P009,E-commerce,Confirmada,5,136.63,0.0,83.57,30.71
V02679,2024-03-11,C030,P009,E-commerce,Confirmada,3,130.63,0.1,77.48,18.93
V00272,2024-05-06,C039,P007,Tienda fisica,Confirmada,2,118.02,0.0,62.83,2.34
V04222,2025-11-01,C015,P006,Tienda fisica,Confirmada,7,70.4,0.0,37.77,1.41
V04885,2024-06-27,C026,P009,Tienda fisica,Confirmada,  3 ,  133.48 ,0.0,75.81,  0.17 
V04494,2024-06-18,C032,P001,Tienda fisica,Confirmada,1,1220.59,0.0,754.45,0.16
V04372,2025-11-13,C047,P010,Tienda fisica,Confirmada,6,38.06,0.0,19.16,3.61
V00836,2025-04-17,C025,P008,E-commerce,Confirmada,6,91.46,0.0,52.63,21.17
V03899,2025-11-02,C050,P007,Tienda fisica,Confirmada,3,125.1,0.0,68.88,1.18
V02225,2025-06-27,C007,P010,E-commerce,Confirmada,1,37.84,0.0,19.65,17.49
V03634,2025-12-05,C045,P009,E-commerce,Confirmada,5,139.06,0.05,81.56,26.1
V01560,2024-11-30,C030,P007,Tienda fisica,Confirmada,3,123.54,0.05,64.82,2.13
V03096,2025-01-28,C019,P008,E-commerce,Confirmada,1,89.83,0.08,51.61,12.31
V01400,2024-12-16,C013,P004,Tienda fisica,Confirmada,8,28.6,0.0,13.29,1.01
V03095,2025-02-06,C035,P005,E-commerce,Confirmada,1,102.94,0.05,51.93,11.84
V04593,2025-04-04,C025,P006,E-commerce,Confirmada,12,68.73,0.08,38.56,43.06
V01097,2024-11-30,C046,P004,Tienda fisica,Confirmada,5,28.07,0.0,13.19,0.11
V04206,2024-09-01,C050,P002,Tienda fisica,Confirmada,1,455.22,0.0,275.65,1.69
V01203,2024-05-15,C050,P008,Tienda fisica,Confirmada,4,87.45,0.0,48.9,1.36
V02890,2025-03-30,C009,P010,Tienda fisica,Confirmada,3,36.87,0.0,19.05,2.17
V02046,2024-07-28,C051,P010,E-commerce,Confirmada,2,34.65,0.1,18.1,14.29
V04033,2025-09-28,C028,P005,E-commerce,Confirmada,  6 ,  98.72 ,0.0,52.31,  36.63 
V01751,2025-03-11,C013,P008,Tienda fisica,Confirmada,7,91.4,0.0,51.48,0.47
V04017,2024-02-03,C021,P010,Tienda fisica,Confirmada,5,35.93,0.0,17.96,0.97
V01177,2024-11-28,C010,P006,Tienda fisica,Confirmada,7,64.79,0.0,35.58,2.9
V02234,2025-10-05,C017,P005,Tienda fisica,Confirmada,10,101.11,0.0,52.34,0.92
V00580,2025-12-20,C055,P007,Tienda fisica,Confirmada,6,126.24,0.0,68.32,1.2
V00040,2024-06-02,C017,P010,Tienda fisica,Confirmada,6,35.12,0.0,18.17,2.88
V04892,2025-12-21,C041,P010,Tienda fisica,Confirmada,1,38.02,0.1,19.62,2.72
V03113,2024-06-25,C014,P004,Tienda fisica,Confirmada,7,28.66,0.0,13.66,3.16
V03857,2025-06-04,C017,P004,E-commerce,Confirmada,5,30.2,0.05,14.7,24.7
V00525,2025-01-11,C036,P010,E-commerce,Confirmada,2,37.23,0.05,19.27,28.93
V03586,2024-01-25,C041,P006,E-commerce,Confirmada,2,65.43,0.0,36.12,16.48
V03020,2024-10-03,C054,P005,E-commerce,Confirmada,7,93.94,0.0,47.16,27.65
V01356,2025-02-16,C017,P007,Tienda fisica,Confirmada,5,125.84,0.0,68.83,2.97
V03995,2024-11-23,C026,P004,E-commerce,Confirmada,16,28.44,0.1,13.19,55.53
V01671,2025-11-16,C014,P004,E-commerce,Confirmada,6,29.15,0.1,14.77,25.04
V02204,2025-08-15,C056,P007,Tienda fisica,Confirmada,1,129.5,0.0,69.92,0.53
V04068,2025-11-10,C005,P009,E-commerce,Confirmada,  3 ,  139.18 ,0.0,81.77,  23.43 
V02657,2024-10-21,C025,P005,Tienda fisica,Confirmada,7,96.82,0.0,48.03,3.68
V01135,2025-11-17,C040,P006,Tienda fisica,Confirmada,10,69.62,0.0,37.94,0.89
V05199,2025-12-26,C043,P010,E-commerce,Confirmada,3,38.12,0.08,19.51,27.95
V03633,2024-04-25,C019,P001,E-commerce,Confirmada,1,1230.03,0.08,753.51,13.26
V02420,2024-09-21,C026,P008,Tienda fisica,Confirmada,4,87.48,0.0,47.29,0.09
V04187,2024-01-20,C024,P005,Tienda fisica,Confirmada,7,93.48,0.0,48.89,2.75
V02288,2024-03-03,C051,P007,E-commerce,Confirmada,2,120.85,0.08,63.25,27.52
V01465,2025-08-25,C035,P010,Tienda fisica,Confirmada,3,37.18,0.0,19.06,2.25
V00698,2024-07-15,C010,P007,E-commerce,Confirmada,2,121.7,0.05,64.2,26.46
V00991,2024-06-04,C050,P009,Tienda fisica,Confirmada,4,132.27,0.05,77.3,2.45
V03531,2025-06-24,C001,P010,Tienda fisica,Confirmada,1,36.66,0.0,19.13,1.5
V00623,2024-05-06,C009,P009,E-commerce,Confirmada,1,128.25,0.1,75.74,15.93
V01797,2024-12-04,C013,P001,E-commerce,Confirmada,12,1202.88,0.08,746.03,38.21
V02272,2024-01-09,C033,P006,E-commerce,Confirmada,6,65.49,0.1,35.58,31.13
V02498,2025-06-05,C005,P009,Tienda fisica,Confirmada,2,138.05,0.0,83.4,0.13
V01670,2024-06-10,C025,P004,E-commerce,Confirmada,4,28.08,0.0,13.24,33.14
V02659,2025-05-03,C034,P002,E-commerce,Confirmada,  3 ,  485.76 ,0.05,290.66,  23.8 
V02184,2024-12-06,C019,P010,Tienda fisica,Confirmada,5,35.98,0.1,18.19,3.55
V01691,2024-03-12,C011,P006,E-commerce,Confirmada,7,66.1,0.0,35.14,40.15
V02473,2024-06-11,C056,P005,E-commerce,Confirmada,5,96.43,0.0,48.38,31.08
V00048,2024-05-11,C002,P003,E-commerce,Confirmada,1,1693.62,0.1,1131.29,18.07
V00871,2025-05-09,C016,P002,Tienda fisica,Confirmada,9,473.18,0.1,295.55,0.11
V01288,2024-11-12,C036,P002,E-commerce,Confirmada,3,456.59,0.1,277.02,22.4
V03216,2025-05-13,C037,P004,Tienda fisica,Confirmada,14,29.19,0.0,14.36,0.61
V04500,2025-01-03,C041,P004,E-commerce,Confirmada,5,30.23,0.0,14.87,29.56
V03649,2025-09-10,C038,P002,E-commerce,Confirmada,1,479.14,0.1,293.94,22.64
V00338,2024-06-09,C043,P005,Tienda fisica,Confirmada,3,93.98,0.0,48.54,0.6
V00538,2024-02-08,C020,P004,Tienda fisica,Confirmada,6,28.67,0.0,13.25,2.36
V01511,2024-10-24,C025,P010,Tienda fisica,Confirmada,1,35.74,0.0,17.58,1.24
V03432,2025-04-07,C056,P008,Tienda fisica,Confirmada,4,92.1,0.05,51.15,0.07
V02020,2024-11-10,C020,P010,Tienda fisica,Confirmada,8,35.35,0.05,17.61,1.38
V02240,2025-10-14,C040,P008,E-commerce,Confirmada,2,89.41,0.08,52.73,23.34
V03361,2025-08-17,C035,P004,E-commerce,Confirmada,11,30.05,0.0,14.58,47.13
V03802,2025-08-02,C040,P005,Tienda fisica,Confirmada,  13 ,  99.73 ,0.0,51.96,  1.46 
V04923,2024-12-21,C042,P004,E-commerce,Confirmada,4,27.98,0.0,13.22,19.7
V00888,2024-09-24,C059,P009,Tienda fisica,Confirmada,4,130.43,0.1,76.09,1.15
V02054,2025-11-21,C060,P004,Tienda fisica,Confirmada,6,30.47,0.0,14.78,1.35
V00643,2025-09-07,C030,P010,E-commerce,Confirmada,13,36.81,0.0,19.75,46.23
V01713,2025-04-11,C060,P010,Tienda fisica,Confirmada,3,37.39,0.0,19.66,0.73
V01888,2024-12-11,C035,P005,E-commerce,Confirmada,1,97.07,0.0,47.5,22.49
V03387,2024-05-12,C022,P010,Tienda fisica,Confirmada,3,34.93,0.0,18.19,2.52
V02505,2025-05-21,C036,P004,Tienda fisica,Confirmada,1,29.99,0.1,14.33,2.8
V05191,2025-02-28,C039,P010,E-commerce,Confirmada,1,36.97,0.0,19.44,21.61
V00462,2025-11-27,C005,P005,E-commerce,Confirmada,2,103.47,0.05,53.0,28.18
V01473,2024-07-28,C033,P010,Tienda fisica,Confirmada,1,35.13,0.0,18.13,2.14
V04168,2024-06-13,C032,P003,E-commerce,Confirmada,1,1698.03,0.05,1115.71,15.3
V05270,2024-11-12,C025,P007,E-commerce,Confirmada,,119.85,0.0,63.58,28.08
V02778,2024-08-02,C045,P005,E-commerce,Confirmada,7,95.22,0.0,47.21,19.16
V03839,2024-02-20,C010,P006,Tienda fisica,Confirmada,9,63.98,0.0,35.69,2.67
V00669,2025-09-14,C057,P010,E-commerce,Confirmada,1,37.23,0.0,19.35,15.32
V03749,2025-11-24,C031,P006,E-commerce,Confirmada,  4 ,  70.0 ,0.0,37.85,  24.71 
V02414,2025-09-22,C050,P009,Tienda fisica,Confirmada,6,138.96,0.0,83.79,3.28
V03656,2025-08-08,C025,P001,Tienda fisica,Confirmada,2,1254.68,0.1,822.05,2.52
V03849,2025-09-06,C059,P005,E-commerce,Confirmada,15,102.57,0.1,51.76,67.42
V01550,2025-11-05,C050,P005,E-commerce,Confirmada,6,102.08,0.05,51.87,34.72
V04249,2024-02-29,C040,P009,Tienda fisica,Confirmada,5,129.8,0.0,74.6,3.98
V01169,2024-07-14,C051,P010,E-commerce,Confirmada,1,35.06,0.0,17.88,12.65
V03642,2025-07-06,C016,P007,E-commerce,Confirmada,17,129.84,0.15,68.07,62.71
V04691,2025-04-06,C018,P005,Tienda fisica,Confirmada,6,99.42,0.0,51.28,1.87
V02111,2024-09-02,C055,P007,E-commerce,Confirmada,4,119.34,0.0,63.22,23.1
V02847,2025-02-27,C056,P001,E-commerce,Confirmada,3,1291.9,0.0,821.69,27.26
V03328,2024-04-23,C027,P008,Tienda fisica,Confirmada,2,84.99,0.0,47.9,3.49
V03790,2025-07-31,C010,P004,Tienda fisica,Confirmada,14,29.76,0.0,14.8,2.38
V00774,2025-12-06,C059,P010,Tienda fisica,Confirmada,5,37.27,0.0,19.42,0.23
V02913,2024-04-08,C033,P004,Tienda fisica,Confirmada,6,27.75,0.0,13.2,2.34
V03499,2025-09-22,C035,P004,E-commerce,Confirmada,4,29.98,0.0,14.79,34.17
V02727,2025-04-26,C022,P010,Tienda fisica,Confirmada,1,37.05,0.0,19.19,1.3
V05107,2025-12-08,C056,P008,E-commerce,Confirmada,  8 ,  90.05 ,0.0,52.04,  44.77 
V03606,2024-05-30,C051,P009,Tienda fisica,Confirmada,11,132.82,0.0,74.87,3.64
V00193,2025-01-06,C051,P010,E-commerce,Confirmada,4,36.92,0.0,19.41,25.51
V03720,2024-11-12,C025,P007,E-commerce,Confirmada,2,119.85,0.0,63.58,28.08
V04982,2024-01-08,C011,P008,Tienda fisica,Confirmada,1,87.04,0.0,47.38,2.91
V01069,2024-11-19,C047,P008,E-commerce,Confirmada,1,84.5,0.0,47.7,18.31
V03629,2025-12-29,C044,P006,E-commerce,Confirmada,5,69.16,0.15,38.15,29.43
V01317,2025-05-05,C040,P007,E-commerce,Confirmada,1,124.7,0.05,67.77,24.15
V02995,2025-04-08,C060,P002,E-commerce,Confirmada,1,486.71,0.05,290.65,18.34
V02545,2024-03-01,C045,P002,Tienda fisica,Confirmada,1,446.86,0.0,274.18,3.2
V02392,2025-02-11,C026,P004,E-commerce,Confirmada,4,30.2,0.0,14.74,32.94
V01492,2024-07-29,C057,P003,Tienda fisica,Confirmada,1,1625.92,0.0,1129.24,0.48
V03949,2025-12-20,C055,P004,E-commerce,Confirmada,10,29.89,0.1,14.68,34.07
V05275,2024-08-11,,P009,Tienda fisica,Confirmada,1,130.02,0.0,75.1,2.54
V04711,2024-07-25,C019,P002,E-commerce,Confirmada,1,452.46,0.0,269.34,27.8
V01591,2025-08-04,C045,P007,E-commerce,Confirmada,8,126.92,0.0,69.79,38.43
V04649,2024-07-05,C045,P006,Tienda fisica,Confirmada,14,66.6,0.1,35.25,1.27
V04077,2024-04-28,C023,P006,Tienda fisica,Confirmada,  9 ,  66.04 ,0.0,35.18,  0.63 
V02508,2025-03-26,C029,P008,E-commerce,Confirmada,1,88.67,0.1,52.41,18.41
V02790,2025-07-14,C041,P002,E-commerce,Confirmada,3,474.88,0.0,296.09,19.01
V05121,2025-12-20,C025,P005,Tienda fisica,Confirmada,4,102.55,0.0,52.43,0.83
V01603,2025-10-16,C055,P009,E-commerce,Confirmada,2,135.94,0.15,83.68,24.92
V01284,2025-07-13,C054,P001,Tienda fisica,Confirmada,1,1291.0,0.0,804.19,2.71
V02641,2025-07-14,C020,P005,E-commerce,Confirmada,6,102.43,0.1,52.82,26.65
V04939,2025-11-20,C020,P006,E-commerce,Confirmada,5,67.86,0.0,38.42,21.27
V04961,2024-12-15,C012,P006,E-commerce,Confirmada,8,65.28,0.0,36.08,45.82
V02868,2024-04-01,C016,P006,E-commerce,Confirmada,6,66.64,0.1,35.3,30.31
V02799,2024-06-02,C057,P004,E-commerce,Confirmada,10,28.41,0.05,13.67,41.81
V00401,2024-04-28,C053,P009,Tienda fisica,Confirmada,5,132.78,0.05,75.3,0.05
V03398,2025-08-28,C029,P003,Tienda fisica,Confirmada,4,1716.59,0.0,1194.05,3.92
V03038,2024-06-10,C022,P007,Tienda fisica,Confirmada,2,120.89,0.0,62.81,2.93
V01630,2025-07-05,C046,P010,E-commerce,Confirmada,1,36.56,0.0,19.34,22.8
V03324,2024-07-12,C027,P005,Tienda fisica,Confirmada,7,94.52,0.0,47.71,2.96
V04396,2025-09-22,C030,P009,Tienda fisica,Confirmada,2,139.67,0.0,81.77,1.07
V04416,2025-04-12,C055,P004,E-commerce,Confirmada,  7 ,  29.9 ,0.15,14.79,  42.01 
V02600,2025-07-15,C003,P010,E-commerce,Confirmada,1,37.91,0.0,19.24,22.12
V04177,2024-10-22,C048,P004,E-commerce,Confirmada,6,27.62,0.0,13.21,24.53
V01046,2025-03-18,C020,P004,E-commerce,Confirmada,14,30.39,0.0,14.77,42.84
V01447,2025-03-27,C016,P002,Tienda fisica,Confirmada,2,489.81,0.0,297.49,2.39
V03395,2025-01-13,C016,P009,Tienda fisica,Confirmada,2,137.89,0.1,80.97,3.65
V04171,2024-10-13,C033,P004,Tienda fisica,Confirmada,1,27.57,0.0,13.5,2.48
V00416,2025-04-30,C045,P004,E-commerce,Confirmada,2,30.26,0.05,14.73,17.68
V03542,2025-12-01,C055,P002,E-commerce,Confirmada,4,468.95,0.0,299.19,23.15
V00146,2025-09-10,C009,P005,E-commerce,Confirmada,2,101.65,0.05,51.93,18.34
V00865,2025-11-11,C020,P004,E-commerce,Confirmada,9,30.09,0.15,14.34,34.25
V02627,2025-07-26,C030,P005,Tienda fisica,Confirmada,2,100.35,0.0,52.32,1.52
V01202,2024-04-11,C003,P007,E-commerce,Confirmada,1,122.18,0.05,62.46,14.32
V01594,2024-03-09,C049,P005,Tienda fisica,Confirmada,3,94.42,0.0,48.28,2.46
V04672,2025-01-22,C007,P002,E-commerce,Confirmada,4,472.61,0.1,289.8,33.78
V03065,2025-05-19,C030,P005,E-commerce,Confirmada,11,102.96,0.1,52.17,35.2
V01036,2024-10-16,C042,P004,E-commerce,Confirmada,3,28.23,0.05,13.33,16.99
V01107,2025-04-20,C035,P010,Tienda fisica,Confirmada,  4 ,  37.38 ,0.0,19.75,  2.88 
V00347,2025-04-04,C004,P010,E-commerce,Confirmada,4,37.89,0.15,19.24,18.91
V03559,2024-05-05,C001,P010,E-commerce,Confirmada,4,35.04,0.0,18.04,32.52
V03303,2025-04-05,C019,P008,Tienda fisica,Confirmada,5,91.18,0.0,52.96,2.76
V02910,2024-05-10,C047,P004,Tienda fisica,Confirmada,8,28.19,0.0,13.39,1.89
V03033,2025-11-29,C030,P009,E-commerce,Confirmada,1,136.31,0.1,82.04,25.88
V00091,2025-03-18,C026,P005,Tienda fisica,Confirmada,2,101.74,0.0,51.55,2.78
V03215,2025-11-25,C052,P009,E-commerce,Confirmada,6,136.78,0.0,81.52,24.18
V02083,2024-05-21,C056,P006,Tienda fisica,Confirmada,4,64.9,0.0,36.1,2.03
V00183,2024-06-21,C044,P008,Tienda fisica,Confirmada,2,85.95,0.0,48.26,2.53
V04601,2025-12-04,C035,P010,Tienda fisica,Confirmada,1,37.44,0.0,19.37,0.53
V01412,2025-12-26,C030,P010,E-commerce,Confirmada,1,37.02,0.0,19.3,28.8
V04072,2024-05-24,C004,P004,E-commerce,Confirmada,9,28.1,0.0,13.39,24.76
V03079,2025-04-08,C030,P010,E-commerce,Confirmada,7,36.78,0.0,19.66,32.02
V03592,2025-06-18,C019,P010,E-commerce,Confirmada,8,36.77,0.0,19.13,35.4
V00930,2024-11-23,C035,P010,Tienda fisica,Confirmada,2,35.37,0.0,17.99,2.24
V01705,2025-06-21,C035,P010,E-commerce,Confirmada,3,36.71,0.0,19.14,26.65
V03036,2025-11-08,C060,P004,E-commerce,Confirmada,  5 ,  30.5 ,0.08,14.78,  30.09 
V03134,2024-08-01,C047,P004,E-commerce,Confirmada,6,27.48,0.0,13.62,36.51
V01234,2025-01-13,C005,P005,Tienda fisica,Confirmada,7,100.27,0.0,51.52,0.51
V02229,2025-11-20,C051,P006,Tienda fisica,Confirmada,4,69.61,0.0,38.72,1.4
V03820,2025-06-29,C032,P004,Tienda fisica,Confirmada,10,29.9,0.05,14.44,1.62
V04773,2025-04-04,C031,P007,E-commerce,Confirmada,2,126.07,0.0,69.47,14.61
V00385,2024-11-21,C058,P010,E-commerce,Confirmada,1,35.94,0.05,18.18,12.2
V00993,2025-03-10,C035,P007,E-commerce,Confirmada,11,125.91,0.08,69.23,50.19
V05048,2024-09-11,C042,P009,Tienda fisica,Confirmada,2,131.83,0.0,75.97,0.14
V00078,2025-05-31,C025,P010,Tienda fisica,Confirmada,2,37.56,0.0,19.38,2.68
V03143,2024-08-26,C015,P006,Tienda fisica,Confirmada,5,66.61,0.05,35.89,0.67
V01133,2025-06-02,C028,P002,Tienda fisica,Confirmada,1,483.72,0.0,294.73,0.8
V04489,2025-09-19,C014,P005,E-commerce,Confirmada,13,102.26,0.08,52.66,47.06
V04705,2025-02-01,C005,P004,Tienda fisica,Confirmada,12,29.49,0.0,14.62,2.35
V00609,2024-01-07,C053,P008,Tienda fisica,Confirmada,3,87.31,0.0,48.73,1.19
V00818,2024-07-16,C059,P008,Tienda fisica,Confirmada,1,87.42,0.0,48.27,0.48
V00346,2024-05-02,C025,P008,E-commerce,Confirmada,1,85.62,0.05,47.83,26.14
V00566,2025-11-10,C005,P005,Tienda fisica,Confirmada,  6 ,  103.47 ,0.0,52.34,  3.77 
V01410,2025-04-16,C025,P002,Tienda fisica,Confirmada,4,477.04,0.0,296.77,0.35
V00733,2024-11-12,C052,P004,E-commerce,Confirmada,2,28.49,0.0,13.49,23.39
V02867,2024-11-27,C046,P010,E-commerce,Confirmada,3,34.43,0.0,18.04,27.65
V03117,2025-06-29,C030,P009,Tienda fisica,Confirmada,3,138.97,0.0,82.27,0.81
V00161,2024-10-19,C031,P006,E-commerce,Confirmada,7,66.24,0.1,35.48,37.51
V03742,2024-07-20,C041,P009,E-commerce,Confirmada,1,128.35,0.0,75.01,16.64
V02307,2024-04-09,C058,P001,Tienda fisica,Confirmada,2,1203.78,0.0,734.49,2.73
V01545,2025-04-05,C034,P005,Tienda fisica,Confirmada,9,98.9,0.05,53.03,1.95
V03334,2025-01-03,C030,P007,Tienda fisica,Confirmada,2,129.63,0.0,68.92,1.74
V02373,2025-02-03,C038,P005,Tienda fisica,Confirmada,2,103.15,0.0,52.9,2.21
V02400,2024-01-31,C020,P010,Tienda fisica,Confirmada,2,35.78,0.0,17.74,1.8
V03101,2025-07-25,C020,P005,Tienda fisica,Confirmada,4,101.42,0.1,51.9,1.36
V00775,2024-11-12,C031,P003,Tienda fisica,Confirmada,1,1688.49,0.0,1113.13,2.12
V00527,2025-05-17,C030,P008,E-commerce,Confirmada,2,89.28,0.05,52.06,19.93
V01474,2024-09-20,C035,P010,Tienda fisica,Confirmada,3,34.69,0.0,17.81,2.2
V05259,2024-11-01,,P001,Tienda fisica,Confirmada,14,1222.32,0.0,753.25,0.97
V00432,2024-03-04,C001,P004,Tienda fisica,Confirmada,  9 ,  27.93 ,0.05,13.6,  0.21 
V03537,2025-03-24,C013,P005,E-commerce,Confirmada,3,102.35,0.0,51.58,29.12
V03103,2025-09-15,C007,P010,E-commerce,Confirmada,21,37.14,0.0,19.57,43.4
V03910,2025-09-20,C057,P004,Tienda fisica,Confirmada,8,29.87,0.0,14.83,1.6
V02797,2024-10-14,C030,P009,Tienda fisica,Confirmada,2,129.0,0.0,75.61,3.7
V04790,2024-07-03,C047,P008,Tienda fisica,Confirmada,1,83.65,0.0,47.08,0.11
V04118,2024-04-24,C005,P002,E-commerce,Confirmada,2,441.57,0.0,275.01,27.97
V04518,2025-01-08,C038,P001,E-commerce,Confirmada,3,1249.95,0.15,823.27,32.67
V04150,2024-05-14,C055,P005,E-commerce,Confirmada,4,93.98,0.0,48.67,33.96
V02348,2024-07-12,C017,P010,E-commerce,Confirmada,3,35.49,0.0,17.62,18.03
V02188,2024-04-03,C016,P005,Tienda fisica,Confirmada,10,93.64,0.0,47.62,3.7
V02426,2024-04-27,C011,P008,Tienda fisica,Confirmada,4,83.59,0.0,47.5,3.38
V03823,2025-05-23,C047,P004,E-commerce,Confirmada,2,29.1,0.0,14.67,18.0
V01347,2024-03-13,C016,P009,Tienda fisica,Confirmada,1,130.19,0.1,75.77,4.0
V02390,2025-12-06,C017,P006,Tienda fisica,Confirmada,4,70.55,0.0,38.76,0.03
V01622,2024-11-13,C016,P004,Tienda fisica,Confirmada,4,28.24,0.0,13.34,2.54
V04351,2025-07-15,C056,P006,E-commerce,Confirmada,5,69.69,0.05,37.91,36.07
V02622,2025-04-13,C022,P004,E-commerce,Confirmada,  8 ,  29.88 ,0.0,14.52,  44.97 
V00627,2024-10-15,C013,P010,Tienda fisica,Confirmada,1,34.94,0.05,17.78,3.13
V01309,2024-03-05,C020,P005,E-commerce,Confirmada,2,93.77,0.08,47.87,19.85
V02168,2024-01-24,C051,P010,E-commerce,Confirmada,3,35.57,0.08,17.76,24.54
V00713,2024-09-22,C040,P005,E-commerce,Confirmada,1,95.23,0.0,47.68,21.93
V03719,2025-12-26,C011,P001,E-commerce,Confirmada,1,1276.22,0.0,817.65,16.82
V03214,2025-02-23,C054,P002,E-commerce,Confirmada,2,479.66,0.05,299.78,23.63
V04134,2024-04-07,C045,P010,Tienda fisica,Confirmada,9,34.94,0.0,18.0,1.62
V02105,2024-06-14,C058,P004,E-commerce,Confirmada,8,27.57,0.15,13.28,41.81
V03715,2024-03-31,C016,P009,Tienda fisica,Confirmada,4,130.53,0.1,75.55,1.16
V01708,2024-08-01,C022,P006,Tienda fisica,Confirmada,6,64.0,0.0,35.1,3.67
V01067,2024-10-11,C035,P001,E-commerce,Confirmada,1,1191.63,0.0,754.44,25.24
V02529,2024-12-10,C050,P005,Tienda fisica,Confirmada,7,96.47,0.1,47.52,0.21
V04602,2025-05-27,C021,P006,Tienda fisica,Confirmada,4,68.02,0.0,39.12,2.8
V04969,2024-03-02,C020,P009,Tienda fisica,Confirmada,2,128.88,0.0,75.02,3.9
V02004,2025-03-22,C021,P006,Tienda fisica,Confirmada,8,70.36,0.0,38.49,3.21
V01714,2025-11-23,C009,P010,E-commerce,Confirmada,5,36.4,0.0,19.75,16.41
V04576,2025-01-26,C004,P007,Tienda fisica,Confirmada,  3 ,  126.95 ,0.1,69.94,  1.61 
V01315,2024-02-23,C019,P006,Tienda fisica,Confirmada,3,63.89,0.0,34.77,1.41
V03151,2024-10-24,C001,P008,Tienda fisica,Confirmada,3,83.57,0.0,47.73,1.3
V03567,2025-05-15,C055,P008,E-commerce,Confirmada,1,92.53,0.15,52.42,15.38
V01166,2024-07-26,C053,P009,Tienda fisica,Confirmada,2,127.51,0.0,75.78,3.9
V01336,2024-03-26,C010,P008,E-commerce,Confirmada,3,85.96,0.15,48.86,19.68
V00754,2024-12-25,C009,P009,E-commerce,Confirmada,1,128.54,0.0,76.83,14.53
V03685,2024-07-14,C052,P004,E-commerce,Confirmada,2,27.49,0.15,13.18,24.68
V04270,2025-04-27,C030,P010,Tienda fisica,Confirmada,1,36.79,0.0,19.45,2.83
V04468,2025-04-09,C005,P010,Tienda fisica,Confirmada,23,38.07,0.0,19.5,0.92
V00854,2024-04-09,C039,P009,E-commerce,Confirmada,1,127.78,0.08,77.14,21.38
V01118,2025-03-03,C035,P002,Tienda fisica,Confirmada,1,480.64,0.0,300.53,1.13
V03612,2025-07-05,C054,P008,Tienda fisica,Confirmada,1,91.12,0.1,53.01,3.58
V04425,2024-03-18,C034,P010,Tienda fisica,Confirmada,7,34.59,0.0,17.75,1.52
V01275,2024-04-01,C040,P005,Tienda fisica,Confirmada,7,95.26,0.0,47.99,0.58
V04882,2025-11-23,C046,P005,E-commerce,Confirmada,9,103.71,0.0,51.08,36.95
V04558,2025-11-07,C024,P007,Tienda fisica,Confirmada,1,128.4,0.0,68.72,1.29
V02648,2025-05-01,C051,P002,E-commerce,Confirmada,  7 ,  480.46 ,0.15,294.83,  29.4 
V02808,2025-03-26,C051,P006,E-commerce,Confirmada,10,68.8,0.0,38.37,55.64
V03533,2025-12-04,C051,P002,Tienda fisica,Confirmada,5,486.06,0.0,291.34,1.69
V04403,2024-11-23,C028,P008,E-commerce,Confirmada,1,85.68,0.15,48.94,25.75
V04822,2024-05-15,C045,P002,Tienda fisica,Confirmada,1,441.69,0.0,274.29,3.14
V03980,2025-06-11,C038,P005,E-commerce,Confirmada,6,100.95,0.0,52.9,23.68
V02956,2025-04-04,C025,P008,E-commerce,Confirmada,1,90.7,0.0,52.97,12.42
V01307,2025-05-10,C055,P008,Tienda fisica,Confirmada,2,92.7,0.0,52.6,2.54
V01662,2025-11-28,C021,P005,E-commerce,Confirmada,5,103.69,0.0,51.78,37.87
V02970,2025-12-13,C031,P004,E-commerce,Confirmada,7,29.65,0.08,14.7,41.12
V01802,2024-07-06,C045,P010,Tienda fisica,Confirmada,8,35.98,0.0,17.64,1.56
V02554,2024-04-25,C017,P005,E-commerce,Confirmada,7,93.98,0.05,47.13,21.78
V04978,2025-01-26,C045,P008,E-commerce,Confirmada,8,89.94,0.05,51.28,39.17
V04278,2024-12-19,C050,P010,E-commerce,Confirmada,1,35.8,0.05,18.19,27.49
V02300,2024-04-24,C055,P004,Tienda fisica,Confirmada,6,28.09,0.0,13.66,3.21
V02406,2024-11-04,C031,P006,E-commerce,Confirmada,4,66.21,0.05,34.93,32.17
V01285,2025-02-02,C030,P006,E-commerce,Confirmada,8,68.66,0.1,38.73,47.9
V01103,2024-04-10,C010,P004,Tienda fisica,Confirmada,  18 ,  28.03 ,0.05,13.5,  1.88 
V00582,2025-07-07,C006,P004,E-commerce,Confirmada,5,29.61,0.1,14.65,30.56
V01085,2024-11-23,C001,P010,Tienda fisica,Confirmada,1,34.96,0.0,17.96,1.16
V01760,2024-07-19,C053,P005,E-commerce,Confirmada,18,97.19,0.1,47.15,67.91
V00305,2024-04-18,C035,P009,Tienda fisica,Confirmada,7,129.87,0.0,76.82,3.03
V01836,2025-11-28,C019,P005,Tienda fisica,Confirmada,4,103.57,0.0,51.08,0.6
V01687,2024-02-10,C020,P003,E-commerce,Confirmada,6,1668.77,0.0,1103.94,38.09
V04436,2025-12-04,C055,P006,Tienda fisica,Confirmada,8,69.58,0.0,38.93,2.61
V02237,2025-02-09,C007,P010,Tienda fisica,Confirmada,2,37.93,0.0,19.3,0.07
V03087,2025-06-15,C018,P006,E-commerce,Confirmada,13,70.17,0.0,38.99,49.03
V01427,2024-05-10,C021,P005,Tienda fisica,Confirmada,4,97.07,0.0,48.6,0.78
V04330,2024-05-10,C012,P010,E-commerce,Confirmada,6,35.78,0.08,17.51,35.45
V03427,2024-07-04,C055,P010,E-commerce,Confirmada,2,35.04,0.05,17.56,23.92
V04743,2024-10-01,C033,P001,E-commerce,Confirmada,2,1208.18,0.1,755.18,25.15
V02597,2025-04-03,C021,P005,E-commerce,Confirmada,7,103.46,0.0,52.63,39.21
V00715,2024-03-28,C026,P002,E-commerce,Confirmada,1,449.78,0.0,272.53,24.2
V02368,2024-06-17,C045,P008,Tienda fisica,Confirmada,1,85.84,0.05,48.24,2.6
V04376,2025-12-26,C025,P010,E-commerce,Confirmada,  4 ,  38.2 ,0.0,19.2,  24.83 
V05141,2024-06-12,C005,P007,E-commerce,Confirmada,2,122.06,0.0,63.89,23.12
V03568,2024-09-16,C052,P006,E-commerce,Confirmada,3,65.49,0.05,35.53,17.18
V03819,2024-11-23,C043,P010,Tienda fisica,Confirmada,1,35.74,0.0,17.68,3.53
V02409,2024-01-05,C043,P008,Tienda fisica,Confirmada,5,87.52,0.0,48.79,1.09
V01588,2025-03-31,C048,P009,Tienda fisica,Confirmada,4,137.87,0.0,82.05,1.71
V02129,2025-03-23,C043,P001,E-commerce,Confirmada,7,1260.08,0.0,814.45,40.77
V02780,2024-08-04,C035,P004,Tienda fisica,Confirmada,4,28.58,0.0,13.32,3.04
V04202,2025-12-05,C025,P002,E-commerce,Confirmada,1,488.64,0.15,297.26,15.58
V02943,2024-10-05,C042,P010,Tienda fisica,Confirmada,1,35.91,0.0,18.16,2.27
V00439,2025-09-23,C001,P004,Tienda fisica,Confirmada,26,30.25,0.0,14.67,0.86
V04913,2024-04-22,C012,P008,E-commerce,Confirmada,3,84.72,0.15,47.23,29.78
V03889,2024-07-25,C010,P008,Tienda fisica,Confirmada,1,86.51,0.0,47.26,2.31
V00524,2025-09-13,C052,P004,E-commerce,Confirmada,3,29.57,0.0,14.36,16.97
V00495,2025-11-20,C040,P010,E-commerce,Confirmada,3,37.09,0.1,19.22,30.98
V01871,2024-02-19,C041,P007,Tienda fisica,Confirmada,2,122.61,0.0,64.16,2.86
V02110,2024-08-06,C055,P009,Tienda fisica,Confirmada,2,131.3,0.0,75.2,1.17
V01910,2025-05-15,C035,P010,E-commerce,Confirmada,  5 ,  36.38 ,0.1,19.0,  29.45 
V01548,2025-05-28,C011,P004,Tienda fisica,Confirmada,6,30.37,0.0,14.38,1.02
V00126,2024-02-11,C028,P007,Tienda fisica,Confirmada,2,122.03,0.0,63.91,3.59
V03413,2025-12-03,C014,P005,Tienda fisica,Confirmada,5,100.5,0.0,52.52,2.65
V02745,2025-12-04,C014,P008,Tienda fisica,Confirmada,11,92.09,0.0,51.15,0.0
V00444,2024-01-12,C020,P005,Tienda fisica,Confirmada,10,95.4,0.0,48.64,2.95
V00298,2024-02-12,C044,P004,E-commerce,Confirmada,4,28.47,0.0,13.61,31.04
V02415,2024-10-13,C058,P008,E-commerce,Confirmada,11,86.94,0.0,47.34,50.62
V00542,2024-05-17,C024,P010,E-commerce,Confirmada,1,34.73,0.1,17.61,23.71
V02938,2025-05-28,C031,P004,Tienda fisica,Confirmada,16,29.9,0.0,14.56,1.59
V01816,2024-07-24,C035,P008,Tienda fisica,Confirmada,1,87.1,0.0,48.8,3.71
V05030,2025-11-20,C040,P007,Tienda fisica,Confirmada,3,125.47,0.0,67.74,2.29
V00410,2025-05-06,C040,P005,E-commerce,Confirmada,9,101.38,0.0,52.81,45.76
V05002,2024-07-26,C045,P010,E-commerce,Confirmada,1,34.59,0.0,18.13,19.3
V03599,2024-10-31,C052,P002,E-commerce,Confirmada,1,457.91,0.1,267.8,15.34
V05258,2025-09-14,C057,P010,E-commerce,Confirmada,,37.23,0.0,19.35,15.32
V01640,2024-05-23,C035,P004,Tienda fisica,Confirmada,7,27.59,0.1,13.37,3.22
V02523,2024-05-28,C027,P005,Tienda fisica,Confirmada,  3 ,  93.17 ,0.1,47.31,  3.54 
V01003,2025-01-14,C009,P008,Tienda fisica,Confirmada,1,92.56,0.0,51.29,1.99
V00094,2025-11-25,C003,P010,E-commerce,Confirmada,6,37.24,0.0,19.58,36.8
V00340,2025-11-28,C019,P008,Tienda fisica,Confirmada,6,89.04,0.0,51.21,3.51
V01507,2024-03-23,C008,P005,Tienda fisica,Confirmada,7,93.57,0.0,48.86,2.3
V03550,2025-10-13,C040,P006,E-commerce,Confirmada,4,67.85,0.0,39.1,32.56
V02411,2024-01-12,C002,P002,Tienda fisica,Confirmada,5,450.12,0.0,270.04,3.7
V04497,2024-11-28,C017,P002,Tienda fisica,Confirmada,1,457.74,0.0,266.89,0.1
V03987,2024-04-22,C024,P005,Tienda fisica,Confirmada,3,95.86,0.0,48.23,3.79
V01527,2024-03-30,C022,P006,E-commerce,Confirmada,4,65.3,0.0,35.49,18.72
V00453,2025-01-04,C019,P001,E-commerce,Confirmada,4,1284.27,0.0,816.14,29.97
V05003,2024-08-14,C012,P007,E-commerce,Confirmada,3,118.77,0.15,64.53,23.56
V04753,2025-07-16,C016,P008,Tienda fisica,Confirmada,2,91.06,0.05,51.68,2.38
V03932,2024-01-24,C015,P003,Tienda fisica,Confirmada,5,1698.33,0.0,1131.31,3.81
V04264,2025-09-17,C045,P010,E-commerce,Confirmada,1,37.5,0.15,18.99,21.91
V00248,2025-03-08,C042,P009,E-commerce,Confirmada,1,136.49,0.0,82.95,14.7
V04837,2025-06-13,C031,P008,Tienda fisica,Confirmada,3,89.49,0.0,51.24,2.79
V00840,2024-04-28,C036,P004,E-commerce,Confirmada,  10 ,  27.7 ,0.0,13.42,  49.91 
V02836,2025-09-27,C025,P005,Tienda fisica,Confirmada,3,98.79,0.0,51.43,2.34
V01114,2025-12-21,C055,P005,E-commerce,Confirmada,7,102.28,0.1,52.14,34.35
V00357,2024-07-17,C022,P005,Tienda fisica,Confirmada,7,97.59,0.05,47.99,1.06
V02127,2025-01-21,C054,P010,Tienda fisica,Confirmada,3,37.78,0.0,19.23,0.81
V01436,2025-11-26,C010,P010,Tienda fisica,Confirmada,4,37.32,0.0,19.68,2.88
V03760,2025-03-15,C020,P007,Tienda fisica,Confirmada,2,124.98,0.0,68.29,1.65
V00591,2024-04-04,C034,P002,Tienda fisica,Confirmada,1,463.43,0.0,275.89,0.04
V05028,2025-08-10,C011,P008,Tienda fisica,Confirmada,13,92.03,0.0,51.83,3.98
V03863,2025-06-23,C055,P006,E-commerce,Confirmada,4,67.8,0.05,39.17,31.48
V01924,2025-02-18,C026,P003,Tienda fisica,Confirmada,2,1739.5,0.0,1226.91,1.22
V05085,2025-03-24,C051,P010,E-commerce,Confirmada,2,37.57,0.15,19.45,22.27
V00063,2025-12-05,C020,P008,E-commerce,Confirmada,1,89.14,0.08,52.23,15.82
V04313,2025-08-11,C006,P006,Tienda fisica,Confirmada,3,69.47,0.0,38.71,1.6
V04141,2025-06-16,C020,P006,E-commerce,Confirmada,5,69.74,0.05,37.88,34.14
V02803,2024-05-13,C007,P006,E-commerce,Confirmada,2,64.45,0.0,35.35,21.47
V00867,2025-08-27,C016,P008,Tienda fisica,Confirmada,2,90.59,0.0,52.11,3.57
V02892,2024-07-14,C024,P003,Tienda fisica,Confirmada,  1 ,  1639.65 ,0.0,1137.4,  3.19 
V04094,2024-07-31,C020,P007,E-commerce,Confirmada,3,119.32,0.15,63.93,24.03
V02804,2024-12-26,C026,P007,Tienda fisica,Confirmada,3,119.3,0.0,62.43,3.76
V03462,2024-12-28,C010,P002,Tienda fisica,Confirmada,3,444.26,0.0,276.91,2.55
V01235,2025-03-19,C060,P007,E-commerce,Confirmada,2,124.75,0.0,68.53,29.57
V02304,2024-06-02,C060,P005,Tienda fisica,Confirmada,5,96.65,0.0,47.02,1.45
V01494,2025-08-22,C020,P007,Tienda fisica,Confirmada,2,129.02,0.05,67.85,1.63
V00151,2024-02-29,C038,P010,Tienda fisica,Confirmada,1,35.89,0.0,18.09,1.14
V01306,2025-01-26,C045,P009,Tienda fisica,Confirmada,1,137.45,0.1,83.96,2.54
V02464,2025-01-17,C020,P002,Tienda fisica,Confirmada,4,485.89,0.0,289.66,2.27
V02183,2025-10-05,C035,P009,E-commerce,Confirmada,1,136.31,0.0,81.9,22.29
V01653,2025-03-25,C036,P004,E-commerce,Confirmada,7,29.72,0.05,14.77,31.54
V00082,2025-09-28,C050,P008,Tienda fisica,Confirmada,1,88.93,0.0,52.16,0.8
V04383,2025-12-11,C049,P006,Tienda fisica,Confirmada,7,68.96,0.1,38.14,0.27
V03491,2024-05-02,C042,P004,Tienda fisica,Confirmada,2,27.75,0.0,13.62,2.97
V04373,2025-12-08,C060,P004,E-commerce,Confirmada,4,29.39,0.0,14.32,23.95
V03977,2024-08-06,C010,P002,Tienda fisica,Confirmada,29,442.92,0.0,271.36,2.24
V02287,2025-05-04,C030,P005,E-commerce,Confirmada,  3 ,  100.85 ,0.1,52.52,  26.07 
V00180,2025-12-08,C046,P005,E-commerce,Confirmada,7,103.12,0.05,52.68,36.92
V01448,2025-03-01,C042,P010,E-commerce,Confirmada,6,37.11,0.0,19.43,21.63
V00724,2025-09-03,C021,P007,E-commerce,Confirmada,3,130.18,0.08,68.48,27.77
V01847,2025-03-24,C050,P002,E-commerce,Confirmada,1,469.69,0.0,294.75,21.77
V03680,2024-10-25,C021,P004,E-commerce,Confirmada,5,28.83,0.05,13.25,24.24
V03007,2024-10-06,C031,P010,Tienda fisica,Confirmada,16,35.33,0.0,18.18,0.15
V01759,2024-07-30,C045,P001,E-commerce,Confirmada,3,1188.39,0.0,746.04,23.2
V04397,2024-03-16,C015,P008,E-commerce,Confirmada,1,84.1,0.0,48.96,14.52
V02253,2025-12-12,C034,P006,E-commerce,Confirmada,5,68.37,0.1,38.67,29.93
V01429,2025-02-24,C015,P004,E-commerce,Confirmada,4,30.23,0.0,14.45,32.38
V01834,2024-03-08,C040,P004,Tienda fisica,Confirmada,7,27.96,0.0,13.59,0.67
V04302,2025-06-03,C052,P007,E-commerce,Confirmada,1,126.86,0.08,69.74,19.49
V02538,2025-12-23,C026,P003,E-commerce,Confirmada,1,1787.15,0.1,1196.46,25.5
V04011,2025-04-27,C020,P010,E-commerce,Confirmada,5,37.64,0.08,19.65,35.03
V01394,2024-09-27,C042,P008,Tienda fisica,Confirmada,4,85.43,0.0,48.2,3.87
V03551,2025-12-29,C059,P009,Tienda fisica,Confirmada,8,137.57,0.05,84.09,0.33
V04829,2024-09-10,C007,P004,E-commerce,Confirmada,  6 ,  27.68 ,0.0,13.38,  37.0 
V04203,2025-01-27,C036,P008,E-commerce,Confirmada,7,92.25,0.0,51.65,38.0
V00354,2025-10-19,C042,P010,E-commerce,Confirmada,16,37.11,0.1,19.45,52.67
V04329,2024-01-26,C051,P002,E-commerce,Confirmada,1,460.56,0.05,270.35,24.52
V02638,2025-06-03,C030,P007,E-commerce,Confirmada,5,129.84,0.08,69.52,24.59
V01855,2025-11-23,C026,P002,E-commerce,Confirmada,1,486.19,0.1,293.87,24.96
V04683,2025-05-31,C049,P008,E-commerce,Confirmada,1,89.64,0.05,52.95,21.07
V00692,2025-11-09,C060,P010,E-commerce,Confirmada,1,37.75,0.0,19.26,11.84
V04370,2025-12-12,C018,P002,Tienda fisica,Confirmada,2,482.22,0.0,293.48,3.58
V05248,2025-11-28,C019,P005,Tienda fisica,Confirmada,,103.57,0.0,51.08,0.6
V00696,2025-03-04,C047,P006,E-commerce,Confirmada,2,68.32,0.0,38.85,24.1
V02190,2025-06-20,C012,P005,E-commerce,Confirmada,5,100.67,0.0,52.54,24.65
V02089,2025-05-05,C036,P001,E-commerce,Confirmada,2,1247.98,0.0,793.46,24.4
V02533,2025-02-20,C025,P004,Tienda fisica,Confirmada,2,29.36,0.0,14.32,0.84
V03844,2025-07-31,C050,P004,E-commerce,Confirmada,1,29.33,0.0,14.47,28.86
V02343,2024-03-04,C045,P010,Tienda fisica,Confirmada,4,35.59,0.0,17.49,1.88
V03855,2025-10-16,C030,P009,E-commerce,Confirmada,3,138.86,0.1,82.72,20.89
V01967,2024-07-18,C024,P003,Tienda fisica,Confirmada,  7 ,  1638.99 ,0.05,1132.54,  1.62 
V01349,2025-07-15,C021,P004,Tienda fisica,Confirmada,10,29.41,0.0,14.35,1.28
V01712,2025-06-16,C001,P004,Tienda fisica,Confirmada,3,29.98,0.0,14.65,3.37
V00587,2025-12-02,C036,P009,E-commerce,Confirmada,2,137.05,0.1,82.15,23.39
V02144,2024-05-26,C045,P004,Tienda fisica,Confirmada,3,28.01,0.0,13.39,0.13
V02085,2024-08-18,C040,P005,E-commerce,Confirmada,7,95.93,0.08,48.71,29.62
V01472,2025-11-17,C055,P008,Tienda fisica,Confirmada,3,92.28,0.05,53.11,3.58
V03552,2025-01-23,C050,P004,Tienda fisica,Confirmada,13,29.38,0.0,14.54,2.32
V01059,2025-09-29,C050,P010,E-commerce,Confirmada,1,37.65,0.05,19.55,20.97
V03223,2025-07-02,C030,P004,E-commerce,Confirmada,14,30.1,0.0,14.6,37.83
V00792,2024-09-12,C032,P010,E-commerce,Confirmada,1,35.51,0.1,18.09,12.8
V04897,2024-04-17,C010,P002,Tienda fisica,Confirmada,5,454.96,0.0,272.63,3.32
V05104,2025-10-24,C005,P001,E-commerce,Confirmada,1,1303.16,0.0,796.1,16.54
V00989,2025-04-06,C060,P005,Tienda fisica,Confirmada,6,98.75,0.0,52.96,1.25
V00368,2024-12-23,C050,P009,Tienda fisica,Confirmada,1,130.79,0.0,76.7,3.21
V03231,2025-08-12,C031,P006,Tienda fisica,Confirmada,5,69.73,0.0,38.12,2.91
V03930,2025-10-29,C026,P005,E-commerce,Confirmada,1,103.21,0.0,52.57,22.03
V01406,2025-09-29,C003,P010,Tienda fisica,Confirmada,  2 ,  37.45 ,0.0,19.73,  2.98 
V04811,2025-08-11,C030,P003,Tienda fisica,Confirmada,1,1761.46,0.0,1225.07,3.91
V03209,2024-07-31,C055,P006,E-commerce,Confirmada,2,63.74,0.0,35.32,18.14
V04492,2024-03-06,C060,P001,Tienda fisica,Confirmada,2,1201.53,0.0,731.19,1.14
V02181,2024-11-07,C019,P001,Tienda fisica,Confirmada,9,1200.73,0.0,736.08,2.71
V04759,2025-12-09,C023,P009,E-commerce,Confirmada,1,137.95,0.0,82.19,23.78
V03732,2024-04-07,C018,P007,E-commerce,Confirmada,1,118.55,0.0,63.86,17.04
V03404,2024-12-11,C001,P002,E-commerce,Confirmada,1,453.31,0.08,270.45,15.03
V00469,2024-10-02,C035,P009,Tienda fisica,Confirmada,3,127.81,0.0,75.57,0.85
V03771,2025-03-19,C053,P007,E-commerce,Confirmada,6,126.94,0.0,68.18,29.48
V02244,2025-04-19,C032,P006,E-commerce,Confirmada,8,69.92,0.0,38.02,50.93
V01931,2024-12-13,C008,P007,E-commerce,Confirmada,1,120.61,0.15,64.76,12.64
V01933,2025-02-26,C020,P004,Tienda fisica,Confirmada,4,29.99,0.0,14.37,0.98
V00264,2024-11-23,C012,P002,Tienda fisica,Confirmada,1,448.27,0.0,273.68,1.4
V00085,2025-06-06,C035,P002,Tienda fisica,Confirmada,1,469.35,0.0,291.12,1.37
V01994,2024-06-17,C044,P002,E-commerce,Confirmada,2,455.12,0.0,269.18,20.64
V04757,2024-01-30,C055,P010,Tienda fisica,Confirmada,7,35.93,0.0,18.18,1.86
V02351,2024-11-18,C044,P001,Tienda fisica,Confirmada,  1 ,  1200.73 ,0.0,732.16,  3.04 
V03127,2025-12-30,C011,P008,E-commerce,Confirmada,2,88.5,0.0,52.55,31.35
V05133,2024-02-28,C046,P009,Tienda fisica,Confirmada,1,132.17,0.0,76.91,0.62
V03322,2025-07-19,C031,P010,Tienda fisica,Confirmada,6,37.69,0.0,19.47,0.7
V04464,2024-03-11,C050,P002,E-commerce,Confirmada,2,449.0,0.08,274.94,25.9
V00171,2024-07-07,C046,P009,Tienda fisica,Confirmada,2,128.29,0.0,74.65,3.17
V04670,2024-08-11,C043,P004,Tienda fisica,Confirmada,3,28.65,0.0,13.22,3.81
V04504,2025-11-09,C035,P009,Tienda fisica,Confirmada,2,137.55,0.0,82.21,2.28
V02834,2024-03-09,C025,P001,E-commerce,Confirmada,3,1204.3,0.0,754.79,20.17
V00476,2024-12-21,C025,P009,Tienda fisica,Confirmada,3,127.91,0.0,74.68,1.12
V00390,2024-12-03,C022,P005,Tienda fisica,Confirmada,8,93.31,0.0,47.47,0.62
V03138,2024-04-21,C051,P004,Tienda fisica,Confirmada,6,28.36,0.0,13.26,0.17
V04848,2025-07-28,C005,P004,Tienda fisica,Confirmada,6,30.51,0.0,14.83,2.2
V02550,2025-06-04,C030,P004,E-commerce,Confirmada,7,29.52,0.0,14.55,42.09
V01058,2025-06-10,C021,P001,Tienda fisica,Confirmada,6,1293.56,0.0,803.86,2.61
V01945,2024-12-05,C011,P004,Tienda fisica,Confirmada,7,28.84,0.0,13.59,1.41
V01995,2024-11-28,C010,P007,E-commerce,Confirmada,1,121.08,0.15,64.2,12.81
V03754,2024-10-06,C002,P002,Tienda fisica,Confirmada,  3 ,  463.45 ,0.0,269.99,  0.66 
V02812,2025-05-07,C016,P001,E-commerce,Confirmada,4,1271.42,0.1,807.02,31.9
V03919,2025-11-05,C006,P008,Tienda fisica,Confirmada,7,91.68,0.0,51.83,2.99
V04125,2025-06-04,C026,P007,E-commerce,Confirmada,2,125.89,0.0,68.24,18.24
V00575,2025-01-02,C019,P007,E-commerce,Confirmada,5,127.75,0.1,68.53,34.39
V00662,2025-10-17,C012,P009,Tienda fisica,Confirmada,3,136.02,0.0,81.89,2.5
V00878,2025-12-01,C052,P010,E-commerce,Confirmada,2,37.88,0.0,19.69,27.89
V01765,2025-11-04,C015,P010,Tienda fisica,Confirmada,1,37.37,0.0,19.5,2.27
V01137,2024-09-04,C010,P004,Tienda fisica,Confirmada,13,27.97,0.0,13.24,3.6
V01329,2025-02-06,C034,P010,E-commerce,Confirmada,2,36.83,0.15,19.31,27.72
V03073,2024-04-10,C044,P008,Tienda fisica,Confirmada,6,86.78,0.0,47.87,3.81
V03472,2024-04-16,C012,P002,Tienda fisica,Confirmada,7,462.25,0.1,267.96,0.96
V04481,2025-12-14,C050,P004,E-commerce,Confirmada,4,29.51,0.05,14.38,20.37
V01274,2025-12-22,C054,P004,Tienda fisica,Confirmada,7,29.24,0.0,14.75,3.58
V02002,2025-04-22,C032,P004,Tienda fisica,Confirmada,8,29.9,0.0,14.31,0.55
V00322,2025-09-09,C010,P006,Tienda fisica,Confirmada,7,69.61,0.05,38.02,3.49
V00670,2024-08-20,C030,P003,E-commerce,Confirmada,19,1631.07,0.08,1127.39,73.43
V01827,2024-12-02,C005,P001,Tienda fisica,Confirmada,  2 ,  1217.58 ,0.0,735.75,  1.13 
V03292,2025-05-31,C013,P004,E-commerce,Confirmada,5,29.85,0.0,14.42,35.39
V02823,2024-08-13,C016,P010,Tienda fisica,Confirmada,3,34.99,0.0,18.2,2.04
V03201,2025-06-20,C040,P010,E-commerce,Confirmada,4,36.79,0.0,19.5,18.2
V04675,2024-11-29,C059,P004,Tienda fisica,Confirmada,7,28.44,0.0,13.53,3.12
V00380,2025-09-13,C021,P007,Tienda fisica,Confirmada,1,128.83,0.0,69.51,3.5
V02008,2025-02-08,C016,P004,E-commerce,Confirmada,5,29.41,0.1,14.32,18.96
V02164,2024-11-28,C045,P010,E-commerce,Confirmada,1,35.44,0.0,18.0,13.62
V03098,2024-12-18,C035,P001,E-commerce,Confirmada,1,1197.05,0.05,732.17,26.75
V01101,2024-11-20,C020,P004,Tienda fisica,Confirmada,7,28.02,0.0,13.21,3.29
V03723,2024-03-05,C046,P007,Tienda fisica,Confirmada,1,122.08,0.0,62.4,1.85
V01100,2025-12-16,C007,P003,Tienda fisica,Confirmada,8,1720.88,0.0,1206.65,2.49
V01894,2025-07-17,C010,P005,E-commerce,Confirmada,1,103.2,0.08,52.38,27.3
V03663,2024-11-01,C035,P010,Tienda fisica,Confirmada,1,34.51,0.0,17.65,0.54
V02294,2025-10-14,C016,P004,E-commerce,Confirmada,4,30.31,0.0,14.79,27.02
V01375,2024-07-26,C025,P002,Tienda fisica,Confirmada,5,460.28,0.0,272.32,2.87
V03160,2024-11-22,C028,P007,Tienda fisica,Confirmada,1,122.97,0.0,62.84,2.07
V00741,2024-02-15,C052,P009,E-commerce,Confirmada,  2 ,  129.41 ,0.0,76.73,  21.59 
V02764,2025-05-07,C001,P004,Tienda fisica,Confirmada,7,29.79,0.0,14.86,3.8
V00112,2025-05-03,C025,P004,E-commerce,Confirmada,8,30.29,0.1,14.85,36.1
V02332,2024-02-16,C051,P010,Tienda fisica,Confirmada,3,35.49,0.0,17.91,1.13
V03799,2025-09-12,C003,P002,E-commerce,Confirmada,2,470.66,0.1,296.29,19.74
V00702,2025-10-24,C002,P010,Tienda fisica,Confirmada,6,38.13,0.0,19.06,1.45
V01993,2024-03-14,C043,P008,E-commerce,Confirmada,8,83.87,0.08,48.09,46.34
V05036,2025-01-08,C005,P007,E-commerce,Confirmada,9,125.27,0.1,67.78,30.71
V01778,2024-08-09,C038,P009,Tienda fisica,Confirmada,6,129.57,0.0,75.18,0.63
V02399,2025-10-25,C035,P008,E-commerce,Confirmada,2,91.94,0.05,51.18,22.73
V00505,2024-01-19,C056,P005,E-commerce,Confirmada,5,95.23,0.1,47.13,31.86
V04508,2025-05-25,C021,P003,E-commerce,Confirmada,3,1744.58,0.0,1225.08,28.74
V00064,2025-04-22,C032,P008,E-commerce,Confirmada,11,91.74,0.0,52.67,50.29
V01342,2024-12-06,C052,P009,E-commerce,Confirmada,4,130.32,0.0,76.94,27.18
V02860,2025-10-11,C031,P008,Tienda fisica,Confirmada,9,91.37,0.0,51.46,1.8
V04143,2024-10-30,C012,P007,Tienda fisica,Confirmada,6,121.51,0.0,63.27,2.38
V01809,2024-06-02,C002,P004,Tienda fisica,Confirmada,5,28.0,0.0,13.22,2.19
V01528,2024-01-21,C050,P007,Tienda fisica,Confirmada,  1 ,  120.34 ,0.0,62.83,  1.0 
V02798,2025-07-06,C040,P004,E-commerce,Confirmada,6,30.25,0.08,14.33,40.28
V03256,2025-07-15,C011,P009,E-commerce,Confirmada,6,139.76,0.0,81.55,19.01
V01633,2025-03-27,C035,P010,E-commerce,Confirmada,6,36.68,0.0,19.55,36.34
V01954,2024-10-29,C021,P010,Tienda fisica,Confirmada,11,35.53,0.0,17.93,2.55
V00133,2025-06-26,C026,P002,E-commerce,Confirmada,2,478.42,0.0,296.72,19.12
V04208,2025-07-31,C010,P005,Tienda fisica,Confirmada,7,100.46,0.0,51.57,3.14
V01617,2024-12-01,C056,P010,Tienda fisica,Confirmada,2,35.34,0.1,17.89,2.51
V03659,2024-03-20,C050,P009,E-commerce,Confirmada,1,130.26,0.08,76.65,15.08
V05092,2024-06-28,C055,P005,E-commerce,Confirmada,5,96.18,0.05,47.69,24.81
V01516,2024-07-06,C005,P004,Tienda fisica,Confirmada,5,28.53,0.0,13.18,3.3
V01863,2024-05-12,C006,P007,Tienda fisica,Confirmada,6,120.34,0.0,64.31,2.19
V01418,2024-01-12,C052,P007,Tienda fisica,Confirmada,2,120.81,0.0,63.54,1.32
V04089,2025-02-06,C040,P010,Tienda fisica,Confirmada,2,37.39,0.0,19.19,3.93
V00482,2025-11-08,C006,P007,Tienda fisica,Confirmada,8,127.72,0.0,68.84,3.84
V03954,2024-03-25,C032,P006,Tienda fisica,Confirmada,2,64.98,0.0,35.0,2.1
V01148,2024-10-07,C012,P004,E-commerce,Confirmada,3,28.52,0.0,13.29,23.61
V02576,2024-12-18,C015,P009,Tienda fisica,Confirmada,  6 ,  129.89 ,0.0,77.48,  2.37 
V04352,2024-06-13,C045,P010,Tienda fisica,Confirmada,5,35.53,0.0,17.56,2.71
V03335,2025-12-19,C021,P003,Tienda fisica,Confirmada,4,1755.94,0.0,1197.92,1.96
V03611,2025-09-29,C045,P005,E-commerce,Confirmada,2,102.77,0.05,51.28,14.68
V01767,2024-11-15,C001,P005,Tienda fisica,Confirmada,11,93.78,0.0,47.39,0.56
V01534,2025-06-05,C048,P004,Tienda fisica,Confirmada,2,29.73,0.0,14.45,2.49
V05216,2024-02-17,C046,P008,E-commerce,Anulada,2,86.63,0.05,48.1,25.92
V01298,2025-02-11,C054,P006,E-commerce,Confirmada,9,68.92,0.0,39.15,26.47
V03577,2024-03-29,C019,P009,E-commerce,Confirmada,4,133.78,0.0,74.99,21.29
V01302,2024-09-05,C012,P008,E-commerce,Confirmada,3,87.22,0.15,47.41,15.85
V03008,2025-11-18,C041,P005,Tienda fisica,Confirmada,1,98.9,0.1,52.72,2.4
V00065,2025-09-18,C041,P009,E-commerce,Confirmada,6,137.8,0.08,82.07,37.86
V01444,2024-09-21,C042,P010,Tienda fisica,Confirmada,1,34.6,0.0,17.53,2.36
V02893,2024-06-02,C008,P005,Tienda fisica,Confirmada,5,93.84,0.0,47.45,1.01
V02177,2025-09-02,C005,P005,E-commerce,Confirmada,6,99.71,0.0,52.91,38.86
V00793,2024-06-24,C031,P006,Tienda fisica,Confirmada,3,65.18,0.0,35.68,1.11
V03270,2025-07-22,C031,P007,Tienda fisica,Confirmada,1,130.27,0.0,68.02,1.46
V01975,2025-03-17,C016,P001,E-commerce,Confirmada,  2 ,  1254.54 ,0.08,792.37,  19.12 
V04055,2025-01-27,C051,P004,E-commerce,Confirmada,5,29.4,0.1,14.34,22.01
V02405,2025-10-21,C045,P001,E-commerce,Confirmada,3,1303.44,0.05,820.12,16.87
V02319,2025-09-05,C035,P004,E-commerce,Confirmada,11,30.54,0.0,14.5,37.09
V02596,2024-06-01,C025,P008,Tienda fisica,Confirmada,3,84.08,0.05,48.42,0.77
V02261,2024-12-18,C042,P004,E-commerce,Confirmada,1,28.8,0.15,13.56,12.63
V02926,2025-11-23,C039,P002,E-commerce,Confirmada,5,486.04,0.1,296.8,33.06
V01095,2025-01-13,C042,P007,E-commerce,Confirmada,7,130.08,0.05,69.88,43.86
V01952,2024-08-29,C050,P001,Tienda fisica,Confirmada,7,1200.16,0.0,753.28,3.81
V04437,2024-04-02,C051,P008,Tienda fisica,Confirmada,3,83.82,0.0,47.88,1.46
V05138,2025-07-19,C056,P010,E-commerce,Confirmada,3,36.68,0.08,19.3,32.53
V01007,2024-07-09,C002,P005,E-commerce,Confirmada,7,93.65,0.15,47.02,32.25
V02726,2024-01-06,C037,P010,Tienda fisica,Confirmada,5,34.69,0.0,17.73,0.04
V02097,2024-01-30,C021,P009,Tienda fisica,Confirmada,2,132.21,0.0,74.86,3.39
V00906,2025-08-23,C054,P010,E-commerce,Confirmada,5,36.77,0.0,19.63,27.17
V03636,2025-10-18,C048,P009,Tienda fisica,Confirmada,3,140.75,0.0,83.29,3.48
V04999,2024-06-03,C054,P008,E-commerce,Confirmada,4,84.18,0.08,47.07,20.0
V00657,2025-06-01,C029,P007,E-commerce,Confirmada,  1 ,  129.11 ,0.08,69.42,  14.36 
V04814,2025-02-18,C043,P010,Tienda fisica,Confirmada,2,38.05,0.0,19.5,0.72
V03483,2024-06-05,C056,P001,E-commerce,Confirmada,1,1226.87,0.0,745.39,26.63
V00271,2025-10-25,C045,P004,Tienda fisica,Confirmada,9,30.19,0.0,14.3,2.83
V04181,2024-10-25,C060,P007,E-commerce,Confirmada,1,119.2,0.0,64.5,21.19
V04580,2024-05-07,C005,P009,E-commerce,Confirmada,9,132.03,0.0,74.79,20.33
V03757,2025-04-07,C005,P007,E-commerce,Confirmada,1,128.98,0.0,68.69,23.59
V04315,2024-06-29,C045,P010,Tienda fisica,Confirmada,3,35.44,0.0,18.01,2.78
V03376,2024-03-02,C003,P007,Tienda fisica,Confirmada,5,118.3,0.0,64.42,2.29
V04137,2025-11-23,C050,P009,Tienda fisica,Confirmada,1,136.12,0.0,83.14,3.34
V03191,2025-02-24,C015,P002,Tienda fisica,Confirmada,16,488.0,0.0,295.99,2.51
V00307,2024-07-12,C043,P009,Tienda fisica,Confirmada,7,132.35,0.0,76.9,2.97
V01055,2024-03-02,C021,P005,E-commerce,Confirmada,3,97.26,0.05,48.93,25.26
V03006,2024-06-21,C040,P004,Tienda fisica,Confirmada,3,28.57,0.0,13.28,0.05
V00318,2025-02-07,C029,P007,E-commerce,Confirmada,6,130.47,0.0,69.99,27.97
V04766,2025-10-02,C056,P002,Tienda fisica,Confirmada,5,483.76,0.0,299.25,1.76
V02369,2025-04-08,C010,P009,Tienda fisica,Confirmada,1,141.93,0.0,81.67,2.98
V05176,2025-11-18,C060,P007,Tienda fisica,Confirmada,  4 ,  130.16 ,0.0,68.95,  3.27 
V03779,2024-03-20,C031,P008,Tienda fisica,Confirmada,7,85.94,0.0,48.89,3.76
V00814,2025-06-05,C014,P008,E-commerce,Confirmada,3,90.93,0.0,51.4,30.66
V04193,2024-09-26,C025,P006,Tienda fisica,Confirmada,8,66.71,0.0,35.82,3.19
V02487,2025-11-29,C019,P008,Tienda fisica,Confirmada,2,91.57,0.0,52.54,1.49
V03505,2025-11-07,C015,P004,E-commerce,Confirmada,10,29.61,0.0,14.45,40.59
V02845,2025-06-21,C005,P005,E-commerce,Confirmada,6,103.66,0.0,51.31,40.78
V03979,2025-04-23,C005,P009,E-commerce,Confirmada,1,135.76,0.1,82.79,21.89
V01425,2025-03-27,C028,P001,Tienda fisica,Confirmada,4,1309.77,0.0,821.85,3.09
V00129,2025-07-16,C020,P004,Tienda fisica,Confirmada,2,30.53,0.1,14.53,2.26
V03538,2024-08-21,C041,P004,Tienda fisica,Confirmada,8,28.17,0.05,13.42,3.96
V04986,2025-02-28,C026,P004,E-commerce,Confirmada,5,29.72,0.15,14.72,20.0
V04548,2024-09-01,C016,P005,Tienda fisica,Confirmada,3,97.4,0.0,47.94,1.6
V00226,2025-12-06,C039,P003,Tienda fisica,Confirmada,4,1738.2,0.1,1229.28,3.68
V01988,2025-07-31,C035,P001,E-commerce,Confirmada,1,1288.98,0.0,811.04,14.05
V00208,2024-02-04,C051,P008,E-commerce,Confirmada,1,85.07,0.0,47.16,15.02
V01506,2025-07-27,C010,P010,Tienda fisica,Confirmada,1,37.22,0.0,19.62,0.27
V00987,2024-06-27,C051,P010,E-commerce,Confirmada,  4 ,  35.06 ,0.08,17.91,  26.23 
V00160,2024-08-30,C048,P010,Tienda fisica,Confirmada,2,34.67,0.0,18.05,0.91
V04493,2025-11-06,C054,P010,Tienda fisica,Confirmada,3,37.92,0.0,19.72,3.27
V00750,2024-10-04,C010,P004,Tienda fisica,Confirmada,4,28.46,0.0,13.36,1.87
V03607,2024-11-11,C055,P007,E-commerce,Confirmada,2,120.21,0.0,64.38,18.57
V00047,2025-12-07,C001,P007,E-commerce,Confirmada,1,128.78,0.15,68.64,13.14
V04567,2025-10-24,C051,P007,E-commerce,Confirmada,3,128.73,0.05,68.68,21.23
V03580,2025-05-29,C016,P002,Tienda fisica,Confirmada,2,489.98,0.0,290.97,0.48
V04422,2025-06-12,C030,P009,E-commerce,Confirmada,6,135.62,0.0,82.08,39.53
V02401,2024-02-24,C031,P004,Tienda fisica,Confirmada,1,27.97,0.0,13.57,2.22
V00502,2025-11-14,C005,P007,Tienda fisica,Confirmada,2,125.9,0.0,68.14,2.31
V04539,2025-12-31,C028,P002,E-commerce,Confirmada,1,482.51,0.08,301.25,15.4
V01535,2025-12-16,C060,P001,Tienda fisica,Confirmada,7,1302.52,0.05,816.61,0.7
V02041,2025-05-01,C035,P010,E-commerce,Confirmada,4,37.64,0.08,19.49,29.29
V02395,2024-10-14,C011,P008,Tienda fisica,Confirmada,1,86.82,0.0,48.62,0.5
V00866,2024-12-30,C043,P004,Tienda fisica,Confirmada,6,27.69,0.0,13.67,2.08
V01244,2025-02-18,C053,P005,E-commerce,Confirmada,3,103.71,0.08,51.91,30.8
V03261,2024-10-27,C047,P001,E-commerce,Confirmada,  6 ,  1200.23 ,0.1,753.32,  41.11 
V03403,2025-11-19,C032,P004,E-commerce,Confirmada,7,29.31,0.0,14.6,39.63
V04399,2025-08-11,C047,P004,Tienda fisica,Confirmada,23,30.02,0.05,14.62,1.19
V01866,2024-03-18,C021,P005,Tienda fisica,Confirmada,4,94.9,0.05,47.59,0.6
V00252,2025-09-22,C033,P010,E-commerce,Confirmada,10,37.55,0.0,19.56,28.98
V00567,2025-09-05,C035,P010,E-commerce,Confirmada,1,36.74,0.08,19.55,16.57
V01172,2025-12-29,C017,P004,E-commerce,Confirmada,8,29.42,0.0,14.83,36.75
V01696,2025-04-15,C016,P010,E-commerce,Confirmada,2,37.46,0.0,19.52,26.48
V03814,2025-06-18,C032,P009,Tienda fisica,Confirmada,2,136.73,0.0,81.38,0.74
V01682,2025-11-06,C049,P001,Tienda fisica,Confirmada,1,1254.63,0.0,814.13,2.7
V03401,2024-12-11,C001,P009,Tienda fisica,Confirmada,4,128.54,0.0,76.8,3.84
V02269,2025-06-30,C026,P004,E-commerce,Confirmada,9,29.85,0.1,14.68,37.38
V04441,2025-05-22,C029,P005,E-commerce,Confirmada,8,103.02,0.0,51.24,32.89
V02162,2024-07-25,C013,P007,Tienda fisica,Confirmada,2,122.14,0.05,63.11,0.38
V05132,2025-03-19,C005,P003,Tienda fisica,Confirmada,2,1752.75,0.0,1194.63,1.64
V01965,2024-12-13,C034,P002,Tienda fisica,Confirmada,3,450.23,0.0,274.37,0.95
V02688,2025-05-25,C031,P009,Tienda fisica,Confirmada,6,135.55,0.0,82.45,3.86
V04879,2024-12-24,C037,P006,E-commerce,Confirmada,  2 ,  66.78 ,0.1,35.4,  18.25 
V00238,2025-11-06,C026,P010,E-commerce,Confirmada,2,36.52,0.0,19.09,12.74
V01697,2025-08-05,C015,P004,E-commerce,Confirmada,3,30.49,0.0,14.4,28.03
V05152,2025-08-22,C056,P005,E-commerce,Confirmada,26,99.98,0.0,52.87,87.62
V04470,2025-01-27,C036,P007,Tienda fisica,Confirmada,1,130.11,0.0,69.61,0.68
V02416,2025-07-26,C002,P008,E-commerce,Confirmada,2,88.31,0.0,51.44,28.44
V00187,2024-03-15,C035,P005,E-commerce,Confirmada,4,93.78,0.1,48.04,25.54
V03463,2025-04-29,C050,P004,Tienda fisica,Confirmada,6,29.63,0.0,14.33,1.81
V04780,2024-12-01,C017,P004,Tienda fisica,Confirmada,4,27.86,0.0,13.58,2.78
V00024,2025-07-04,C007,P004,E-commerce,Confirmada,12,29.85,0.0,14.71,43.4
V02787,2025-12-07,C057,P005,E-commerce,Confirmada,9,100.26,0.08,51.92,45.21
V03492,2025-08-01,C005,P003,Tienda fisica,Confirmada,2,1799.13,0.0,1233.31,1.14
V03764,2024-01-16,C022,P006,E-commerce,Confirmada,7,66.24,0.1,34.98,39.09
V01873,2024-08-13,C019,P007,Tienda fisica,Confirmada,8,122.67,0.0,63.83,0.66
V01381,2025-10-14,C038,P006,Tienda fisica,Confirmada,3,70.26,0.0,38.01,1.98
V02558,2025-02-15,C027,P003,Tienda fisica,Confirmada,13,1789.19,0.0,1205.6,3.66
V02216,2025-09-12,C009,P009,E-commerce,Confirmada,5,141.03,0.0,82.55,24.86
V00015,2025-05-02,C016,P006,E-commerce,Confirmada,  4 ,  70.93 ,0.08,39.19,  18.2 
V04651,2025-06-17,C025,P009,E-commerce,Confirmada,1,138.11,0.0,82.9,23.77
V01677,2024-06-16,C025,P002,E-commerce,Confirmada,4,454.16,0.0,270.7,19.8
V04341,2025-11-10,C038,P004,E-commerce,Confirmada,7,29.11,0.0,14.67,18.45
V03641,2025-08-05,C021,P002,E-commerce,Confirmada,1,475.53,0.15,299.24,24.62
V02568,2024-03-22,C020,P009,Tienda fisica,Confirmada,2,128.0,0.0,75.23,2.83
V04812,2024-08-24,C014,P008,Tienda fisica,Confirmada,2,84.51,0.05,48.61,1.84
V03503,2024-01-13,C016,P004,E-commerce,Confirmada,3,27.98,0.0,13.58,20.62
V01614,2024-10-19,C026,P010,Tienda fisica,Confirmada,1,34.32,0.0,18.16,1.87
V04775,2025-10-21,C047,P010,Tienda fisica,Confirmada,5,37.0,0.0,19.45,0.3
V01367,2025-12-22,C049,P008,E-commerce,Confirmada,9,92.6,0.05,52.3,28.51
V02338,2024-01-26,C045,P008,E-commerce,Confirmada,2,85.08,0.0,48.42,19.35
V05106,2025-10-13,C010,P010,E-commerce,Confirmada,2,36.56,0.0,19.16,26.0
V00021,2024-07-30,C030,P008,E-commerce,Confirmada,6,84.42,0.05,48.31,39.09
V04082,2024-11-14,C055,P004,Tienda fisica,Confirmada,2,28.52,0.0,13.4,1.15
V02422,2025-07-22,C001,P006,E-commerce,Confirmada,5,69.63,0.0,38.75,33.66
V04958,2024-05-29,C030,P002,E-commerce,Confirmada,1,461.64,0.0,268.41,25.08
V02173,2024-10-22,C017,P005,E-commerce,Confirmada,  12 ,  96.43 ,0.15,48.46,  58.14 
V05219,2025-06-23,C036,P007,E-commerce,Anulada,1,130.06,0.0,69.41,27.55
V02475,2025-09-17,C023,P004,Tienda fisica,Confirmada,7,29.64,0.0,14.4,3.6
V02592,2024-09-19,C040,P007,Tienda fisica,Confirmada,1,122.69,0.0,64.16,1.99
V05254,2025-09-14,C060,P004,E-commerce,Confirmada,,30.05,0.0,14.63,16.63
V01271,2024-10-12,C010,P010,Tienda fisica,Confirmada,1,35.71,0.0,18.03,0.3
V02432,2025-09-21,C059,P005,E-commerce,Confirmada,23,102.14,0.1,52.85,81.54
V02781,2024-08-02,C002,P009,Tienda fisica,Confirmada,4,132.4,0.0,75.89,1.07
V05084,2025-09-26,C051,P007,E-commerce,Confirmada,9,127.47,0.0,68.84,45.26
V04941,2025-09-22,C052,P005,E-commerce,Confirmada,5,102.75,0.0,53.07,25.65
V00184,2025-06-23,C058,P010,Tienda fisica,Confirmada,5,36.79,0.0,19.71,2.49
V01813,2024-03-29,C052,P001,E-commerce,Confirmada,2,1195.74,0.1,730.84,22.5
V01807,2025-01-12,C035,P006,E-commerce,Confirmada,4,69.95,0.15,38.55,23.0
V03099,2024-07-07,C030,P004,E-commerce,Confirmada,4,28.34,0.1,13.5,26.59
V04366,2024-10-04,C045,P005,Tienda fisica,Confirmada,13,97.69,0.0,48.64,0.91
V03339,2025-03-07,C054,P006,E-commerce,Confirmada,6,70.89,0.0,37.85,37.12
V02476,2025-02-21,C049,P008,E-commerce,Confirmada,3,89.39,0.1,53.09,29.87
V00641,2024-10-11,C047,P001,Tienda fisica,Confirmada,  2 ,  1186.15 ,0.1,753.82,  1.19 
V03710,2024-12-13,C025,P004,Tienda fisica,Confirmada,6,27.99,0.0,13.25,3.2
V04250,2024-06-26,C015,P010,E-commerce,Confirmada,3,34.63,0.15,17.96,17.98
V04709,2024-10-04,C034,P004,Tienda fisica,Confirmada,6,27.91,0.0,13.59,1.37
V00877,2025-05-07,C025,P003,E-commerce,Confirmada,1,1736.61,0.0,1200.83,15.37
V00088,2025-09-03,C040,P010,E-commerce,Confirmada,1,37.42,0.1,19.17,25.87
V04856,2024-07-09,C010,P005,E-commerce,Confirmada,7,97.38,0.0,48.31,22.87
V02035,2024-11-15,C035,P001,E-commerce,Confirmada,1,1218.29,0.08,735.78,18.67
V03976,2024-03-22,C010,P002,E-commerce,Confirmada,6,448.12,0.15,273.74,24.61
V04656,2025-12-23,C045,P009,E-commerce,Confirmada,2,140.04,0.1,83.6,23.65
V03394,2025-07-29,C020,P002,E-commerce,Confirmada,6,473.09,0.15,289.62,36.36
V03173,2024-07-22,C050,P005,E-commerce,Confirmada,5,94.54,0.0,48.25,34.14
V04588,2025-03-16,C030,P008,Tienda fisica,Confirmada,4,89.87,0.0,52.63,0.94
V01139,2025-03-17,C025,P001,E-commerce,Confirmada,1,1266.16,0.0,803.94,22.21
V02884,2025-04-03,C001,P009,E-commerce,Confirmada,9,138.75,0.15,81.45,23.35
V03993,2025-11-18,C025,P002,E-commerce,Confirmada,2,477.88,0.0,295.75,30.49
V00965,2025-07-11,C010,P008,Tienda fisica,Confirmada,2,91.54,0.0,52.69,2.24
V01582,2025-12-19,C035,P009,E-commerce,Confirmada,  9 ,  141.32 ,0.15,82.84,  52.64 
V03926,2024-11-12,C035,P006,Tienda fisica,Confirmada,5,65.24,0.0,35.89,3.84
V00431,2024-10-08,C014,P007,Tienda fisica,Confirmada,1,120.82,0.0,63.61,0.59
V01350,2025-09-05,C047,P004,Tienda fisica,Confirmada,6,29.41,0.0,14.61,3.27
V03289,2024-01-26,C045,P008,Tienda fisica,Confirmada,7,86.37,0.0,48.67,3.84
V01983,2025-09-21,C035,P001,Tienda fisica,Confirmada,5,1294.92,0.0,797.57,2.28
V02782,2025-07-07,C039,P002,Tienda fisica,Confirmada,1,487.37,0.0,297.15,2.38
V02039,2024-07-05,C043,P007,E-commerce,Confirmada,5,118.02,0.0,64.28,27.67
V05079,2025-12-18,C060,P010,E-commerce,Confirmada,2,36.42,0.15,19.68,25.88
V00446,2025-09-27,C056,P001,E-commerce,Confirmada,1,1288.86,0.05,795.57,18.68
V03628,2025-09-17,C058,P010,E-commerce,Confirmada,10,37.81,0.1,19.08,49.87
V00274,2024-05-11,C022,P005,E-commerce,Confirmada,2,97.28,0.0,48.17,30.37
V01817,2025-10-24,C035,P008,Tienda fisica,Confirmada,6,89.71,0.0,51.6,3.96
V00335,2024-10-24,C010,P010,Tienda fisica,Confirmada,2,35.49,0.0,18.01,3.85
V01899,2025-04-26,C045,P004,E-commerce,Confirmada,10,30.55,0.0,14.66,28.09
V04395,2024-11-26,C028,P008,Tienda fisica,Confirmada,1,84.85,0.0,47.41,3.7
V02036,2025-05-31,C016,P010,Tienda fisica,Confirmada,3,37.48,0.0,19.44,0.07
V01893,2024-08-09,C025,P004,Tienda fisica,Confirmada,  8 ,  27.71 ,0.05,13.22,  2.18 
V04720,2025-05-24,C050,P010,E-commerce,Confirmada,1,37.45,0.15,19.49,17.42
V00468,2024-03-06,C055,P002,Tienda fisica,Confirmada,3,443.93,0.0,272.69,1.0
V01647,2024-10-03,C001,P005,Tienda fisica,Confirmada,14,93.53,0.1,47.42,0.59
V04671,2025-08-18,C015,P004,Tienda fisica,Confirmada,12,30.32,0.0,14.29,2.72
V02324,2024-07-11,C048,P005,E-commerce,Confirmada,5,95.53,0.0,47.84,39.9
V04857,2024-03-09,C005,P004,E-commerce,Confirmada,7,28.05,0.0,13.41,33.09
V00978,2025-04-08,C005,P001,E-commerce,Confirmada,10,1279.19,0.15,796.94,59.86
V01824,2024-02-20,C030,P008,Tienda fisica,Confirmada,6,86.14,0.0,47.59,3.1
V01026,2025-12-21,C029,P005,E-commerce,Confirmada,17,101.56,0.1,52.18,51.35
V00155,2024-05-10,C038,P005,Tienda fisica,Confirmada,5,95.99,0.0,48.13,2.08
V02236,2025-10-15,C047,P004,Tienda fisica,Confirmada,5,29.2,0.0,14.66,3.51
V01600,2025-11-13,C048,P005,E-commerce,Confirmada,3,101.08,0.0,52.92,31.96
V04287,2024-05-18,C056,P010,Tienda fisica,Confirmada,1,35.6,0.05,17.63,0.06
V04634,2025-04-28,C040,P006,Tienda fisica,Confirmada,3,68.11,0.0,39.03,3.6
V02206,2025-12-22,C055,P009,E-commerce,Confirmada,1,141.92,0.05,82.49,18.05
V03879,2024-11-14,C011,P009,E-commerce,Confirmada,1,133.12,0.08,75.9,21.92
V03249,2025-12-27,C016,P007,E-commerce,Confirmada,  7 ,  124.92 ,0.0,69.03,  33.69 
V01417,2024-04-11,C038,P001,Tienda fisica,Confirmada,1,1226.47,0.0,741.36,2.98
V01262,2024-11-22,C055,P007,Tienda fisica,Confirmada,1,121.03,0.0,64.86,1.18
V02716,2024-12-20,C002,P010,Tienda fisica,Confirmada,1,35.88,0.0,18.18,2.79
V01731,2025-08-30,C015,P007,E-commerce,Confirmada,13,130.5,0.0,67.71,52.75
V04817,2024-07-01,C051,P003,E-commerce,Confirmada,1,1693.87,0.1,1135.37,22.48
V00463,2025-03-09,C050,P005,Tienda fisica,Confirmada,5,100.2,0.0,52.33,1.95
V00002,2025-09-15,C010,P004,E-commerce,Confirmada,6,30.53,0.0,14.43,29.72
V02707,2025-05-14,C025,P004,E-commerce,Confirmada,9,29.82,0.0,14.77,34.42
V01183,2024-04-23,C035,P010,Tienda fisica,Confirmada,2,35.0,0.0,17.84,0.1
V00043,2025-07-07,C029,P003,E-commerce,Confirmada,1,1737.08,0.15,1237.34,13.02
V02997,2025-04-21,C026,P004,E-commerce,Confirmada,7,30.47,0.0,14.78,38.17
V02448,2024-08-12,C045,P003,E-commerce,Confirmada,3,1688.16,0.0,1126.43,23.89
V01119,2024-12-11,C051,P003,Tienda fisica,Confirmada,4,1697.6,0.0,1140.57,2.31
V04255,2025-06-25,C031,P010,Tienda fisica,Confirmada,1,37.03,0.0,19.05,1.25
V01621,2025-11-23,C042,P001,Tienda fisica,Confirmada,1,1272.07,0.0,806.55,1.73
V05103,2025-04-02,C041,P009,Tienda fisica,Confirmada,1,136.62,0.0,82.43,2.74
V04304,2025-12-05,C004,P005,Tienda fisica,Confirmada,  14 ,  98.89 ,0.0,51.35,  0.4 
V00057,2025-12-30,C050,P007,E-commerce,Confirmada,1,124.66,0.08,69.49,23.94
V04652,2024-08-21,C026,P009,E-commerce,Confirmada,1,132.29,0.15,76.44,18.13
V04282,2024-09-13,C005,P004,E-commerce,Confirmada,2,28.82,0.0,13.44,22.25
V00188,2024-12-20,C022,P010,Tienda fisica,Confirmada,1,35.16,0.0,18.19,2.05
V00056,2025-12-07,C057,P008,E-commerce,Confirmada,2,90.56,0.1,51.36,27.7
V02221,2025-02-14,C005,P004,Tienda fisica,Confirmada,6,29.34,0.0,14.46,2.87
V05105,2024-03-21,C041,P004,Tienda fisica,Confirmada,9,28.06,0.0,13.67,2.89
V00922,2025-10-12,C055,P007,E-commerce,Confirmada,2,126.52,0.0,70.14,15.89
V05025,2024-11-30,C049,P009,Tienda fisica,Confirmada,2,132.63,0.0,75.78,2.78
V02543,2024-06-17,C046,P009,Tienda fisica,Confirmada,3,133.46,0.0,76.77,0.63
V02277,2025-04-25,C041,P007,E-commerce,Confirmada,2,128.33,0.0,69.79,19.25
V00290,2024-06-28,C019,P005,Tienda fisica,Confirmada,6,93.73,0.0,48.91,0.79
V00457,2024-08-30,C019,P001,Tienda fisica,Confirmada,7,1193.33,0.0,732.2,1.64
V04008,2024-08-15,C060,P003,E-commerce,Confirmada,3,1674.02,0.1,1127.97,16.71
V04311,2025-02-01,C036,P009,Tienda fisica,Confirmada,6,136.6,0.0,83.73,2.14
V01959,2025-12-25,C025,P010,Tienda fisica,Confirmada,3,37.78,0.0,19.69,3.75
V02729,2025-11-09,C055,P005,Tienda fisica,Confirmada,  4 ,  102.93 ,0.05,52.97,  1.36 
V00835,2025-12-04,C019,P005,E-commerce,Confirmada,11,102.18,0.1,51.28,46.89
V04942,2025-12-01,C016,P008,Tienda fisica,Confirmada,2,91.24,0.0,51.79,2.48
V00233,2024-12-27,C025,P010,E-commerce,Confirmada,3,35.01,0.0,17.69,17.29
V03788,2024-08-27,C036,P008,E-commerce,Confirmada,14,83.76,0.0,48.11,41.49
V05253,2024-07-05,,P001,Tienda fisica,Confirmada,2,1206.26,0.1,742.97,1.36
V05177,2024-08-12,C028,P008,Tienda fisica,Confirmada,3,85.16,0.0,47.91,1.99
V04124,2025-01-28,C055,P002,E-commerce,Confirmada,5,487.22,0.05,294.14,37.69
V03681,2025-12-27,C045,P007,Tienda fisica,Confirmada,5,129.56,0.0,67.85,0.62
V02209,2024-03-05,C027,P008,Tienda fisica,Confirmada,9,84.46,0.1,47.75,0.18
V04310,2024-07-29,C040,P007,E-commerce,Confirmada,4,119.98,0.0,64.08,29.37
V05045,2024-10-06,C040,P005,Tienda fisica,Confirmada,1,95.89,0.1,47.6,0.19
V04789,2025-03-19,C044,P006,E-commerce,Confirmada,3,69.89,0.0,38.31,30.97
V01561,2024-02-04,C020,P005,Tienda fisica,Confirmada,5,94.53,0.0,48.57,0.61
V03037,2024-01-24,C017,P007,E-commerce,Confirmada,1,122.55,0.05,64.18,10.43
V02493,2025-04-21,C045,P004,E-commerce,Confirmada,6,30.42,0.0,14.73,23.18
V03408,2024-06-29,C005,P004,Tienda fisica,Confirmada,4,27.99,0.1,13.32,3.56
V00602,2024-04-25,C051,P007,E-commerce,Confirmada,  1 ,  119.4 ,0.15,63.15,  25.91 
V02316,2024-09-22,C003,P006,E-commerce,Confirmada,7,66.75,0.0,34.73,35.51
V03307,2025-11-20,C040,P004,E-commerce,Confirmada,3,29.74,0.08,14.34,21.66
V00607,2024-08-11,C006,P009,Tienda fisica,Confirmada,1,129.26,0.0,75.78,3.37
V01094,2024-04-21,C035,P009,Tienda fisica,Confirmada,1,133.15,0.05,75.22,2.19
V00010,2025-12-12,C015,P005,Tienda fisica,Confirmada,14,100.75,0.0,51.52,2.55
V00519,2025-06-07,C036,P008,E-commerce,Confirmada,2,89.81,0.1,51.89,29.59
V03619,2024-11-05,C035,P010,Tienda fisica,Confirmada,2,34.98,0.0,17.62,0.67
V02030,2025-08-02,C012,P007,E-commerce,Confirmada,6,125.87,0.05,68.48,28.17
V00320,2024-08-06,C030,P004,Tienda fisica,Confirmada,8,27.98,0.0,13.62,1.44
V00285,2025-07-14,C053,P007,E-commerce,Confirmada,1,126.36,0.0,69.12,22.56
V01932,2025-09-27,C004,P005,Tienda fisica,Confirmada,8,98.96,0.0,51.17,3.99
V04038,2025-04-02,C007,P002,Tienda fisica,Confirmada,2,485.93,0.0,295.01,1.14
V03142,2024-08-20,C038,P004,Tienda fisica,Confirmada,6,28.69,0.0,13.55,1.02
V04795,2024-05-10,C032,P009,E-commerce,Confirmada,3,131.85,0.1,77.38,28.33
V00620,2024-03-24,C048,P005,Tienda fisica,Confirmada,11,96.32,0.0,47.8,3.09
V03114,2024-07-13,C015,P006,Tienda fisica,Confirmada,8,64.65,0.0,35.75,0.59
V00323,2025-12-08,C060,P010,E-commerce,Confirmada,  7 ,  37.8 ,0.15,19.5,  39.46 
V01766,2024-03-08,C011,P006,E-commerce,Confirmada,10,64.04,0.0,35.48,27.96
V02474,2025-05-24,C038,P005,Tienda fisica,Confirmada,1,103.45,0.0,52.07,3.75
V02984,2025-01-05,C060,P004,E-commerce,Confirmada,8,29.73,0.0,14.86,37.33
V02761,2024-12-06,C042,P005,E-commerce,Confirmada,7,96.38,0.05,48.57,29.2
V03727,2025-10-08,C057,P003,Tienda fisica,Confirmada,5,1790.2,0.05,1209.47,2.72
V00994,2025-04-23,C032,P007,E-commerce,Confirmada,1,126.02,0.0,69.74,12.92
V03584,2024-12-29,C010,P007,Tienda fisica,Confirmada,4,123.32,0.0,64.86,1.59
V01701,2024-07-18,C038,P001,E-commerce,Confirmada,2,1202.7,0.0,734.16,15.89
V02887,2025-12-31,C029,P007,Tienda fisica,Confirmada,1,125.01,0.0,69.27,0.87
V04355,2025-08-31,C035,P009,E-commerce,Confirmada,1,136.11,0.0,83.55,18.92
V01153,2024-10-12,C051,P008,E-commerce,Confirmada,6,86.67,0.05,47.84,41.42
V03854,2024-03-07,C003,P010,E-commerce,Confirmada,1,34.43,0.0,17.59,18.03
V01241,2025-08-11,C047,P004,E-commerce,Confirmada,11,29.59,0.1,14.67,32.01
V00794,2025-12-01,C006,P001,Tienda fisica,Confirmada,4,1297.54,0.0,816.69,2.51
V02668,2025-04-25,C051,P002,Tienda fisica,Confirmada,1,487.06,0.0,293.75,3.4
V03797,2024-11-09,C034,P004,E-commerce,Confirmada,6,28.03,0.05,13.24,35.63
V00411,2025-06-10,C050,P004,Tienda fisica,Confirmada,  2 ,  29.15 ,0.0,14.49,  0.31 
V03106,2025-10-19,C051,P010,E-commerce,Confirmada,2,37.35,0.05,19.19,15.11
V00174,2024-10-16,C001,P007,E-commerce,Confirmada,1,123.32,0.0,63.68,24.34
V02413,2024-09-29,C040,P010,E-commerce,Confirmada,2,34.94,0.05,17.67,18.26
V00720,2024-12-12,C050,P005,E-commerce,Confirmada,5,97.39,0.15,47.63,35.81
V00192,2025-02-18,C047,P002,Tienda fisica,Confirmada,2,482.55,0.0,296.65,1.25
V00601,2024-09-15,C027,P004,Tienda fisica,Confirmada,9,27.65,0.0,13.21,0.27
V03474,2025-07-30,C057,P010,E-commerce,Confirmada,3,37.33,0.0,19.01,34.43
V00424,2025-11-07,C021,P004,E-commerce,Confirmada,3,29.94,0.0,14.68,22.72
V01949,2025-04-07,C011,P004,E-commerce,Confirmada,10,30.01,0.1,14.56,36.92
V04947,2024-11-04,C059,P001,Tienda fisica,Confirmada,1,1203.6,0.0,738.95,1.83
V02687,2025-08-25,C038,P005,E-commerce,Confirmada,16,100.58,0.08,52.12,70.14
V00727,2024-11-18,C049,P004,Tienda fisica,Confirmada,1,28.45,0.0,13.69,2.36
V03345,2025-03-21,C006,P004,E-commerce,Confirmada,1,30.15,0.08,14.66,11.91
V04431,2024-03-15,C059,P009,Tienda fisica,Confirmada,11,130.14,0.1,75.45,0.89
V03600,2024-09-12,C009,P008,Tienda fisica,Confirmada,10,85.27,0.0,48.92,2.7
V04179,2025-11-07,C021,P010,E-commerce,Confirmada,11,36.59,0.15,19.01,51.54
V03180,2025-03-22,C015,P007,Tienda fisica,Confirmada,  2 ,  128.21 ,0.0,68.23,  0.45 
V00256,2025-05-14,C018,P007,Tienda fisica,Confirmada,7,126.63,0.0,68.71,1.58
V00820,2024-03-29,C015,P010,E-commerce,Confirmada,4,35.45,0.08,17.84,37.45
V03576,2025-09-19,C040,P004,E-commerce,Confirmada,10,29.3,0.15,14.64,33.82
V00778,2025-05-20,C010,P007,E-commerce,Confirmada,2,127.22,0.15,68.52,23.18
V02388,2025-05-17,C010,P005,E-commerce,Confirmada,3,100.03,0.0,51.2,17.19
V01110,2025-06-25,C050,P007,E-commerce,Confirmada,1,130.38,0.0,68.31,13.53
V00485,2025-11-25,C003,P010,Tienda fisica,Confirmada,8,37.31,0.1,19.56,0.11
V03762,2024-07-21,C057,P009,Tienda fisica,Confirmada,2,131.16,0.0,76.65,2.06
V02963,2024-08-09,C057,P007,Tienda fisica,Confirmada,1,120.68,0.0,62.39,3.54
V04064,2024-05-27,C008,P005,Tienda fisica,Confirmada,12,95.14,0.0,48.19,3.06
V02992,2024-08-18,C034,P006,Tienda fisica,Confirmada,6,66.94,0.1,34.84,1.54
V03548,2024-06-05,C034,P008,Tienda fisica,Confirmada,3,86.69,0.0,48.33,0.92
V00481,2024-06-02,C026,P009,E-commerce,Confirmada,4,127.68,0.05,77.32,26.8
V03130,2024-02-18,C040,P006,Tienda fisica,Confirmada,1,66.66,0.0,35.39,3.45
V04779,2025-01-31,C017,P003,Tienda fisica,Confirmada,1,1775.16,0.05,1202.17,3.2
V00868,2024-11-28,C023,P001,E-commerce,Confirmada,6,1181.39,0.08,733.75,22.55
V02976,2025-11-10,C045,P006,E-commerce,Confirmada,  6 ,  70.07 ,0.1,39.01,  36.28 
V01157,2025-06-06,C010,P010,Tienda fisica,Confirmada,4,36.36,0.0,19.21,3.34
V01308,2025-10-07,C012,P002,E-commerce,Confirmada,2,474.26,0.0,289.92,31.03
V01747,2025-11-10,C035,P007,E-commerce,Confirmada,2,126.45,0.08,70.25,27.34
V02859,2024-07-27,C050,P005,E-commerce,Confirmada,8,93.56,0.0,48.07,35.54
V03273,2025-10-28,C018,P005,Tienda fisica,Confirmada,5,101.77,0.0,51.11,0.13
V00645,2024-12-15,C011,P005,E-commerce,Confirmada,5,95.27,0.0,48.71,35.3
V04398,2025-03-07,C057,P006,Tienda fisica,Confirmada,11,68.56,0.0,38.37,3.95
V01736,2024-09-04,C014,P007,Tienda fisica,Confirmada,3,123.23,0.0,63.98,2.64
V01385,2025-07-13,C027,P004,Tienda fisica,Confirmada,3,30.09,0.1,14.77,0.74
V04937,2025-11-01,C010,P004,E-commerce,Confirmada,8,29.77,0.0,14.58,42.92
V00373,2025-05-22,C015,P004,Tienda fisica,Confirmada,1,29.51,0.1,14.39,1.15
V05055,2025-06-29,C032,P007,Tienda fisica,Confirmada,1,128.01,0.1,67.99,3.77
V03765,2024-09-19,C015,P006,Tienda fisica,Confirmada,7,64.88,0.0,34.87,3.45
V01395,2025-01-17,C051,P004,E-commerce,Confirmada,4,29.75,0.0,14.39,36.73
V00850,2024-11-30,C019,P010,Tienda fisica,Confirmada,8,34.5,0.1,17.65,1.85
V00589,2025-09-29,C010,P004,Tienda fisica,Confirmada,7,29.5,0.0,14.32,2.96
V00915,2025-05-12,C002,P006,E-commerce,Confirmada,  15 ,  70.46 ,0.1,38.36,  44.27 
V03369,2024-03-19,C043,P005,Tienda fisica,Confirmada,10,94.71,0.0,47.3,2.21
V02485,2024-04-04,C056,P004,Tienda fisica,Confirmada,5,28.1,0.0,13.5,0.64
V01979,2024-03-19,C005,P005,Tienda fisica,Confirmada,5,94.19,0.0,47.55,2.85
V02608,2024-04-15,C007,P005,Tienda fisica,Confirmada,8,93.88,0.1,48.52,2.89
V04823,2024-01-17,C058,P004,E-commerce,Confirmada,1,28.2,0.0,13.49,25.39
V04556,2025-02-08,C005,P003,E-commerce,Confirmada,9,1792.57,0.0,1225.6,39.64
V03984,2025-12-31,C030,P010,Tienda fisica,Confirmada,1,37.87,0.0,19.01,1.53
V00822,2025-07-10,C004,P008,E-commerce,Confirmada,1,89.7,0.05,52.41,22.53
V02903,2025-12-15,C052,P006,Tienda fisica,Confirmada,5,70.39,0.05,37.69,3.81
V02604,2025-07-31,C025,P008,Tienda fisica,Confirmada,2,91.17,0.0,52.5,1.92
V02654,2025-09-28,C015,P010,E-commerce,Confirmada,4,37.4,0.15,19.01,18.96
V00253,2025-10-07,C038,P004,E-commerce,Confirmada,6,29.54,0.0,14.77,31.14
V03851,2025-04-13,C060,P009,E-commerce,Confirmada,3,140.96,0.0,82.7,21.77
V04800,2024-10-22,C056,P002,Tienda fisica,Confirmada,2,462.85,0.0,270.75,0.59
V03974,2025-05-04,C030,P009,Tienda fisica,Confirmada,1,138.06,0.0,83.93,0.25
V03990,2024-07-28,C034,P007,E-commerce,Confirmada,1,123.09,0.05,64.8,21.73
V03031,2025-12-30,C057,P010,Tienda fisica,Confirmada,  6 ,  37.05 ,0.0,19.0,  2.44 
V00458,2025-04-09,C060,P004,E-commerce,Confirmada,7,30.21,0.1,14.41,34.85
V04247,2025-04-22,C015,P008,E-commerce,Confirmada,3,91.05,0.08,52.48,26.63
V00652,2025-11-25,C024,P005,Tienda fisica,Confirmada,2,102.7,0.0,51.5,2.98
V04702,2024-01-07,C045,P002,E-commerce,Confirmada,2,453.52,0.08,274.01,20.24
V01353,2025-04-20,C006,P010,Tienda fisica,Confirmada,9,37.81,0.0,19.18,3.89
V03041,2025-08-15,C060,P008,E-commerce,Confirmada,4,91.22,0.0,52.5,17.25
V02306,2025-04-01,C041,P001,E-commerce,Confirmada,1,1254.29,0.08,818.19,14.41
V04475,2025-05-28,C047,P010,E-commerce,Confirmada,6,36.84,0.05,19.66,32.88
V00900,2024-01-23,C052,P010,Tienda fisica,Confirmada,1,35.81,0.0,17.94,3.46
V01532,2024-06-24,C017,P006,Tienda fisica,Confirmada,12,65.99,0.0,36.04,2.44
V00071,2024-12-15,C046,P005,E-commerce,Confirmada,4,96.15,0.0,47.76,34.5
V02191,2025-11-08,C038,P010,E-commerce,Confirmada,1,37.26,0.15,19.08,19.75
V04642,2025-04-08,C030,P004,Tienda fisica,Confirmada,5,29.27,0.1,14.42,3.86
V00962,2024-09-10,C011,P009,Tienda fisica,Confirmada,1,131.83,0.0,77.3,2.07
V02327,2024-01-13,C024,P005,E-commerce,Confirmada,6,97.29,0.05,48.27,20.86
V01912,2025-12-26,C006,P010,E-commerce,Confirmada,1,37.11,0.0,19.58,12.42
V00540,2025-01-31,C041,P004,E-commerce,Confirmada,  5 ,  30.19 ,0.0,14.79,  26.1 
V03457,2025-09-13,C015,P009,Tienda fisica,Confirmada,2,135.56,0.0,81.42,3.16
V01718,2024-03-06,C049,P004,E-commerce,Confirmada,6,27.72,0.15,13.7,38.54
V03257,2025-12-16,C045,P001,Tienda fisica,Confirmada,5,1263.44,0.05,820.44,2.18
V03651,2024-11-12,C050,P006,Tienda fisica,Confirmada,5,65.24,0.0,34.95,1.18
V01607,2024-07-15,C057,P010,Tienda fisica,Confirmada,1,35.8,0.0,17.71,2.68
V03804,2025-10-10,C035,P005,E-commerce,Confirmada,7,101.06,0.0,52.31,47.38
V03383,2024-06-25,C050,P004,E-commerce,Confirmada,11,27.65,0.1,13.37,29.9
V03770,2025-02-14,C015,P008,E-commerce,Confirmada,3,91.08,0.0,52.68,22.69
V02617,2024-09-25,C005,P009,E-commerce,Confirmada,4,127.71,0.08,77.06,33.01
V00224,2025-03-13,C025,P008,E-commerce,Confirmada,2,88.36,0.08,51.62,14.56
V00299,2024-09-09,C005,P008,Tienda fisica,Confirmada,2,84.67,0.0,47.56,0.67
V05231,2024-10-22,C041,P004,Tienda fisica,Anulada,20,28.74,0.0,13.21,2.74
V04192,2024-09-26,C050,P010,Tienda fisica,Confirmada,1,35.57,0.0,17.81,0.19
V04641,2024-01-17,C051,P001,E-commerce,Confirmada,1,1199.28,0.0,748.86,13.46
V03360,2024-06-18,C041,P009,Tienda fisica,Confirmada,4,130.87,0.1,75.23,1.93
V03172,2025-06-16,C050,P004,Tienda fisica,Confirmada,3,30.51,0.0,14.45,2.76
V00613,2025-03-08,C024,P008,Tienda fisica,Confirmada,  1 ,  88.52 ,0.0,52.05,  0.86 
V04405,2025-09-14,C026,P010,E-commerce,Confirmada,3,36.87,0.08,19.69,21.73
V00898,2025-11-06,C031,P010,E-commerce,Confirmada,4,36.98,0.05,19.65,27.38
V02880,2024-04-14,C056,P004,Tienda fisica,Confirmada,8,28.0,0.0,13.7,0.4
V04737,2025-11-30,C041,P010,Tienda fisica,Confirmada,2,37.03,0.0,19.5,0.8
V00250,2024-05-26,C006,P008,Tienda fisica,Confirmada,2,86.71,0.0,47.58,3.14
V02949,2025-12-05,C003,P010,E-commerce,Confirmada,12,37.64,0.0,19.26,32.29
V02719,2024-09-07,C016,P002,E-commerce,Confirmada,2,443.06,0.0,273.14,15.85
V04155,2025-12-27,C010,P007,E-commerce,Confirmada,3,125.31,0.08,69.69,28.72
V01515,2024-09-10,C029,P006,Tienda fisica,Confirmada,6,65.37,0.0,34.88,3.98
V01116,2025-05-10,C015,P006,Tienda fisica,Confirmada,3,70.32,0.0,38.66,1.45
V03333,2025-05-10,C005,P006,Tienda fisica,Confirmada,8,69.66,0.0,38.37,1.16
V00568,2024-07-05,C020,P001,Tienda fisica,Confirmada,2,1206.26,0.1,742.97,1.36
V02501,2025-08-07,C025,P007,E-commerce,Confirmada,6,128.36,0.0,68.68,37.07
V00150,2025-04-22,C043,P009,Tienda fisica,Confirmada,1,136.5,0.0,83.23,2.56
V03545,2025-07-03,C002,P001,Tienda fisica,Confirmada,12,1274.19,0.0,814.46,1.27
V04952,2024-06-12,C015,P006,Tienda fisica,Confirmada,18,64.56,0.0,35.17,0.4
V04920,2025-11-30,C030,P007,E-commerce,Confirmada,  2 ,  130.52 ,0.05,68.98,  22.45 
V03167,2025-02-27,C056,P006,E-commerce,Confirmada,13,68.66,0.08,38.7,61.27
V01604,2024-11-03,C053,P001,Tienda fisica,Confirmada,8,1181.16,0.0,747.26,0.73
V00179,2024-03-10,C010,P002,Tienda fisica,Confirmada,2,462.57,0.0,268.91,1.93
V04346,2025-08-29,C032,P007,E-commerce,Confirmada,3,127.53,0.0,68.89,24.33
V01366,2025-09-29,C035,P008,Tienda fisica,Confirmada,4,91.35,0.0,51.57,2.14
V04191,2024-03-08,C009,P007,E-commerce,Confirmada,1,121.76,0.15,63.93,23.06
V03053,2024-10-20,C026,P010,Tienda fisica,Confirmada,6,35.96,0.0,17.61,0.42
V03349,2024-07-20,C053,P004,Tienda fisica,Confirmada,4,28.26,0.0,13.46,0.16
V03690,2025-11-25,C057,P010,E-commerce,Confirmada,2,37.23,0.08,19.12,29.66
V04904,2025-10-08,C015,P010,E-commerce,Confirmada,1,37.59,0.08,19.57,19.7
V00421,2025-05-12,C029,P009,E-commerce,Confirmada,2,136.43,0.0,81.61,14.18
V03985,2025-06-17,C035,P008,Tienda fisica,Confirmada,3,92.53,0.0,51.78,0.78
V02841,2024-09-07,C010,P006,Tienda fisica,Confirmada,2,64.56,0.0,34.93,1.07
V01483,2024-04-22,C051,P010,Tienda fisica,Confirmada,1,36.02,0.0,17.69,0.09
V02479,2025-12-19,C055,P007,E-commerce,Confirmada,9,129.76,0.0,68.48,41.09
V04977,2025-06-13,C025,P008,E-commerce,Confirmada,9,88.34,0.0,52.62,38.18
V01423,2025-02-07,C015,P010,Tienda fisica,Confirmada,  2 ,  37.87 ,0.0,19.38,  3.57 
V03094,2024-11-06,C015,P007,Tienda fisica,Confirmada,3,120.51,0.05,64.34,2.05
V04202,2025-12-05,C025,P002,E-commerce,Confirmada,1,488.64,0.15,297.26,15.58
V01500,2024-03-27,C045,P002,E-commerce,Confirmada,1,452.78,0.0,267.98,22.46
V03070,2025-03-28,C023,P008,E-commerce,Confirmada,2,90.01,0.0,52.89,21.03
V00241,2024-02-04,C027,P010,Tienda fisica,Confirmada,1,35.92,0.0,18.07,0.6
V03639,2025-07-04,C034,P009,E-commerce,Confirmada,5,140.18,0.08,82.69,35.93
V05189,2025-10-16,C055,P010,Tienda fisica,Confirmada,3,36.81,0.0,19.35,2.14
V04782,2025-07-03,C005,P008,Tienda fisica,Confirmada,6,88.43,0.05,52.53,3.29
V02382,2024-03-18,C024,P004,Tienda fisica,Confirmada,11,28.63,0.0,13.5,2.58
V01076,2024-01-20,C025,P010,E-commerce,Confirmada,12,34.43,0.0,17.96,46.35
V00465,2025-08-19,C009,P007,E-commerce,Confirmada,4,128.2,0.0,68.24,18.38
V01575,2024-06-15,C047,P006,E-commerce,Confirmada,2,65.1,0.1,35.19,19.07
V01270,2024-10-18,C010,P006,E-commerce,Confirmada,5,63.95,0.0,35.01,28.93
V00356,2025-10-15,C001,P009,Tienda fisica,Confirmada,3,141.35,0.0,81.11,1.56
V03645,2024-11-26,C053,P008,Tienda fisica,Confirmada,4,83.54,0.0,47.64,3.25
V04430,2025-01-12,C021,P005,E-commerce,Confirmada,7,100.29,0.15,52.98,29.24
V01984,2024-09-27,C019,P010,E-commerce,Confirmada,  2 ,  34.5 ,0.0,17.64,  22.41 
V01321,2024-11-15,C054,P004,Tienda fisica,Confirmada,12,28.82,0.0,13.41,0.72
V02825,2025-02-25,C003,P004,E-commerce,Confirmada,6,30.15,0.1,14.52,22.37
V00832,2024-10-22,C032,P010,Tienda fisica,Confirmada,2,35.65,0.0,17.82,3.38
V03745,2024-04-24,C055,P003,Tienda fisica,Confirmada,4,1650.58,0.05,1114.87,3.75
V01340,2025-03-30,C007,P005,E-commerce,Confirmada,13,99.04,0.0,51.46,66.64
V03540,2025-06-15,C010,P004,Tienda fisica,Confirmada,7,29.46,0.0,14.7,0.94
V01504,2025-07-08,C006,P009,E-commerce,Confirmada,11,136.26,0.0,81.32,39.16
V03293,2025-07-27,C055,P009,Tienda fisica,Confirmada,1,138.47,0.0,83.04,2.1
V02450,2025-06-05,C029,P009,Tienda fisica,Confirmada,5,135.31,0.0,81.24,3.26
V03014,2025-05-20,C004,P009,Tienda fisica,Confirmada,4,136.56,0.0,83.54,3.61
V03312,2025-08-17,C037,P005,E-commerce,Confirmada,5,101.02,0.0,52.08,27.32
V03310,2025-05-19,C015,P006,E-commerce,Confirmada,8,69.59,0.05,38.13,37.17
V00795,2025-12-05,C019,P001,E-commerce,Confirmada,1,1299.43,0.1,822.4,18.32
V02942,2025-04-18,C037,P005,E-commerce,Confirmada,6,100.48,0.08,51.77,31.72
V05184,2025-01-07,C035,P004,E-commerce,Confirmada,3,29.45,0.0,14.47,26.82
V05014,2024-04-17,C030,P005,E-commerce,Confirmada,5,97.28,0.0,47.91,33.93
V03782,2025-08-21,C020,P008,E-commerce,Confirmada,  3 ,  92.08 ,0.05,51.12,  34.87 
V00817,2024-06-28,C037,P009,E-commerce,Confirmada,3,130.48,0.08,75.35,23.5
V04092,2024-09-24,C014,P006,E-commerce,Confirmada,3,65.61,0.08,35.48,28.33
V04450,2024-04-04,C010,P002,E-commerce,Confirmada,13,460.76,0.0,277.19,28.56
V01598,2024-08-28,C011,P006,Tienda fisica,Confirmada,12,63.7,0.0,34.9,1.09
V00997,2024-04-03,C006,P010,Tienda fisica,Confirmada,4,34.51,0.0,17.88,0.85
V04864,2025-05-31,C035,P002,Tienda fisica,Confirmada,1,478.05,0.1,298.67,0.94
V03565,2024-01-28,C029,P010,Tienda fisica,Confirmada,2,35.35,0.0,17.68,0.74
V03508,2025-12-16,C020,P004,E-commerce,Confirmada,7,30.2,0.0,14.67,27.98
V05024,2025-01-01,C006,P006,Tienda fisica,Confirmada,7,69.32,0.0,38.98,0.37
V04410,2025-01-15,C002,P004,E-commerce,Confirmada,7,30.52,0.15,14.47,33.02
V01388,2025-07-09,C009,P006,E-commerce,Confirmada,2,70.08,0.15,38.3,21.85
V05267,2025-02-18,,P003,Tienda fisica,Confirmada,3,1756.73,0.05,1228.02,1.39
V01886,2025-04-11,C022,P001,E-commerce,Confirmada,2,1251.5,0.08,821.05,21.02
V03847,2024-07-18,C012,P008,E-commerce,Confirmada,2,86.7,0.0,48.2,25.53
V03520,2025-08-09,C053,P002,Tienda fisica,Confirmada,3,488.58,0.0,297.05,3.76
V04824,2025-12-19,C025,P007,Tienda fisica,Confirmada,2,129.55,0.1,68.31,2.82
V04791,2024-02-28,C028,P005,Tienda fisica,Confirmada,  5 ,  95.58 ,0.0,47.86,  2.18 
V02463,2025-04-12,C057,P009,Tienda fisica,Confirmada,1,136.53,0.1,82.38,0.15
V00739,2024-04-20,C017,P006,E-commerce,Confirmada,1,65.95,0.1,34.94,26.75
V02199,2025-11-30,C035,P010,Tienda fisica,Confirmada,4,37.83,0.05,19.31,3.59
V01650,2025-03-09,C045,P007,E-commerce,Confirmada,2,125.77,0.0,70.05,28.7
V02336,2024-02-09,C011,P004,Tienda fisica,Confirmada,7,28.1,0.0,13.23,1.36
V02503,2024-07-26,C015,P002,Tienda fisica,Confirmada,9,453.97,0.0,273.81,1.73
V00365,2025-06-02,C023,P007,Tienda fisica,Confirmada,5,126.13,0.0,69.65,2.05
V00976,2024-07-18,C011,P001,Tienda fisica,Confirmada,1,1222.29,0.0,757.05,3.56
V00295,2025-09-21,C015,P008,Tienda fisica,Confirmada,3,90.95,0.0,51.66,1.3
V05185,2024-01-26,C035,P007,Tienda fisica,Confirmada,5,122.88,0.0,63.94,0.83
V00329,2024-09-25,C018,P005,Tienda fisica,Confirmada,5,93.42,0.0,48.88,3.32
V04040,2024-04-23,C059,P009,E-commerce,Confirmada,4,130.0,0.1,75.38,29.35
V03071,2024-09-25,C005,P010,Tienda fisica,Confirmada,1,34.42,0.0,17.64,2.01
V02317,2025-09-01,C026,P009,E-commerce,Confirmada,2,139.44,0.0,83.15,29.83
V00936,2025-08-04,C017,P005,Tienda fisica,Confirmada,3,100.0,0.0,52.59,2.95
V04113,2024-10-17,C021,P006,Tienda fisica,Confirmada,9,65.21,0.0,35.78,3.29
V01997,2025-04-14,C044,P006,Tienda fisica,Confirmada,  6 ,  68.54 ,0.0,38.57,  2.16 
V02470,2025-01-19,C059,P004,Tienda fisica,Confirmada,6,29.15,0.0,14.7,0.57
V04938,2024-10-26,C031,P004,Tienda fisica,Confirmada,7,28.08,0.0,13.6,1.28
V01188,2024-08-24,C058,P010,Tienda fisica,Confirmada,2,34.78,0.1,18.2,3.32
V02512,2025-01-27,C045,P008,Tienda fisica,Confirmada,13,88.63,0.0,51.72,0.86
V01128,2024-07-13,C039,P004,Tienda fisica,Confirmada,7,28.13,0.0,13.59,2.56
V02481,2025-07-29,C025,P005,E-commerce,Confirmada,15,100.84,0.1,53.01,60.87
V04428,2024-08-29,C035,P005,Tienda fisica,Confirmada,3,93.65,0.0,47.37,0.79
V00767,2025-04-05,C035,P010,E-commerce,Confirmada,1,36.84,0.0,19.37,27.52
V02872,2024-09-12,C055,P004,Tienda fisica,Confirmada,1,28.62,0.05,13.18,3.04
V05035,2024-01-10,C008,P004,Tienda fisica,Confirmada,4,28.48,0.1,13.51,3.34
V01556,2024-01-31,C008,P005,Tienda fisica,Confirmada,4,93.98,0.1,47.22,1.47
V02771,2025-10-02,C050,P006,Tienda fisica,Confirmada,4,68.16,0.0,37.76,1.23
V03943,2024-11-05,C023,P006,Tienda fisica,Confirmada,3,66.21,0.0,35.08,0.52
V00816,2025-04-19,C011,P005,Tienda fisica,Confirmada,2,99.12,0.0,51.67,3.34
V03275,2025-09-12,C050,P008,E-commerce,Confirmada,1,89.22,0.05,51.66,14.02
V03314,2024-12-08,C055,P007,Tienda fisica,Confirmada,10,120.31,0.05,64.71,1.04
V00127,2025-09-03,C007,P007,Tienda fisica,Confirmada,  5 ,  125.81 ,0.0,68.49,  2.8 
V04887,2024-08-22,C035,P001,E-commerce,Confirmada,1,1214.02,0.1,747.9,25.26
V02408,2024-05-02,C047,P004,Tienda fisica,Confirmada,8,27.99,0.0,13.2,1.0
V02680,2025-12-20,C026,P004,E-commerce,Confirmada,7,29.63,0.08,14.82,30.98
V01852,2025-12-22,C045,P006,Tienda fisica,Confirmada,5,70.27,0.05,39.0,3.16
V04469,2024-05-15,C014,P001,Tienda fisica,Confirmada,1,1219.82,0.0,738.93,0.33
V04358,2024-07-20,C006,P004,Tienda fisica,Confirmada,7,27.54,0.0,13.52,1.85
V02606,2025-10-06,C050,P009,Tienda fisica,Confirmada,10,137.75,0.0,83.04,1.49
V05181,2024-02-18,C015,P007,Tienda fisica,Confirmada,4,122.68,0.0,63.26,2.71
V01624,2024-04-21,C041,P004,E-commerce,Confirmada,1,28.27,0.0,13.56,18.39
V02080,2025-06-09,C025,P005,Tienda fisica,Confirmada,5,103.42,0.0,52.6,2.72
V03377,2025-11-28,C038,P005,Tienda fisica,Confirmada,8,102.5,0.0,52.44,3.07
V01443,2024-03-27,C048,P007,Tienda fisica,Confirmada,22,120.92,0.0,63.55,2.67
V00834,2024-08-16,C040,P010,E-commerce,Confirmada,1,35.88,0.1,17.56,18.48
V00735,2024-12-16,C006,P009,Tienda fisica,Confirmada,3,133.79,0.0,74.61,0.69
V00450,2024-10-30,C050,P010,Tienda fisica,Confirmada,1,35.7,0.0,17.5,3.72
V02602,2024-06-21,C033,P004,E-commerce,Confirmada,3,28.34,0.05,13.23,30.16
V02678,2024-11-26,C024,P004,E-commerce,Confirmada,  8 ,  28.4 ,0.05,13.24,  41.38 
V03161,2025-04-04,C021,P007,Tienda fisica,Confirmada,3,127.89,0.0,68.99,2.95
V02624,2025-04-03,C040,P006,E-commerce,Confirmada,9,70.01,0.0,37.75,40.33
V01795,2024-12-09,C027,P009,E-commerce,Confirmada,2,133.15,0.05,75.06,28.31
V00648,2025-01-29,C038,P005,E-commerce,Confirmada,8,100.22,0.05,52.41,34.62
V04044,2025-06-13,C006,P004,Tienda fisica,Confirmada,4,30.31,0.1,14.41,2.16
V03260,2025-11-30,C007,P004,E-commerce,Confirmada,7,29.2,0.1,14.74,24.64
V01496,2024-08-25,C011,P001,Tienda fisica,Confirmada,1,1219.08,0.0,753.84,2.09
V02364,2025-08-28,C045,P010,E-commerce,Confirmada,1,37.74,0.08,19.31,16.21
V02102,2024-07-26,C024,P010,Tienda fisica,Confirmada,1,35.35,0.0,18.2,3.72
V00759,2025-08-28,C028,P001,E-commerce,Confirmada,7,1287.38,0.05,802.17,28.16
V01224,2024-03-22,C051,P005,Tienda fisica,Confirmada,3,96.17,0.0,47.57,0.75
V01195,2025-01-04,C010,P009,Tienda fisica,Confirmada,1,136.27,0.05,81.42,0.9
V01576,2024-01-10,C001,P004,Tienda fisica,Confirmada,7,27.62,0.0,13.45,1.25
V00139,2025-10-04,C010,P007,E-commerce,Confirmada,22,127.67,0.1,68.98,48.36
V02053,2025-06-29,C060,P001,E-commerce,Confirmada,1,1261.0,0.0,808.05,20.42
V00784,2024-10-21,C006,P007,Tienda fisica,Confirmada,5,123.06,0.0,63.32,2.76
V03882,2024-07-14,C035,P010,Tienda fisica,Confirmada,  2 ,  34.64 ,0.0,17.52,  1.4 
V04682,2024-06-12,C016,P007,Tienda fisica,Confirmada,5,121.81,0.0,63.43,2.95
V00292,2025-01-31,C051,P010,E-commerce,Confirmada,5,37.61,0.0,19.12,27.28
V01495,2024-08-15,C021,P002,E-commerce,Confirmada,12,461.16,0.1,271.22,46.71
V00937,2025-04-02,C031,P006,E-commerce,Confirmada,5,70.18,0.0,39.09,32.1
V04878,2025-02-20,C005,P008,E-commerce,Confirmada,3,92.23,0.0,52.48,27.97
V05071,2024-04-29,C050,P001,Tienda fisica,Confirmada,6,1190.64,0.05,738.25,3.35
V05260,2024-12-14,C055,P010,E-commerce,Confirmada,,35.63,0.0,17.6,13.21
V04244,2024-08-11,C055,P004,Tienda fisica,Confirmada,4,27.54,0.05,13.53,0.74
V00802,2025-06-13,C055,P009,Tienda fisica,Confirmada,3,139.08,0.0,83.45,2.1
V04970,2025-06-26,C026,P008,Tienda fisica,Confirmada,1,91.33,0.0,53.08,3.69
V02465,2025-11-05,C015,P001,E-commerce,Confirmada,4,1280.9,0.0,818.92,28.85
V01652,2025-05-18,C036,P003,Tienda fisica,Confirmada,5,1770.78,0.0,1208.36,2.77
V00443,2024-03-04,C022,P005,E-commerce,Confirmada,6,96.85,0.08,48.2,32.46
V03655,2025-10-31,C057,P009,E-commerce,Confirmada,1,139.32,0.0,81.2,20.62
V03524,2025-07-02,C059,P008,E-commerce,Confirmada,10,90.86,0.05,52.62,38.36
V00050,2024-05-01,C047,P010,E-commerce,Confirmada,1,35.7,0.08,17.52,20.82
V01980,2025-08-04,C016,P001,Tienda fisica,Confirmada,  1 ,  1289.11 ,0.0,791.97,  1.01 
V03547,2025-09-05,C039,P007,E-commerce,Confirmada,4,128.58,0.0,67.68,34.88
V03871,2024-02-05,C033,P010,E-commerce,Confirmada,1,35.75,0.15,18.1,17.89
V04408,2025-08-22,C019,P006,E-commerce,Confirmada,11,70.81,0.08,38.41,26.54
V03129,2024-07-12,C028,P002,Tienda fisica,Confirmada,12,441.44,0.0,274.65,3.86
V04622,2025-05-07,C050,P004,E-commerce,Confirmada,21,29.47,0.1,14.76,51.12
V03544,2025-12-25,C040,P007,E-commerce,Confirmada,5,126.89,0.0,69.17,36.22
V03507,2025-03-28,C025,P006,Tienda fisica,Confirmada,8,70.02,0.0,39.04,1.32
V02637,2024-06-27,C036,P004,Tienda fisica,Confirmada,3,28.83,0.0,13.39,0.57
V02618,2025-07-17,C026,P009,E-commerce,Confirmada,2,140.66,0.05,81.06,12.7
V00169,2025-07-30,C044,P008,Tienda fisica,Confirmada,1,92.49,0.0,51.79,3.0
V03695,2025-10-25,C060,P005,E-commerce,Confirmada,7,100.74,0.0,51.78,33.52
V03380,2024-12-30,C020,P004,E-commerce,Confirmada,6,27.65,0.0,13.57,18.66
V03755,2024-04-30,C042,P008,Tienda fisica,Confirmada,10,84.4,0.0,48.83,0.42
V03196,2024-08-03,C034,P007,Tienda fisica,Confirmada,4,118.77,0.0,64.43,0.37
V01120,2024-12-16,C050,P004,Tienda fisica,Confirmada,4,28.24,0.0,13.17,2.59
V04664,2024-03-15,C047,P010,Tienda fisica,Confirmada,6,34.5,0.0,17.67,0.2
V03824,2024-11-28,C040,P008,E-commerce,Confirmada,  1 ,  87.47 ,0.05,47.13,  19.46 
V03475,2024-09-04,C025,P003,E-commerce,Confirmada,6,1676.46,0.05,1113.2,32.47
V00367,2025-09-03,C002,P010,Tienda fisica,Confirmada,4,37.35,0.0,19.08,1.53
V03886,2025-02-08,C038,P003,E-commerce,Confirmada,3,1745.71,0.1,1202.15,24.79
V02289,2024-11-02,C025,P005,E-commerce,Confirmada,4,97.15,0.0,47.61,27.45
V04813,2024-05-19,C026,P008,Tienda fisica,Confirmada,12,84.6,0.0,47.57,2.95
V01727,2024-01-06,C020,P010,E-commerce,Confirmada,22,35.41,0.05,17.73,52.45
V00293,2025-10-08,C044,P009,E-commerce,Confirmada,1,136.25,0.15,81.59,12.64
V01171,2025-07-28,C060,P009,E-commerce,Confirmada,2,140.84,0.0,83.29,20.87
V03112,2024-03-20,C049,P009,Tienda fisica,Confirmada,9,132.32,0.0,76.84,3.97
V01199,2025-08-17,C057,P008,Tienda fisica,Confirmada,3,88.37,0.0,52.85,1.97
V02736,2025-04-26,C021,P008,E-commerce,Confirmada,8,90.33,0.08,51.81,35.62
V00781,2024-05-10,C020,P003,E-commerce,Confirmada,6,1681.79,0.0,1142.44,44.11
V03194,2025-08-11,C020,P006,E-commerce,Confirmada,6,68.91,0.05,38.41,31.66
V04940,2024-10-27,C012,P010,E-commerce,Confirmada,1,35.57,0.1,17.99,23.88
V00147,2025-05-07,C048,P005,E-commerce,Confirmada,7,99.85,0.0,52.79,18.42
V00508,2024-05-11,C053,P008,E-commerce,Confirmada,2,87.32,0.08,48.32,23.82
V01636,2024-11-24,C025,P004,Tienda fisica,Confirmada,  5 ,  27.91 ,0.0,13.67,  0.25 
V01755,2025-10-27,C035,P006,Tienda fisica,Confirmada,9,69.08,0.0,39.05,2.33
V01147,2025-07-28,C040,P001,E-commerce,Confirmada,4,1295.75,0.1,803.14,18.89
V00882,2024-10-12,C030,P002,Tienda fisica,Confirmada,2,448.36,0.0,269.81,1.27
V01056,2024-12-08,C057,P010,Tienda fisica,Confirmada,6,34.35,0.1,17.6,3.55
V04169,2024-07-23,C001,P006,Tienda fisica,Confirmada,5,64.71,0.0,35.54,1.18
V05154,2024-09-14,C020,P004,E-commerce,Confirmada,7,28.44,0.0,13.38,37.08
V02593,2024-03-20,C001,P005,E-commerce,Confirmada,8,95.8,0.0,48.33,49.12
V02478,2025-12-15,C028,P008,Tienda fisica,Confirmada,2,91.3,0.0,52.12,1.29
V02928,2025-12-12,C055,P004,E-commerce,Confirmada,7,30.02,0.1,14.83,37.72
V02885,2024-05-25,C025,P007,E-commerce,Confirmada,3,119.03,0.0,64.56,24.56
V03662,2025-05-15,C055,P009,E-commerce,Confirmada,2,139.83,0.0,82.07,14.47
V03892,2024-09-17,C037,P010,Tienda fisica,Confirmada,1,35.83,0.0,17.6,0.69
V03739,2025-05-18,C022,P009,E-commerce,Confirmada,6,138.32,0.05,81.49,32.71
V05137,2024-04-06,C060,P005,E-commerce,Confirmada,2,97.16,0.0,48.49,28.51
V01108,2025-10-09,C015,P001,E-commerce,Confirmada,1,1289.28,0.05,794.51,26.91
V01964,2024-12-04,C013,P005,Tienda fisica,Confirmada,1,96.23,0.0,47.03,0.27
V02268,2024-09-18,C006,P010,E-commerce,Confirmada,  1 ,  35.99 ,0.05,18.03,  21.45 
V01616,2025-12-02,C026,P006,Tienda fisica,Confirmada,9,70.51,0.0,38.66,2.73
V05019,2025-07-10,C059,P004,E-commerce,Confirmada,8,30.41,0.0,14.79,34.96
V00914,2024-10-10,C016,P005,Tienda fisica,Confirmada,5,93.98,0.0,47.79,0.71
V02983,2024-10-31,C053,P006,Tienda fisica,Confirmada,9,64.92,0.0,35.49,0.33
V02569,2025-08-16,C054,P004,E-commerce,Confirmada,14,29.6,0.05,14.48,46.58
V01609,2024-07-03,C046,P010,Tienda fisica,Confirmada,5,34.96,0.0,18.15,2.94
V01662,2025-11-28,C021,P005,E-commerce,Confirmada,5,103.69,0.0,51.78,37.87
V03183,2024-09-26,C051,P008,Tienda fisica,Confirmada,2,86.38,0.05,47.84,0.14
V00072,2025-12-03,C016,P008,E-commerce,Confirmada,2,88.78,0.15,52.29,18.25
V02135,2025-09-09,C060,P010,E-commerce,Confirmada,5,36.38,0.0,19.34,31.26
V03379,2025-07-10,C060,P007,Tienda fisica,Confirmada,3,126.2,0.0,68.16,2.49
V05255,2025-08-03,,P009,Tienda fisica,Confirmada,3,136.39,0.0,83.62,3.94
V01882,2025-09-19,C050,P006,E-commerce,Confirmada,7,68.71,0.0,39.08,38.34
V03956,2025-01-18,C015,P009,Tienda fisica,Confirmada,2,135.71,0.0,82.08,3.09
V02826,2024-05-26,C055,P008,Tienda fisica,Confirmada,2,86.02,0.0,48.97,2.12
V01552,2025-01-08,C006,P006,E-commerce,Confirmada,8,70.39,0.0,38.39,35.71
V04631,2025-01-07,C027,P004,Tienda fisica,Confirmada,  4 ,  29.67 ,0.0,14.62,  1.74 
V02088,2024-04-30,C056,P007,Tienda fisica,Confirmada,22,117.93,0.0,62.68,3.01
V01323,2025-05-26,C026,P008,E-commerce,Confirmada,4,90.04,0.0,52.62,31.47
V00905,2024-09-13,C034,P004,E-commerce,Confirmada,5,28.37,0.0,13.3,23.38
V03780,2025-12-20,C046,P009,Tienda fisica,Confirmada,4,139.27,0.0,83.61,3.02
V00624,2024-04-19,C060,P001,Tienda fisica,Confirmada,7,1230.08,0.0,751.74,2.91
V01290,2024-12-10,C032,P006,Tienda fisica,Confirmada,9,66.53,0.0,34.95,1.79
V04474,2024-10-19,C039,P007,Tienda fisica,Confirmada,1,119.61,0.0,62.97,3.89
V00007,2024-12-13,C021,P010,E-commerce,Confirmada,13,34.31,0.05,17.64,41.36
V00076,2025-10-12,C045,P009,E-commerce,Confirmada,8,140.45,0.1,82.46,47.59
V03658,2025-04-05,C030,P007,E-commerce,Confirmada,5,126.55,0.0,67.79,24.43
V04299,2024-03-10,C060,P006,Tienda fisica,Confirmada,5,66.62,0.0,35.35,0.73
V00675,2025-08-03,C045,P001,E-commerce,Confirmada,3,1299.4,0.0,791.29,23.5
V04365,2025-01-04,C053,P007,Tienda fisica,Confirmada,4,127.48,0.1,69.39,0.21
V03591,2025-12-17,C042,P004,E-commerce,Confirmada,3,30.43,0.0,14.63,20.17
V01891,2025-04-18,C040,P008,Tienda fisica,Confirmada,1,92.76,0.0,51.15,2.1
V03447,2024-05-21,C052,P005,Tienda fisica,Confirmada,10,95.7,0.1,47.59,1.5
V02018,2024-12-23,C021,P010,E-commerce,Confirmada,  4 ,  34.91 ,0.0,18.13,  33.53 
V05274,2025-08-15,C010,P007,E-commerce,Confirmada,,125.36,0.0,69.9,30.43
V00995,2024-05-04,C050,P006,E-commerce,Confirmada,6,63.87,0.0,35.9,33.07
V00632,2025-09-05,C006,P004,E-commerce,Confirmada,4,29.45,0.0,14.46,36.29
V04461,2024-08-27,C050,P009,E-commerce,Confirmada,4,133.64,0.1,77.18,22.29
V00831,2025-12-29,C044,P005,E-commerce,Confirmada,7,99.93,0.08,51.43,32.26
V02266,2024-12-13,C010,P001,Tienda fisica,Confirmada,4,1208.51,0.0,732.39,0.7
V05005,2024-09-28,C034,P010,Tienda fisica,Confirmada,2,36.04,0.0,17.51,0.6
V00776,2025-09-16,C039,P004,E-commerce,Confirmada,3,29.21,0.05,14.52,16.42
V03928,2025-05-28,C039,P002,Tienda fisica,Confirmada,3,469.95,0.0,296.85,0.1
V00259,2024-10-27,C008,P002,E-commerce,Confirmada,8,458.28,0.1,269.45,38.36
V00559,2025-05-01,C057,P004,Tienda fisica,Confirmada,5,29.53,0.0,14.33,1.99
V02830,2024-07-15,C038,P005,Tienda fisica,Confirmada,1,97.42,0.0,47.06,1.65
V04135,2025-06-21,C041,P001,Tienda fisica,Confirmada,1,1301.9,0.0,801.4,0.57
V03184,2025-08-10,C015,P004,Tienda fisica,Confirmada,6,29.49,0.0,14.71,1.17
V01344,2024-12-22,C038,P006,Tienda fisica,Confirmada,2,65.74,0.0,35.13,3.61
V03803,2025-12-08,C019,P006,Tienda fisica,Confirmada,6,67.75,0.1,38.32,2.35
V03288,2024-09-20,C058,P005,E-commerce,Confirmada,  11 ,  95.15 ,0.08,48.82,  47.89 
V04855,2025-09-05,C041,P010,Tienda fisica,Confirmada,2,37.71,0.0,19.36,0.35
V02753,2025-05-04,C014,P007,E-commerce,Confirmada,5,124.92,0.0,67.74,31.05
V00829,2025-08-28,C026,P009,E-commerce,Confirmada,3,137.5,0.08,81.27,32.06
V00393,2025-11-06,C025,P005,Tienda fisica,Confirmada,6,103.68,0.0,52.0,3.1
V02339,2024-09-15,C041,P010,Tienda fisica,Confirmada,6,35.05,0.1,17.68,1.54
V02117,2025-12-13,C025,P005,Tienda fisica,Confirmada,10,101.16,0.0,52.71,1.15
V01082,2024-01-06,C013,P008,Tienda fisica,Confirmada,2,86.21,0.05,48.1,3.15
V00779,2025-06-04,C039,P008,E-commerce,Confirmada,4,90.43,0.05,52.75,25.73
V01693,2024-05-21,C013,P004,E-commerce,Confirmada,10,28.15,0.1,13.69,33.15
V03786,2024-09-24,C035,P007,Tienda fisica,Confirmada,1,119.57,0.0,63.81,0.07
V02139,2025-01-11,C049,P002,E-commerce,Confirmada,4,481.11,0.0,299.25,15.79
V04281,2025-02-10,C056,P005,Tienda fisica,Confirmada,10,103.33,0.1,52.46,0.48
V02769,2025-04-16,C020,P001,Tienda fisica,Confirmada,6,1298.59,0.05,794.85,3.4
V03171,2024-10-12,C020,P001,E-commerce,Confirmada,5,1231.09,0.1,731.38,27.01
V03468,2024-04-18,C045,P004,Tienda fisica,Confirmada,11,28.63,0.0,13.19,0.77
V01252,2024-05-10,C055,P004,Tienda fisica,Confirmada,5,27.6,0.0,13.56,2.16
V02126,2025-08-06,C055,P009,Tienda fisica,Confirmada,  4 ,  135.63 ,0.0,83.57,  0.06 
V01704,2024-11-21,C056,P009,Tienda fisica,Confirmada,3,130.36,0.0,74.64,0.97
V04345,2025-05-21,C012,P008,Tienda fisica,Confirmada,2,91.64,0.0,52.89,3.03
V03039,2025-10-28,C030,P005,E-commerce,Confirmada,7,101.28,0.0,51.78,43.74
V01387,2024-08-29,C026,P005,Tienda fisica,Confirmada,2,97.65,0.0,48.64,3.35
V03012,2025-03-20,C020,P004,E-commerce,Confirmada,9,29.65,0.05,14.44,53.24
V03877,2024-08-15,C025,P006,E-commerce,Confirmada,7,66.61,0.0,34.98,28.83
V00053,2025-11-13,C035,P005,E-commerce,Confirmada,3,102.74,0.15,51.17,17.7
V02671,2025-07-10,C025,P003,Tienda fisica,Confirmada,1,1758.61,0.0,1232.11,2.04
V00162,2024-08-15,C029,P009,E-commerce,Confirmada,2,130.62,0.0,75.62,22.37
V04562,2024-05-06,C002,P007,Tienda fisica,Confirmada,2,121.75,0.0,63.38,0.79
V00536,2024-02-17,C050,P004,Tienda fisica,Confirmada,9,27.86,0.0,13.18,0.72
V01475,2025-09-24,C015,P007,Tienda fisica,Confirmada,1,130.04,0.0,70.04,2.09
V01037,2025-09-26,C022,P002,E-commerce,Confirmada,3,471.47,0.0,300.21,30.38
V00327,2025-04-22,C050,P004,Tienda fisica,Confirmada,9,29.91,0.0,14.68,1.74
V01226,2025-07-13,C055,P007,E-commerce,Confirmada,1,128.61,0.1,69.25,18.09
V04902,2024-11-17,C060,P001,Tienda fisica,Confirmada,8,1231.93,0.0,751.92,3.84
V01318,2025-09-01,C008,P007,E-commerce,Confirmada,  4 ,  126.25 ,0.15,68.9,  27.4 
V00005,2025-09-24,C055,P004,Tienda fisica,Confirmada,9,30.24,0.0,14.49,3.81
V01869,2024-10-18,C049,P008,Tienda fisica,Confirmada,1,87.15,0.0,48.44,2.23
V03610,2025-03-30,C011,P008,Tienda fisica,Confirmada,4,91.65,0.0,52.95,1.99
V05170,2025-05-29,C022,P008,Tienda fisica,Confirmada,7,89.25,0.0,51.97,1.06
V04764,2025-04-09,C051,P005,E-commerce,Confirmada,8,102.22,0.1,51.09,35.71
V03996,2025-08-17,C049,P010,E-commerce,Confirmada,1,36.82,0.0,19.74,26.1
V02494,2024-06-08,C050,P004,E-commerce,Confirmada,6,27.69,0.0,13.22,44.19
V01265,2025-07-11,C036,P009,Tienda fisica,Confirmada,10,136.34,0.0,82.33,3.91
V01719,2025-03-03,C013,P004,E-commerce,Confirmada,9,29.64,0.0,14.43,27.06
V01857,2025-07-21,C040,P007,E-commerce,Confirmada,9,129.77,0.05,68.45,40.92
V04074,2024-08-15,C020,P004,Tienda fisica,Confirmada,11,27.67,0.0,13.18,2.12
V01842,2025-04-19,C027,P003,E-commerce,Confirmada,7,1761.17,0.0,1207.46,35.73
V00302,2025-12-22,C004,P004,Tienda fisica,Confirmada,1,29.13,0.0,14.71,3.7
V04005,2025-12-12,C001,P008,Tienda fisica,Confirmada,3,89.31,0.05,52.65,3.45
V02879,2024-09-09,C056,P009,Tienda fisica,Confirmada,1,133.49,0.0,76.72,1.44
V02136,2024-02-11,C051,P002,Tienda fisica,Confirmada,1,442.63,0.0,273.06,2.51
V02442,2024-09-24,C038,P006,E-commerce,Confirmada,  16 ,  66.57 ,0.0,35.27,  44.84 
V01955,2024-05-24,C007,P010,Tienda fisica,Confirmada,5,35.39,0.0,17.64,0.54
V02539,2025-02-08,C058,P005,E-commerce,Confirmada,2,98.84,0.0,52.32,24.88
V00301,2025-08-06,C001,P006,E-commerce,Confirmada,3,68.29,0.0,37.86,28.79
V02962,2024-03-30,C010,P006,Tienda fisica,Confirmada,5,65.67,0.0,34.73,2.99
V01439,2024-12-23,C045,P009,Tienda fisica,Confirmada,1,129.44,0.0,76.92,0.65
V04589,2025-07-16,C060,P008,Tienda fisica,Confirmada,1,89.59,0.0,52.66,1.49
V02796,2025-06-12,C035,P010,Tienda fisica,Confirmada,1,37.52,0.0,19.6,2.69
V01749,2024-02-20,C028,P008,Tienda fisica,Confirmada,2,87.43,0.0,47.78,3.7
V04248,2025-04-18,C039,P002,Tienda fisica,Confirmada,5,485.4,0.0,292.71,3.32
V00766,2024-04-12,C002,P008,Tienda fisica,Confirmada,3,83.98,0.0,48.78,1.04
V02245,2025-04-22,C031,P005,E-commerce,Confirmada,5,99.05,0.0,52.6,28.93
V00475,2025-07-23,C023,P002,Tienda fisica,Confirmada,10,478.72,0.0,294.94,1.88
V01972,2025-04-06,C037,P009,Tienda fisica,Confirmada,5,135.19,0.0,83.74,3.75
V02092,2025-01-20,C046,P006,E-commerce,Confirmada,5,68.02,0.0,37.79,29.82
V02705,2025-06-25,C052,P007,Tienda fisica,Confirmada,2,125.88,0.0,67.68,2.97
V00108,2024-10-27,C011,P009,E-commerce,Confirmada,2,132.87,0.05,77.39,17.0
V04721,2025-04-09,C059,P005,Tienda fisica,Confirmada,  6 ,  100.53 ,0.0,52.25,  1.19 
V02114,2025-03-19,C051,P004,E-commerce,Confirmada,3,30.33,0.0,14.7,23.78
V05194,2024-09-14,C035,P010,E-commerce,Confirmada,2,34.62,0.0,17.93,15.54
V00111,2024-05-16,C030,P010,Tienda fisica,Confirmada,7,36.04,0.0,17.7,1.73
V01505,2024-02-05,C005,P008,Tienda fisica,Confirmada,3,86.62,0.05,47.29,0.07
V01291,2025-06-02,C037,P006,E-commerce,Confirmada,5,68.61,0.15,38.89,28.02
V00685,2025-02-19,C028,P004,E-commerce,Confirmada,8,30.3,0.05,14.43,46.75
V02246,2025-05-04,C048,P005,Tienda fisica,Confirmada,5,100.85,0.0,51.61,2.97
V00674,2024-12-08,C060,P009,Tienda fisica,Confirmada,2,128.01,0.0,77.15,2.61
V01917,2024-01-08,C053,P008,Tienda fisica,Confirmada,2,85.08,0.0,47.93,3.51
V00118,2024-11-12,C015,P005,Tienda fisica,Confirmada,5,94.41,0.0,47.61,3.78
V02945,2025-02-03,C019,P010,E-commerce,Confirmada,16,37.86,0.08,19.52,52.52
V04070,2025-10-10,C025,P002,Tienda fisica,Confirmada,1,478.69,0.1,299.21,2.5
V02752,2025-09-15,C010,P010,Tienda fisica,Confirmada,1,37.98,0.0,19.05,0.99
V02575,2024-08-29,C030,P009,Tienda fisica,Confirmada,4,133.23,0.0,76.0,0.71
V01437,2025-04-03,C060,P010,E-commerce,Confirmada,5,38.1,0.05,19.3,26.81
V05007,2025-11-05,C020,P006,E-commerce,Confirmada,6,70.68,0.08,38.7,36.11
V00282,2024-12-24,C022,P010,Tienda fisica,Confirmada,  2 ,  34.86 ,0.1,18.17,  2.42 
V04699,2024-02-14,C022,P006,E-commerce,Confirmada,12,66.56,0.1,35.44,55.38
V02918,2025-12-26,C020,P005,Tienda fisica,Confirmada,10,100.31,0.0,52.4,0.02
V00791,2024-12-29,C025,P004,Tienda fisica,Confirmada,7,27.59,0.0,13.67,0.19
V00086,2025-06-28,C010,P004,Tienda fisica,Confirmada,11,30.34,0.0,14.36,3.35
V03821,2025-07-18,C040,P002,E-commerce,Confirmada,1,490.11,0.08,291.92,27.51
V05174,2025-10-10,C035,P006,E-commerce,Confirmada,6,68.5,0.08,39.0,31.21
V02472,2025-12-03,C060,P005,E-commerce,Confirmada,6,100.45,0.08,52.01,27.56
V03248,2024-01-22,C026,P009,E-commerce,Confirmada,3,127.76,0.0,76.83,19.68
V01999,2025-10-09,C044,P002,E-commerce,Confirmada,1,480.37,0.0,298.9,18.7
V00286,2024-03-10,C055,P010,Tienda fisica,Confirmada,1,35.1,0.1,17.55,3.53
V02750,2024-09-28,C003,P004,Tienda fisica,Confirmada,2,28.72,0.0,13.33,2.84
V03815,2025-07-29,C019,P010,Tienda fisica,Confirmada,5,37.27,0.0,19.42,3.92
V01061,2024-11-19,C045,P005,E-commerce,Confirmada,6,94.18,0.0,47.74,37.73
V00921,2024-07-16,C008,P005,Tienda fisica,Confirmada,7,93.89,0.0,48.69,1.41
V03003,2024-05-27,C028,P010,E-commerce,Confirmada,1,34.87,0.05,17.8,21.14
V02730,2025-05-25,C055,P007,E-commerce,Confirmada,6,128.06,0.08,67.79,37.1
V00740,2024-03-18,C047,P001,Tienda fisica,Confirmada,  1 ,  1204.34 ,0.1,737.43,  2.62 
V00977,2025-01-15,C036,P010,E-commerce,Confirmada,1,36.8,0.0,18.99,28.37
V01796,2024-11-06,C030,P005,Tienda fisica,Confirmada,3,96.86,0.0,47.14,2.94
V03305,2024-07-31,C010,P007,Tienda fisica,Confirmada,1,120.34,0.0,63.96,2.53
V04568,2024-08-10,C015,P010,Tienda fisica,Confirmada,1,35.27,0.0,17.54,3.33
V01793,2024-03-17,C060,P004,E-commerce,Confirmada,8,28.45,0.08,13.3,31.74
V00809,2025-12-21,C013,P002,Tienda fisica,Confirmada,4,471.27,0.0,297.05,0.37
V04781,2025-02-08,C040,P009,E-commerce,Confirmada,1,137.19,0.05,82.59,25.37
V00797,2025-08-12,C035,P002,Tienda fisica,Confirmada,1,484.74,0.0,290.11,0.88
V04197,2025-06-12,C030,P005,Tienda fisica,Confirmada,4,100.7,0.0,51.7,1.12
V02412,2025-10-27,C005,P006,Tienda fisica,Confirmada,11,69.83,0.0,38.16,0.5
V02577,2024-05-27,C002,P002,E-commerce,Confirmada,12,461.4,0.1,275.66,38.71
V02670,2024-11-02,C020,P004,Tienda fisica,Confirmada,4,28.02,0.0,13.47,1.52
V00755,2025-12-13,C001,P004,E-commerce,Confirmada,9,29.34,0.0,14.67,33.23
V03262,2024-10-04,C015,P010,Tienda fisica,Confirmada,1,35.56,0.05,17.83,2.54
V01724,2024-11-06,C034,P004,Tienda fisica,Confirmada,17,28.21,0.0,13.4,3.86
V01180,2025-06-06,C018,P007,E-commerce,Confirmada,3,130.89,0.0,67.74,19.46
V04478,2025-04-04,C037,P005,Tienda fisica,Confirmada,  7 ,  100.08 ,0.0,51.86,  1.46 
V01666,2024-07-22,C056,P008,E-commerce,Confirmada,4,84.86,0.0,48.72,17.86
V02309,2025-09-21,C015,P001,E-commerce,Confirmada,5,1258.26,0.05,801.47,27.17
V04417,2025-02-25,C027,P010,E-commerce,Confirmada,1,36.59,0.05,19.63,27.67
V04774,2024-12-17,C013,P006,Tienda fisica,Confirmada,4,64.38,0.05,35.41,2.53
V03784,2024-01-06,C009,P006,Tienda fisica,Confirmada,13,65.31,0.0,35.97,3.13
V03043,2024-02-23,C041,P005,Tienda fisica,Confirmada,4,94.89,0.0,47.13,1.41
V02330,2025-09-21,C030,P001,E-commerce,Confirmada,1,1284.74,0.05,793.55,18.21
V02594,2024-06-22,C019,P005,Tienda fisica,Confirmada,2,94.17,0.0,48.35,2.57
V04739,2025-03-07,C030,P005,Tienda fisica,Confirmada,2,101.52,0.0,51.07,1.32
V03700,2025-01-15,C033,P009,E-commerce,Confirmada,7,139.6,0.0,81.03,29.37
V00339,2024-12-03,C035,P004,E-commerce,Confirmada,2,28.43,0.05,13.59,25.04
V00953,2025-08-19,C057,P004,E-commerce,Confirmada,4,30.05,0.15,14.57,31.63
V02793,2025-09-25,C043,P003,E-commerce,Confirmada,5,1766.46,0.0,1216.76,30.49
V03239,2025-07-19,C007,P009,Tienda fisica,Confirmada,2,141.77,0.0,82.8,3.97
V00288,2024-02-08,C035,P005,E-commerce,Confirmada,3,96.26,0.08,48.1,34.77
V04138,2025-12-31,C035,P008,E-commerce,Confirmada,1,92.6,0.1,52.39,27.4
V04911,2025-08-21,C049,P009,Tienda fisica,Confirmada,  1 ,  139.84 ,0.0,83.54,  1.16 
V01744,2025-03-05,C037,P004,E-commerce,Confirmada,8,30.16,0.0,14.65,44.51
V05193,2025-02-01,C055,P006,E-commerce,Confirmada,5,69.52,0.0,38.32,38.3
V00668,2024-06-08,C045,P004,Tienda fisica,Confirmada,8,28.15,0.0,13.34,0.71
V02452,2025-06-06,C022,P002,E-commerce,Confirmada,1,481.97,0.0,290.12,15.47
V01520,2025-11-08,C015,P007,E-commerce,Confirmada,5,129.32,0.15,68.02,32.4
V01156,2025-02-18,C049,P002,Tienda fisica,Confirmada,7,485.79,0.0,294.69,3.0
V04591,2025-11-24,C005,P010,Tienda fisica,Confirmada,1,38.17,0.0,19.16,1.71
V03013,2024-02-27,C007,P007,E-commerce,Confirmada,2,123.44,0.0,63.82,24.03
V03527,2025-04-09,C047,P005,E-commerce,Confirmada,6,99.52,0.05,52.95,36.8
V00725,2024-12-26,C057,P009,E-commerce,Confirmada,1,133.61,0.0,76.42,21.34
V03665,2024-07-11,C041,P002,Tienda fisica,Confirmada,3,447.44,0.05,276.71,0.82
V00195,2024-09-02,C026,P006,Tienda fisica,Confirmada,14,64.14,0.0,35.47,2.82
V01935,2025-06-21,C057,P009,Tienda fisica,Confirmada,16,137.44,0.0,81.58,0.94
V00603,2025-10-11,C031,P002,Tienda fisica,Confirmada,3,488.1,0.0,291.61,3.13
V03399,2024-06-17,C007,P010,Tienda fisica,Confirmada,22,34.61,0.0,17.53,2.76
V02690,2024-12-03,C055,P004,E-commerce,Confirmada,6,27.61,0.08,13.44,29.76
V00743,2025-12-08,C019,P008,Tienda fisica,Confirmada,  4 ,  90.55 ,0.0,51.98,  3.67 
V03640,2025-06-07,C036,P005,Tienda fisica,Confirmada,4,101.03,0.0,51.49,3.62
V03709,2025-02-07,C014,P006,E-commerce,Confirmada,3,70.18,0.08,39.18,24.2
V03423,2025-11-10,C056,P005,E-commerce,Confirmada,2,100.12,0.1,51.62,27.45
V01629,2024-04-04,C010,P007,Tienda fisica,Confirmada,4,119.55,0.0,64.07,0.82
V02455,2024-12-04,C055,P005,Tienda fisica,Confirmada,5,96.18,0.0,48.85,2.48
V04207,2024-12-26,C046,P001,E-commerce,Confirmada,1,1229.07,0.0,732.28,23.16
V04213,2025-07-31,C010,P004,Tienda fisica,Confirmada,13,29.59,0.0,14.44,3.6
V01919,2025-08-15,C011,P005,Tienda fisica,Confirmada,7,103.71,0.0,51.78,2.61
V01322,2024-05-22,C041,P003,E-commerce,Confirmada,1,1630.21,0.0,1143.82,12.94
V02628,2024-02-08,C006,P001,E-commerce,Confirmada,13,1196.03,0.0,730.58,44.16
V01463,2024-08-15,C033,P004,Tienda fisica,Confirmada,6,28.3,0.0,13.32,1.53
V04019,2024-07-04,C005,P006,Tienda fisica,Confirmada,5,65.42,0.0,35.81,1.81
V03943,2024-11-05,C023,P006,Tienda fisica,Confirmada,3,66.21,0.0,35.08,0.52
V02843,2024-06-17,C051,P010,Tienda fisica,Confirmada,3,36.03,0.05,18.04,1.08
V03285,2025-03-08,C053,P010,E-commerce,Confirmada,4,36.98,0.08,19.71,32.51
V05232,2024-07-30,C040,P004,E-commerce,Anulada,2,28.64,0.0,13.66,17.25
V00841,2024-12-21,C042,P007,Tienda fisica,Confirmada,  6 ,  120.09 ,0.1,64.37,  3.6 
V00704,2024-07-30,C025,P010,E-commerce,Confirmada,1,34.35,0.08,18.18,23.46
V03068,2025-07-16,C045,P007,E-commerce,Confirmada,5,126.67,0.0,69.86,21.81
V02905,2025-08-18,C050,P007,E-commerce,Confirmada,2,130.41,0.15,68.47,20.66
V03905,2025-01-23,C005,P010,Tienda fisica,Confirmada,1,36.72,0.0,19.44,3.8
V04002,2024-07-27,C002,P006,Tienda fisica,Confirmada,2,66.07,0.0,35.06,2.14
V01351,2025-12-10,C059,P008,E-commerce,Confirmada,5,89.28,0.1,52.84,34.64
V03023,2024-10-05,C053,P010,E-commerce,Confirmada,4,34.54,0.1,18.03,30.07
V05200,2024-06-18,C041,P008,Tienda fisica,Confirmada,8,85.71,0.0,48.48,0.93
V02219,2024-06-17,C037,P002,Tienda fisica,Confirmada,1,449.28,0.0,274.02,3.78
V02124,2025-10-20,C051,P002,E-commerce,Confirmada,5,482.95,0.0,299.39,23.68
V03076,2025-03-29,C001,P001,E-commerce,Confirmada,6,1255.92,0.0,814.49,41.53
V02588,2025-11-27,C058,P010,E-commerce,Confirmada,1,37.25,0.05,19.71,14.52
V03451,2024-09-20,C006,P009,E-commerce,Confirmada,1,128.89,0.05,76.69,16.08
V01185,2024-08-29,C002,P001,E-commerce,Confirmada,4,1180.71,0.0,743.71,25.78
V04354,2024-08-24,C025,P010,Tienda fisica,Confirmada,2,34.82,0.1,17.83,2.5
V01333,2025-01-04,C005,P008,E-commerce,Confirmada,5,89.87,0.0,51.83,24.58
V03409,2024-10-02,C050,P009,E-commerce,Confirmada,  1 ,  132.95 ,0.05,77.09,  23.16 
V03583,2025-12-20,C030,P007,Tienda fisica,Confirmada,8,130.78,0.0,69.19,2.53
V03155,2025-03-06,C016,P001,E-commerce,Confirmada,4,1250.65,0.0,820.97,20.89
V03938,2025-01-26,C001,P009,Tienda fisica,Confirmada,1,136.92,0.05,83.89,3.54
V00996,2024-01-16,C018,P008,Tienda fisica,Confirmada,9,87.27,0.0,48.44,2.28
V04758,2024-10-10,C051,P007,E-commerce,Confirmada,3,120.77,0.1,63.71,25.98
V02029,2025-09-25,C045,P001,Tienda fisica,Confirmada,4,1304.47,0.0,802.41,2.35
V02982,2025-05-10,C053,P006,E-commerce,Confirmada,15,68.49,0.15,38.33,51.34
V04018,2024-07-12,C006,P003,Tienda fisica,Confirmada,1,1647.55,0.1,1106.6,0.86
V03242,2024-06-03,C037,P008,Tienda fisica,Confirmada,1,85.65,0.1,48.31,1.67
V01464,2024-06-25,C011,P005,Tienda fisica,Confirmada,2,96.27,0.0,48.43,0.54
V00515,2024-04-28,C031,P001,Tienda fisica,Confirmada,1,1176.05,0.0,731.71,0.73
V00572,2024-11-01,C036,P006,E-commerce,Confirmada,1,64.88,0.0,35.82,21.01
V02345,2024-03-12,C035,P006,E-commerce,Confirmada,15,65.79,0.08,35.26,36.55
V02251,2024-12-11,C057,P003,Tienda fisica,Confirmada,8,1666.03,0.0,1101.51,1.31
V02471,2025-11-25,C008,P009,E-commerce,Confirmada,1,141.2,0.0,83.23,24.31
V02952,2025-03-15,C033,P008,E-commerce,Confirmada,4,90.04,0.05,51.69,17.66
V00771,2025-10-07,C040,P007,E-commerce,Confirmada,  7 ,  125.04 ,0.05,68.84,  26.48 
V02760,2025-12-19,C022,P004,Tienda fisica,Confirmada,2,30.25,0.0,14.75,2.84
V00324,2025-02-21,C031,P002,Tienda fisica,Confirmada,5,478.51,0.0,290.09,1.5
V00992,2025-11-26,C050,P009,E-commerce,Confirmada,9,137.22,0.08,81.9,36.99
V04810,2024-12-15,C041,P002,E-commerce,Confirmada,9,462.61,0.0,271.01,45.12
V00392,2024-10-19,C060,P004,E-commerce,Confirmada,9,28.63,0.05,13.59,37.43
V03595,2024-08-21,C003,P009,Tienda fisica,Confirmada,1,128.47,0.05,76.5,3.27
V01247,2025-07-08,C006,P006,Tienda fisica,Confirmada,2,68.13,0.0,37.94,3.33
V03850,2024-03-21,C001,P004,Tienda fisica,Confirmada,4,28.05,0.0,13.64,1.68
V02684,2024-07-02,C034,P005,E-commerce,Confirmada,8,95.27,0.05,47.48,35.88
V05139,2025-05-10,C018,P010,E-commerce,Confirmada,4,37.86,0.0,19.59,30.05
V02599,2025-06-17,C043,P010,E-commerce,Confirmada,3,37.58,0.1,19.09,27.75
V04531,2024-12-17,C027,P004,E-commerce,Confirmada,6,28.17,0.08,13.42,37.96
V03966,2025-05-06,C044,P005,E-commerce,Confirmada,7,102.65,0.15,52.39,40.99
V03154,2024-11-15,C013,P002,E-commerce,Confirmada,1,444.41,0.05,276.13,20.96
V05143,2024-07-19,C060,P007,Tienda fisica,Confirmada,1,117.88,0.0,63.34,3.34
V03487,2024-04-14,C035,P008,Tienda fisica,Confirmada,1,85.53,0.05,47.3,0.54
V00452,2025-09-27,C055,P010,Tienda fisica,Confirmada,  3 ,  37.55 ,0.0,19.42,  1.26 
V02335,2025-12-01,C025,P005,Tienda fisica,Confirmada,5,99.21,0.0,52.01,0.69
V02207,2025-03-12,C045,P009,E-commerce,Confirmada,1,135.2,0.0,83.99,14.25
V01854,2024-11-25,C047,P009,Tienda fisica,Confirmada,2,127.52,0.1,75.5,3.45
V00075,2025-04-06,C021,P007,E-commerce,Confirmada,1,125.61,0.0,70.18,12.8
V02776,2025-06-26,C027,P007,E-commerce,Confirmada,1,128.63,0.0,68.03,19.97
V04502,2024-01-08,C040,P008,Tienda fisica,Confirmada,1,85.05,0.0,47.32,3.35
V05204,2024-03-20,C050,P009,E-commerce,Anulada,1,130.26,0.08,76.65,15.08
V04459,2025-04-06,C031,P004,Tienda fisica,Confirmada,5,30.07,0.0,14.57,2.67
V03467,2024-11-20,C016,P005,E-commerce,Confirmada,5,94.51,0.08,47.29,30.75
V03562,2025-05-15,C054,P002,E-commerce,Confirmada,2,468.07,0.0,293.66,20.57
V01341,2024-09-25,C013,P007,E-commerce,Confirmada,1,121.59,0.08,63.75,21.67
V04455,2025-06-07,C030,P005,Tienda fisica,Confirmada,4,99.83,0.0,52.4,3.93
V03708,2025-07-06,C016,P005,Tienda fisica,Confirmada,5,100.17,0.0,51.63,0.24
V04331,2025-01-10,C047,P009,Tienda fisica,Confirmada,2,137.06,0.0,82.45,2.27
V04889,2024-06-18,C046,P004,Tienda fisica,Confirmada,6,27.83,0.05,13.66,2.87
V03146,2024-10-29,C052,P006,E-commerce,Confirmada,11,66.56,0.0,36.13,41.42
V01957,2024-09-15,C043,P002,Tienda fisica,Confirmada,  10 ,  446.31 ,0.05,269.47,  3.64 
V02034,2025-03-16,C020,P004,Tienda fisica,Confirmada,6,30.22,0.1,14.38,3.4
V00138,2024-04-19,C001,P010,Tienda fisica,Confirmada,2,35.6,0.0,17.8,1.31
V01709,2024-08-03,C025,P004,Tienda fisica,Confirmada,5,28.75,0.1,13.41,2.42
V04367,2025-03-29,C059,P004,E-commerce,Confirmada,2,30.37,0.05,14.52,18.34
V01970,2025-06-18,C013,P010,E-commerce,Confirmada,4,37.55,0.0,19.59,24.28
V03455,2025-07-13,C003,P008,E-commerce,Confirmada,1,89.8,0.0,52.58,23.75
V02238,2024-09-01,C017,P001,E-commerce,Confirmada,8,1216.6,0.1,738.77,36.39
V00601,2024-09-15,C027,P004,Tienda fisica,Confirmada,9,27.65,0.0,13.21,0.27
V03347,2024-04-02,C014,P010,Tienda fisica,Confirmada,2,34.76,0.05,17.62,0.33
V00362,2025-09-19,C053,P010,Tienda fisica,Confirmada,4,37.62,0.05,19.07,2.74
V02113,2025-11-09,C013,P009,E-commerce,Confirmada,1,137.39,0.08,82.98,27.6
V00124,2025-09-25,C051,P007,Tienda fisica,Confirmada,1,128.06,0.0,70.38,1.53
V00616,2025-03-21,C030,P002,Tienda fisica,Confirmada,1,467.8,0.0,295.51,2.19
V02378,2025-11-17,C005,P004,E-commerce,Confirmada,3,30.44,0.0,14.61,26.94
V03672,2024-12-26,C020,P010,E-commerce,Confirmada,3,34.52,0.1,17.75,27.92
V02010,2024-10-25,C015,P006,Tienda fisica,Confirmada,10,64.72,0.0,35.78,0.34
V01536,2025-09-16,C030,P005,E-commerce,Confirmada,  3 ,  103.14 ,0.15,52.52,  16.52 
V03664,2024-12-05,C052,P005,Tienda fisica,Confirmada,8,96.96,0.0,48.07,3.98
V03793,2024-04-27,C005,P002,E-commerce,Confirmada,2,454.93,0.0,272.31,15.13
V01837,2025-07-23,C030,P005,E-commerce,Confirmada,10,103.02,0.1,52.57,40.32
V03670,2024-04-01,C054,P004,Tienda fisica,Confirmada,4,28.01,0.0,13.39,1.11
V03318,2024-09-11,C022,P005,Tienda fisica,Confirmada,3,97.81,0.0,48.29,3.87
V02549,2025-06-07,C043,P002,E-commerce,Confirmada,1,476.16,0.0,300.24,28.36
V05222,2024-10-31,C046,P004,Tienda fisica,Anulada,10,28.06,0.0,13.45,0.79
V02230,2025-12-25,C051,P005,Tienda fisica,Confirmada,4,102.16,0.05,52.27,0.93
V04901,2025-10-16,C024,P004,E-commerce,Confirmada,6,29.41,0.0,14.67,36.39
V03789,2024-03-12,C023,P005,Tienda fisica,Confirmada,3,97.41,0.0,47.28,3.24
V03203,2024-12-01,C037,P008,Tienda fisica,Confirmada,1,83.99,0.0,48.07,0.4
V04689,2025-04-07,C030,P007,Tienda fisica,Confirmada,4,126.06,0.0,68.05,3.15
V03902,2024-08-14,C014,P005,E-commerce,Confirmada,5,96.71,0.1,47.69,29.14
V02906,2025-07-17,C011,P009,Tienda fisica,Confirmada,7,140.82,0.0,82.67,2.97
V05205,2024-05-24,C058,P006,E-commerce,Anulada,4,65.29,0.1,35.82,21.67
V04724,2025-04-16,C040,P010,Tienda fisica,Confirmada,2,37.67,0.0,19.75,1.74
V04751,2024-12-08,C006,P003,Tienda fisica,Confirmada,  2 ,  1632.46 ,0.0,1134.76,  0.68 
V04608,2025-10-10,C011,P002,Tienda fisica,Confirmada,8,471.77,0.0,299.2,1.2
V00935,2025-06-02,C034,P007,E-commerce,Confirmada,1,128.64,0.0,69.21,22.44
V03948,2024-10-18,C010,P005,Tienda fisica,Confirmada,6,95.0,0.0,48.09,3.43
V03054,2024-05-15,C045,P001,Tienda fisica,Confirmada,1,1194.66,0.0,751.87,3.58
V02138,2025-12-28,C040,P007,E-commerce,Confirmada,3,130.94,0.05,69.7,26.52
V02788,2025-08-03,C050,P005,E-commerce,Confirmada,5,101.82,0.1,52.14,20.84
V00131,2024-12-13,C051,P004,Tienda fisica,Confirmada,10,27.78,0.0,13.25,3.43
V02948,2024-02-15,C054,P004,Tienda fisica,Confirmada,6,28.11,0.0,13.27,0.59
V02607,2024-03-12,C040,P005,E-commerce,Confirmada,9,95.69,0.0,47.96,40.27
V03750,2025-01-23,C056,P003,Tienda fisica,Confirmada,3,1767.55,0.1,1207.48,1.03
V03247,2024-05-06,C018,P005,Tienda fisica,Confirmada,5,95.97,0.0,47.59,3.48
V02603,2025-02-17,C035,P008,Tienda fisica,Confirmada,2,89.51,0.0,52.11,1.57
V00074,2024-12-12,C055,P009,E-commerce,Confirmada,1,132.27,0.1,75.06,15.48
V01812,2024-10-05,C025,P007,Tienda fisica,Confirmada,1,122.06,0.0,64.84,0.34
V02363,2024-12-19,C047,P010,Tienda fisica,Confirmada,7,35.86,0.0,18.19,3.44
V00263,2024-02-29,C037,P009,Tienda fisica,Confirmada,1,131.25,0.0,76.03,0.03
V03845,2025-05-03,C018,P008,Tienda fisica,Confirmada,  2 ,  91.85 ,0.0,52.56,  3.84 
V00384,2025-03-20,C006,P005,Tienda fisica,Confirmada,11,102.23,0.0,51.91,2.53
V04317,2024-12-05,C057,P010,Tienda fisica,Confirmada,4,35.89,0.1,17.71,3.53
V03093,2024-09-25,C038,P003,E-commerce,Confirmada,7,1678.92,0.1,1107.96,47.53
V04611,2025-05-27,C027,P003,E-commerce,Confirmada,3,1748.26,0.1,1234.04,18.75
V03367,2025-09-17,C042,P004,E-commerce,Confirmada,4,29.77,0.08,14.36,22.79
V03906,2024-11-17,C015,P007,E-commerce,Confirmada,8,120.88,0.1,63.98,35.76
V03304,2025-06-20,C015,P006,E-commerce,Confirmada,2,68.59,0.1,39.11,22.67
V04220,2025-04-26,C010,P004,E-commerce,Confirmada,4,29.72,0.0,14.77,25.11
V04389,2024-12-20,C009,P005,E-commerce,Confirmada,7,95.17,0.0,48.73,42.74
V03056,2025-11-15,C020,P010,E-commerce,Confirmada,3,37.44,0.1,19.57,19.7
V04111,2025-02-05,C041,P003,E-commerce,Confirmada,7,1730.29,0.08,1241.5,31.08
V01238,2025-12-06,C035,P007,Tienda fisica,Confirmada,9,125.47,0.0,68.39,2.76
V04277,2024-08-17,C056,P008,E-commerce,Confirmada,2,85.34,0.0,48.05,27.64
V02578,2025-02-23,C050,P008,Tienda fisica,Confirmada,3,91.99,0.0,52.93,0.27
V01858,2025-04-09,C030,P002,Tienda fisica,Confirmada,2,471.41,0.0,297.12,0.51
V04024,2024-10-12,C017,P006,Tienda fisica,Confirmada,8,64.49,0.0,35.58,3.78
V05160,2025-06-15,C026,P010,E-commerce,Confirmada,  4 ,  38.06 ,0.05,19.26,  30.09 
V03271,2024-11-21,C015,P002,E-commerce,Confirmada,6,457.98,0.05,275.19,26.19
V03860,2025-11-15,C014,P007,E-commerce,Confirmada,1,126.9,0.0,68.83,27.72
V04427,2025-07-12,C030,P008,E-commerce,Confirmada,1,88.78,0.0,51.09,26.69
V01819,2025-05-21,C032,P010,E-commerce,Confirmada,1,38.1,0.0,19.71,23.82
V04297,2025-01-15,C025,P010,Tienda fisica,Confirmada,4,38.17,0.0,19.03,0.44
V04305,2024-12-30,C057,P002,Tienda fisica,Confirmada,5,463.28,0.0,268.99,0.81
V05252,2025-10-23,C045,P005,Tienda fisica,Confirmada,,103.4,0.0,51.81,1.12
V00824,2025-03-10,C006,P003,E-commerce,Confirmada,7,1797.62,0.1,1216.81,43.12
V00461,2024-11-17,C035,P004,Tienda fisica,Confirmada,1,28.37,0.05,13.26,3.97
V02226,2024-12-14,C055,P010,E-commerce,Confirmada,1,35.63,0.0,17.6,13.21
V02744,2024-08-11,C011,P004,Tienda fisica,Confirmada,15,27.85,0.0,13.68,3.82
V03903,2024-07-23,C055,P004,E-commerce,Confirmada,8,27.48,0.08,13.27,33.16
V01775,2025-06-19,C047,P005,E-commerce,Confirmada,5,100.36,0.08,51.57,30.76
V00612,2024-06-15,C024,P004,Tienda fisica,Confirmada,8,28.48,0.0,13.45,3.84
V03415,2025-11-06,C005,P008,Tienda fisica,Confirmada,2,90.76,0.1,51.91,1.63
V02883,2025-10-25,C013,P002,Tienda fisica,Confirmada,8,480.55,0.0,300.63,1.22
V01272,2024-11-06,C031,P002,Tienda fisica,Confirmada,  1 ,  445.8 ,0.0,271.07,  0.65 
V01231,2024-07-29,C029,P006,Tienda fisica,Confirmada,6,66.64,0.05,35.71,2.2
V04381,2024-07-22,C016,P001,Tienda fisica,Confirmada,3,1181.18,0.05,743.25,3.12
V00556,2025-04-23,C045,P010,Tienda fisica,Confirmada,2,36.68,0.0,19.12,0.07
V03135,2025-12-25,C001,P004,E-commerce,Confirmada,3,29.26,0.0,14.43,23.08
V01833,2025-03-08,C023,P008,E-commerce,Confirmada,5,90.18,0.05,52.61,17.7
V01365,2025-05-03,C056,P002,Tienda fisica,Confirmada,3,471.65,0.0,298.03,2.68
V03862,2025-04-29,C041,P009,E-commerce,Confirmada,2,135.94,0.1,83.06,22.21
V04796,2024-07-09,C011,P006,Tienda fisica,Confirmada,3,64.95,0.0,35.56,0.33
V02017,2025-04-16,C057,P010,E-commerce,Confirmada,1,37.76,0.05,19.65,26.87
V01343,2025-02-06,C003,P007,E-commerce,Confirmada,5,128.19,0.05,70.29,37.22
V02174,2025-12-01,C011,P007,E-commerce,Confirmada,4,130.43,0.0,69.71,28.34
V03650,2025-09-29,C056,P005,E-commerce,Confirmada,8,103.5,0.15,51.7,22.72
V04674,2024-07-20,C013,P010,E-commerce,Confirmada,1,35.32,0.15,17.81,13.66
V03917,2024-05-09,C050,P008,E-commerce,Confirmada,3,85.08,0.08,48.83,21.3
V03027,2024-11-09,C055,P009,E-commerce,Confirmada,1,128.85,0.0,76.14,12.33
V00974,2025-10-17,C005,P004,E-commerce,Confirmada,2,29.6,0.0,14.36,26.55
V00539,2025-04-20,C016,P007,Tienda fisica,Confirmada,  2 ,  125.04 ,0.0,69.69,  1.72 
V04609,2025-06-06,C037,P002,E-commerce,Confirmada,2,480.53,0.0,295.15,29.84
V03978,2025-06-13,C030,P007,E-commerce,Confirmada,6,126.21,0.0,69.31,21.31
V00628,2024-05-18,C060,P001,Tienda fisica,Confirmada,2,1180.16,0.0,751.38,2.36
V04132,2025-12-08,C058,P010,Tienda fisica,Confirmada,5,36.68,0.1,19.49,2.59
V04544,2024-11-19,C050,P010,Tienda fisica,Confirmada,1,35.93,0.0,17.66,2.99
V04434,2025-08-26,C031,P009,E-commerce,Confirmada,4,141.13,0.0,82.03,29.96
V01358,2025-04-02,C020,P010,E-commerce,Confirmada,7,38.0,0.15,19.64,25.81
V01312,2025-03-02,C014,P004,E-commerce,Confirmada,8,29.1,0.0,14.34,38.65
V03693,2025-12-25,C034,P005,E-commerce,Confirmada,9,100.16,0.05,51.04,39.4
V01009,2025-02-28,C027,P009,E-commerce,Confirmada,2,138.86,0.05,82.54,24.12
V02391,2024-02-15,C060,P002,Tienda fisica,Confirmada,1,445.71,0.0,274.72,0.25
V02675,2025-07-06,C045,P007,Tienda fisica,Confirmada,3,128.44,0.0,70.12,1.45
V02242,2025-04-03,C055,P005,E-commerce,Confirmada,7,101.98,0.05,52.73,20.1
V03252,2024-07-19,C025,P001,E-commerce,Confirmada,1,1182.59,0.0,750.79,25.84
V00061,2024-06-01,C007,P003,Tienda fisica,Confirmada,2,1619.1,0.0,1131.42,1.38
V05217,2024-11-24,C017,P007,Tienda fisica,Anulada,5,118.86,0.0,62.81,0.04
V00694,2024-01-02,C009,P008,Tienda fisica,Confirmada,  4 ,  85.01 ,0.0,48.01,  1.19 
V03243,2025-11-12,C013,P002,Tienda fisica,Confirmada,2,476.76,0.0,290.37,2.23
V05056,2025-09-05,C032,P010,E-commerce,Confirmada,6,37.58,0.1,19.13,33.47
V04180,2024-07-06,C027,P002,Tienda fisica,Confirmada,1,455.79,0.0,273.09,3.22
V03219,2025-11-03,C025,P005,E-commerce,Confirmada,3,99.52,0.05,51.05,32.18
V04269,2024-01-16,C010,P004,Tienda fisica,Confirmada,5,28.19,0.0,13.49,3.12
V01782,2024-08-24,C045,P002,E-commerce,Confirmada,2,457.16,0.1,272.13,20.27
V02794,2024-07-01,C020,P003,Tienda fisica,Confirmada,5,1674.41,0.0,1118.11,3.25
V00999,2025-11-15,C010,P010,E-commerce,Confirmada,4,36.42,0.1,19.7,28.51
V00350,2024-04-03,C060,P004,E-commerce,Confirmada,9,28.7,0.0,13.67,38.17
V02702,2024-05-04,C001,P009,Tienda fisica,Confirmada,6,128.79,0.0,75.76,0.4
V02315,2025-05-26,C021,P010,Tienda fisica,Confirmada,2,36.48,0.0,19.27,2.74
V04838,2024-11-16,C040,P005,Tienda fisica,Confirmada,4,93.19,0.0,48.7,2.28
V03853,2025-10-22,C010,P007,E-commerce,Confirmada,4,130.13,0.0,68.8,30.94
V00872,2025-03-20,C039,P005,E-commerce,Confirmada,6,102.5,0.0,51.52,31.23
V02937,2025-03-07,C021,P004,Tienda fisica,Confirmada,9,29.97,0.0,14.77,3.8
V01639,2024-11-07,C057,P010,E-commerce,Confirmada,2,35.93,0.1,18.06,22.78
V04793,2024-05-15,C031,P005,E-commerce,Confirmada,  6 ,  94.2 ,0.08,48.31,  37.91 
V03205,2025-11-10,C035,P001,E-commerce,Confirmada,14,1290.48,0.0,809.25,41.93
V05090,2025-09-08,C051,P001,Tienda fisica,Confirmada,6,1292.57,0.0,817.08,1.77
V01626,2024-08-17,C015,P005,Tienda fisica,Confirmada,7,95.21,0.0,47.81,3.76
V00176,2024-09-30,C046,P006,Tienda fisica,Confirmada,5,66.87,0.0,35.56,3.23
V04003,2024-11-22,C039,P004,Tienda fisica,Confirmada,5,28.64,0.0,13.55,3.51
V02331,2024-08-25,C005,P008,E-commerce,Confirmada,1,85.69,0.05,47.86,20.7
V05098,2025-05-03,C031,P009,Tienda fisica,Confirmada,3,137.79,0.0,82.68,2.98
V04046,2025-05-29,C007,P004,E-commerce,Confirmada,2,30.35,0.0,14.59,28.98
V01089,2025-12-30,C025,P002,Tienda fisica,Confirmada,3,469.14,0.0,295.8,3.84
V01822,2024-06-27,C027,P009,Tienda fisica,Confirmada,1,133.0,0.1,76.71,0.39
V03678,2025-03-03,C014,P008,E-commerce,Confirmada,2,89.52,0.0,52.23,19.0
V03029,2025-08-03,C003,P009,Tienda fisica,Confirmada,3,136.65,0.0,83.58,3.74
V00398,2025-07-24,C030,P005,Tienda fisica,Confirmada,7,100.2,0.1,52.6,1.29
V00117,2025-06-08,C045,P006,E-commerce,Confirmada,8,70.64,0.1,38.03,43.23
V03086,2025-03-16,C036,P004,E-commerce,Confirmada,7,30.34,0.0,14.38,31.75
V00202,2024-12-18,C004,P005,Tienda fisica,Confirmada,7,96.28,0.05,47.97,2.13
V02228,2025-05-26,C038,P010,E-commerce,Confirmada,  4 ,  37.35 ,0.1,19.68,  33.54 
V02770,2024-09-08,C004,P004,Tienda fisica,Confirmada,7,27.65,0.0,13.63,0.78
V00557,2024-10-29,C006,P005,E-commerce,Confirmada,7,93.3,0.08,47.23,30.6
V04340,2025-06-09,C009,P010,Tienda fisica,Confirmada,3,37.45,0.0,19.21,3.03
V00455,2025-06-09,C040,P008,Tienda fisica,Confirmada,10,90.63,0.0,52.25,0.25
V01131,2025-04-11,C055,P005,E-commerce,Confirmada,6,103.65,0.1,51.06,39.62
V04951,2024-02-25,C052,P004,Tienda fisica,Confirmada,4,28.69,0.1,13.3,1.04
V03502,2024-01-27,C011,P010,E-commerce,Confirmada,2,35.84,0.0,17.69,24.0
V03518,2024-07-04,C023,P010,Tienda fisica,Confirmada,4,34.83,0.0,18.12,1.19
V04190,2025-01-20,C042,P008,E-commerce,Confirmada,6,92.66,0.0,52.79,35.78
V01401,2025-10-22,C028,P005,E-commerce,Confirmada,11,102.62,0.15,51.44,30.6
V03102,2024-01-29,C023,P005,Tienda fisica,Confirmada,13,97.16,0.0,48.66,3.92
V00503,2024-06-24,C020,P009,Tienda fisica,Confirmada,2,127.98,0.1,76.86,1.42
V04486,2025-07-09,C001,P007,Tienda fisica,Confirmada,1,125.08,0.0,69.68,2.54
V01944,2025-04-10,C040,P002,E-commerce,Confirmada,1,481.15,0.0,294.68,15.97
V04114,2025-07-06,C048,P006,E-commerce,Confirmada,9,69.53,0.0,37.81,29.17
V04527,2025-07-28,C024,P005,Tienda fisica,Confirmada,7,101.53,0.0,52.72,3.83
V00642,2025-03-13,C056,P006,E-commerce,Confirmada,  6 ,  69.39 ,0.1,39.11,  31.87 
V04583,2025-06-13,C055,P007,E-commerce,Confirmada,5,127.75,0.0,68.75,28.14
V03164,2025-11-09,C014,P009,Tienda fisica,Confirmada,2,137.48,0.0,82.57,1.19
V03635,2025-05-30,C012,P008,E-commerce,Confirmada,8,89.19,0.0,52.24,44.82
V01772,2025-07-01,C043,P006,Tienda fisica,Confirmada,7,67.96,0.0,38.66,3.63
V01031,2024-04-29,C036,P005,Tienda fisica,Confirmada,8,93.69,0.0,47.21,3.7
V05146,2024-04-13,C044,P006,Tienda fisica,Confirmada,2,66.78,0.0,35.35,1.9
V01186,2025-04-06,C036,P008,E-commerce,Confirmada,15,88.8,0.0,51.62,44.42
V00638,2024-01-04,C029,P005,Tienda fisica,Confirmada,6,95.42,0.1,47.36,1.99
V04060,2024-10-29,C014,P010,Tienda fisica,Confirmada,2,35.95,0.0,18.04,2.95
V02846,2024-09-14,C045,P008,Tienda fisica,Confirmada,1,83.5,0.0,48.8,0.94
V02944,2024-12-09,C029,P007,Tienda fisica,Confirmada,4,119.56,0.05,64.68,3.55
V02828,2025-03-11,C040,P010,Tienda fisica,Confirmada,2,37.62,0.0,19.68,3.31
V04852,2025-02-13,C039,P008,E-commerce,Confirmada,1,89.97,0.0,51.82,24.4
V03397,2024-08-07,C035,P006,Tienda fisica,Confirmada,2,65.57,0.0,35.89,2.45
V00901,2025-03-29,C020,P001,Tienda fisica,Confirmada,2,1255.55,0.0,804.77,1.24
V02858,2024-11-01,C038,P001,Tienda fisica,Confirmada,14,1222.32,0.0,753.25,0.97
V04686,2025-08-18,C051,P005,E-commerce,Confirmada,  3 ,  101.34 ,0.08,52.53,  30.72 
V02649,2025-04-24,C005,P006,Tienda fisica,Confirmada,2,69.0,0.0,38.81,0.85
V03699,2024-08-30,C030,P007,E-commerce,Confirmada,7,119.65,0.0,63.22,28.94
V01053,2024-12-05,C034,P004,Tienda fisica,Confirmada,1,28.14,0.0,13.32,2.15
V03697,2024-06-04,C015,P003,E-commerce,Confirmada,1,1626.63,0.08,1135.74,23.86
V00690,2025-12-28,C030,P001,E-commerce,Confirmada,15,1272.82,0.0,792.77,70.27
V01937,2025-08-20,C050,P008,E-commerce,Confirmada,2,91.78,0.08,52.01,15.72
V04835,2024-11-02,C051,P004,E-commerce,Confirmada,3,28.36,0.0,13.42,31.92
V02848,2024-12-18,C035,P004,Tienda fisica,Confirmada,23,28.58,0.05,13.33,3.88
V05263,2025-09-17,,P004,E-commerce,Confirmada,4,29.77,0.08,14.36,22.79
V01668,2024-06-11,C029,P007,E-commerce,Confirmada,2,119.6,0.08,63.12,28.05
V01835,2025-07-15,C046,P006,E-commerce,Confirmada,9,68.1,0.15,37.86,41.23
V00716,2025-03-15,C045,P009,Tienda fisica,Confirmada,1,136.63,0.0,82.43,1.13
V01303,2025-04-10,C001,P010,E-commerce,Confirmada,1,37.63,0.05,19.05,17.97
V04159,2025-08-15,C060,P006,Tienda fisica,Confirmada,9,68.72,0.0,38.31,1.93
V01207,2024-05-31,C030,P010,E-commerce,Confirmada,1,34.95,0.15,17.53,17.52
V04075,2025-04-11,C010,P004,Tienda fisica,Confirmada,8,30.24,0.0,14.52,1.7
V00842,2025-12-01,C012,P006,E-commerce,Confirmada,  14 ,  67.81 ,0.0,38.05,  45.15 
V03737,2025-08-14,C025,P009,E-commerce,Confirmada,5,140.68,0.15,82.01,35.29
V00090,2025-08-23,C011,P010,Tienda fisica,Confirmada,3,37.81,0.0,19.36,3.14
V00729,2025-07-21,C047,P004,Tienda fisica,Confirmada,13,29.37,0.0,14.81,0.07
V02500,2025-10-11,C037,P003,E-commerce,Confirmada,8,1747.69,0.0,1238.5,35.91
V00551,2024-05-25,C050,P001,E-commerce,Confirmada,1,1200.8,0.1,749.49,21.25
V04752,2025-01-11,C055,P002,Tienda fisica,Confirmada,5,488.19,0.0,299.16,0.3
V01087,2024-07-01,C034,P002,E-commerce,Confirmada,1,454.25,0.0,267.16,16.27
V01911,2024-05-16,C054,P004,Tienda fisica,Confirmada,2,28.82,0.05,13.64,1.28
V02262,2024-11-28,C040,P007,Tienda fisica,Confirmada,1,120.37,0.0,62.7,0.19
V01818,2024-10-15,C040,P004,Tienda fisica,Confirmada,7,28.14,0.0,13.43,0.18
V02497,2024-04-12,C046,P002,Tienda fisica,Confirmada,2,454.63,0.0,272.8,0.74
V02660,2025-03-26,C048,P003,E-commerce,Confirmada,1,1715.57,0.0,1228.48,16.2
V03517,2024-10-30,C050,P010,Tienda fisica,Confirmada,1,34.87,0.0,17.9,4.0
V01585,2025-10-01,C041,P004,Tienda fisica,Confirmada,7,30.38,0.0,14.37,1.5
V00853,2025-04-14,C045,P005,Tienda fisica,Confirmada,12,101.0,0.0,52.56,1.35
V02025,2025-02-16,C010,P007,E-commerce,Confirmada,2,127.02,0.05,69.47,21.44
V03511,2025-01-30,C056,P006,Tienda fisica,Confirmada,  2 ,  68.21 ,0.0,37.96,  1.77 
V03370,2025-12-28,C005,P007,Tienda fisica,Confirmada,4,129.19,0.0,69.22,0.91
V04463,2024-09-24,C056,P004,Tienda fisica,Confirmada,8,28.39,0.0,13.59,2.13
V04133,2025-03-18,C051,P002,E-commerce,Confirmada,1,481.05,0.05,300.62,14.24
V01348,2025-03-16,C017,P004,E-commerce,Confirmada,7,30.16,0.0,14.4,23.77
V02310,2025-05-16,C040,P007,E-commerce,Confirmada,3,127.59,0.0,69.28,16.55
V01771,2025-09-08,C009,P008,E-commerce,Confirmada,6,90.58,0.0,52.26,34.48
V01672,2024-06-19,C060,P004,Tienda fisica,Confirmada,7,27.88,0.0,13.23,0.44
V03913,2025-03-15,C057,P007,Tienda fisica,Confirmada,3,126.03,0.0,68.18,3.07
V05114,2024-05-04,C055,P010,Tienda fisica,Confirmada,5,34.85,0.0,17.9,3.46
V02840,2025-02-04,C009,P008,E-commerce,Confirmada,2,92.75,0.08,53.15,25.75
V04954,2024-08-22,C060,P003,Tienda fisica,Confirmada,1,1686.83,0.1,1132.23,0.32
V03707,2024-11-18,C045,P010,E-commerce,Confirmada,8,34.99,0.05,18.09,41.12
V03712,2025-04-19,C052,P006,E-commerce,Confirmada,10,69.54,0.05,37.89,39.49
V02504,2024-09-13,C028,P008,Tienda fisica,Confirmada,1,85.71,0.0,47.49,3.38
V04974,2025-12-14,C045,P007,E-commerce,Confirmada,2,126.18,0.0,68.58,25.61
V01660,2024-01-18,C048,P001,Tienda fisica,Confirmada,1,1220.82,0.0,758.39,1.42
V05135,2024-09-20,C010,P010,E-commerce,Confirmada,  11 ,  34.96 ,0.15,18.19,  38.99 
V03901,2024-08-18,C053,P004,Tienda fisica,Confirmada,3,27.71,0.0,13.48,0.8
V04632,2025-11-08,C025,P008,E-commerce,Confirmada,3,90.86,0.0,51.77,17.55
V04156,2024-02-22,C013,P002,Tienda fisica,Confirmada,1,450.38,0.1,273.78,3.99
V03838,2024-03-20,C045,P009,Tienda fisica,Confirmada,2,128.11,0.0,76.83,0.29
V01292,2024-07-15,C038,P010,E-commerce,Confirmada,13,35.38,0.15,17.8,48.45
V04910,2025-04-10,C018,P004,Tienda fisica,Confirmada,9,30.15,0.0,14.58,3.44
V01240,2024-04-05,C022,P004,Tienda fisica,Confirmada,2,27.76,0.0,13.25,0.42
V03075,2025-05-27,C043,P003,E-commerce,Confirmada,6,1766.51,0.0,1232.71,36.32
V01826,2025-11-06,C013,P001,Tienda fisica,Confirmada,3,1290.42,0.0,818.35,0.04
V00200,2025-12-04,C002,P007,Tienda fisica,Confirmada,2,126.16,0.0,69.51,0.23
V04809,2024-08-20,C031,P004,Tienda fisica,Confirmada,6,28.28,0.0,13.43,3.4
V02560,2025-10-25,C030,P001,E-commerce,Confirmada,4,1277.95,0.0,811.88,26.36
V05171,2024-08-06,C040,P004,E-commerce,Confirmada,7,27.51,0.05,13.46,43.61
V04025,2025-07-27,C027,P007,E-commerce,Confirmada,1,130.97,0.0,68.62,22.1
V00153,2025-06-28,C023,P005,E-commerce,Confirmada,8,101.23,0.0,52.43,31.82
V01090,2024-07-29,C027,P002,E-commerce,Confirmada,5,447.1,0.0,267.28,16.96
V01958,2025-11-06,C047,P007,Tienda fisica,Confirmada,  9 ,  130.13 ,0.0,67.71,  1.67 
V02075,2024-08-17,C025,P009,Tienda fisica,Confirmada,3,129.47,0.05,77.0,3.13
V04624,2024-10-10,C035,P008,Tienda fisica,Confirmada,1,83.49,0.0,47.37,2.62
V00039,2025-07-02,C051,P010,E-commerce,Confirmada,9,36.91,0.0,19.35,48.86
V01851,2024-10-31,C036,P001,Tienda fisica,Confirmada,5,1214.39,0.0,757.14,1.23
V01132,2024-10-23,C042,P003,Tienda fisica,Confirmada,1,1625.91,0.0,1101.54,2.58
V04541,2025-10-11,C055,P010,Tienda fisica,Confirmada,8,36.63,0.0,19.33,0.45
V01962,2024-09-20,C016,P007,Tienda fisica,Confirmada,1,123.36,0.0,62.79,3.34
V00544,2025-12-28,C035,P005,Tienda fisica,Confirmada,8,101.74,0.0,53.02,3.92
V02255,2024-10-17,C020,P004,Tienda fisica,Confirmada,4,27.95,0.0,13.25,1.82
V02223,2024-06-28,C023,P007,Tienda fisica,Confirmada,20,121.29,0.0,64.52,1.51
V00456,2024-10-04,C030,P005,E-commerce,Confirmada,9,93.58,0.0,47.14,32.57
V04635,2025-11-28,C020,P010,Tienda fisica,Confirmada,1,36.68,0.0,19.69,2.49
V02972,2025-08-27,C020,P006,Tienda fisica,Confirmada,19,67.67,0.0,38.24,2.09
V03833,2025-09-29,C020,P010,Tienda fisica,Confirmada,14,38.08,0.0,19.56,0.64
V03018,2025-09-06,C025,P005,E-commerce,Confirmada,6,101.06,0.1,52.38,36.43
V03187,2025-10-05,C020,P003,Tienda fisica,Confirmada,13,1745.26,0.0,1214.62,0.85
V03848,2024-12-24,C054,P007,Tienda fisica,Confirmada,  1 ,  118.86 ,0.0,63.44,  2.95 
V03105,2024-03-07,C033,P004,E-commerce,Confirmada,5,27.73,0.0,13.37,30.91
V03002,2025-10-27,C007,P009,Tienda fisica,Confirmada,10,139.58,0.0,81.48,1.97
V01359,2024-06-15,C003,P009,E-commerce,Confirmada,3,130.69,0.0,76.93,20.72
V04909,2024-09-16,C020,P010,Tienda fisica,Confirmada,3,35.37,0.0,18.14,2.17
V00961,2025-01-15,C021,P010,E-commerce,Confirmada,1,36.62,0.05,19.32,17.42
V00782,2024-06-27,C036,P007,Tienda fisica,Confirmada,1,122.88,0.0,64.3,2.3
V02430,2024-04-19,C001,P005,E-commerce,Confirmada,5,94.9,0.0,48.47,39.52
V03439,2025-12-04,C012,P008,Tienda fisica,Confirmada,1,89.11,0.0,52.14,1.68
V00429,2025-08-12,C030,P010,Tienda fisica,Confirmada,10,37.88,0.0,19.04,1.43
V00018,2025-06-13,C043,P008,E-commerce,Confirmada,2,88.48,0.0,52.39,18.98
V03588,2024-08-24,C005,P008,E-commerce,Confirmada,5,85.88,0.1,47.87,18.8
V00149,2024-01-13,C004,P006,E-commerce,Confirmada,4,65.04,0.0,34.99,26.07
V03066,2024-08-20,C045,P001,Tienda fisica,Confirmada,1,1213.16,0.0,731.59,3.83
V04620,2024-04-19,C045,P005,Tienda fisica,Confirmada,13,97.3,0.0,47.91,2.62
V00555,2025-11-15,C011,P002,Tienda fisica,Confirmada,2,489.54,0.0,296.34,1.19
V00631,2024-08-14,C018,P004,Tienda fisica,Confirmada,5,28.62,0.0,13.64,0.0
V04030,2024-07-31,C054,P007,Tienda fisica,Confirmada,  1 ,  122.51 ,0.0,62.6,  3.35 
V01393,2024-12-29,C044,P009,Tienda fisica,Confirmada,18,127.54,0.0,75.56,0.97
V04199,2024-10-23,C012,P007,Tienda fisica,Confirmada,1,121.44,0.05,63.6,0.46
V04924,2024-11-18,C040,P005,E-commerce,Confirmada,5,95.96,0.0,47.18,20.32
V01499,2024-03-07,C050,P004,E-commerce,Confirmada,10,27.51,0.0,13.63,32.83
V01613,2025-10-29,C010,P010,E-commerce,Confirmada,3,37.95,0.1,19.33,29.77
V00973,2024-03-22,C055,P001,Tienda fisica,Confirmada,11,1210.02,0.0,733.49,2.24
V03149,2025-04-06,C029,P008,E-commerce,Confirmada,11,89.19,0.0,51.2,36.29
V01790,2025-12-14,C045,P004,E-commerce,Confirmada,8,29.39,0.08,14.43,39.1
V04769,2025-03-19,C057,P001,Tienda fisica,Confirmada,3,1282.95,0.0,799.9,0.35
V02854,2024-03-28,C056,P006,E-commerce,Confirmada,10,66.48,0.0,35.86,58.66
V05157,2024-04-08,C020,P004,E-commerce,Confirmada,1,28.78,0.08,13.17,16.69
V05043,2025-06-02,C036,P010,Tienda fisica,Confirmada,1,36.39,0.0,19.01,2.65
V01501,2025-06-28,C005,P005,E-commerce,Confirmada,4,99.33,0.05,53.07,33.83
V03351,2025-08-22,C055,P007,Tienda fisica,Confirmada,4,129.48,0.05,67.8,1.62
V04912,2024-04-30,C035,P004,Tienda fisica,Confirmada,6,28.25,0.0,13.6,3.75
V04585,2025-12-12,C011,P009,Tienda fisica,Confirmada,1,137.24,0.0,83.63,3.49
V02267,2025-05-27,C041,P010,E-commerce,Confirmada,  1 ,  37.09 ,0.08,19.33,  26.07 
V02590,2024-03-05,C034,P004,Tienda fisica,Confirmada,5,28.49,0.0,13.35,2.2
V02349,2024-01-14,C006,P008,E-commerce,Confirmada,1,84.22,0.05,48.8,15.61
V02486,2025-03-03,C017,P004,E-commerce,Confirmada,13,29.25,0.0,14.74,57.13
V03221,2024-02-14,C003,P008,Tienda fisica,Confirmada,11,85.48,0.05,47.43,1.86
V02071,2025-10-12,C039,P002,Tienda fisica,Confirmada,4,490.53,0.0,300.46,2.08
V00691,2024-11-06,C035,P001,E-commerce,Confirmada,11,1226.66,0.1,748.47,36.79
V02151,2024-10-02,C035,P009,Tienda fisica,Confirmada,6,132.83,0.0,76.55,0.05
V00303,2025-07-19,C028,P007,E-commerce,Confirmada,3,126.18,0.08,68.28,26.06
V02195,2025-01-09,C024,P009,E-commerce,Confirmada,2,136.72,0.0,81.9,18.59
V03654,2024-04-14,C017,P002,Tienda fisica,Confirmada,1,455.12,0.05,267.03,1.77
V04501,2025-06-24,C060,P006,Tienda fisica,Confirmada,4,68.66,0.05,38.86,1.27
V01860,2025-05-27,C001,P006,E-commerce,Confirmada,3,67.93,0.08,38.07,17.87
V04554,2025-03-24,C001,P009,Tienda fisica,Confirmada,2,139.35,0.0,82.72,2.65
V03510,2025-11-04,C030,P005,Tienda fisica,Confirmada,5,101.65,0.0,52.36,1.83
V01540,2024-03-03,C057,P003,E-commerce,Confirmada,3,1664.24,0.1,1137.58,31.5
V02987,2024-12-13,C021,P004,E-commerce,Confirmada,9,28.14,0.08,13.29,22.77
V01578,2025-07-05,C020,P008,E-commerce,Confirmada,  1 ,  91.62 ,0.0,52.68,  12.41 
V02077,2024-08-23,C025,P010,E-commerce,Confirmada,1,35.09,0.08,18.1,19.39
V01920,2024-07-24,C001,P002,Tienda fisica,Confirmada,4,442.5,0.1,272.57,2.59
V01821,2024-02-08,C011,P005,E-commerce,Confirmada,3,95.52,0.0,48.19,20.06
V01305,2024-03-07,C026,P010,Tienda fisica,Confirmada,1,35.18,0.0,17.99,3.35
V01564,2024-06-19,C056,P003,E-commerce,Confirmada,1,1627.28,0.0,1143.55,12.38
V02328,2024-11-28,C056,P010,Tienda fisica,Confirmada,7,35.77,0.1,17.99,1.06
V03287,2024-08-27,C035,P004,Tienda fisica,Confirmada,8,28.33,0.0,13.62,3.37
V01337,2025-03-08,C022,P008,E-commerce,Confirmada,1,88.63,0.0,51.36,24.33
V00420,2024-03-04,C038,P005,Tienda fisica,Confirmada,7,93.54,0.0,47.55,2.22
V00493,2024-01-05,C015,P009,Tienda fisica,Confirmada,1,128.92,0.0,74.9,2.9
V02819,2024-12-12,C050,P001,Tienda fisica,Confirmada,1,1198.62,0.0,758.78,0.18
V01077,2024-10-09,C037,P002,Tienda fisica,Confirmada,2,442.82,0.0,273.49,0.94
V04553,2025-05-28,C013,P009,Tienda fisica,Confirmada,4,137.28,0.05,82.39,2.51
V00876,2024-12-14,C025,P004,E-commerce,Confirmada,10,27.44,0.05,13.6,30.58
V03927,2024-07-01,C057,P004,Tienda fisica,Confirmada,5,28.2,0.0,13.46,3.42
V03554,2025-11-22,C040,P005,Tienda fisica,Confirmada,1,100.48,0.05,51.72,3.85
V00955,2025-09-15,C056,P010,E-commerce,Confirmada,  7 ,  36.36 ,0.0,19.44,  19.44 
V01155,2024-09-16,C035,P004,Tienda fisica,Confirmada,7,27.71,0.0,13.54,0.07
V00370,2024-05-29,C021,P002,E-commerce,Confirmada,2,442.33,0.0,274.41,27.86
V00209,2025-09-14,C060,P004,E-commerce,Confirmada,3,30.05,0.0,14.63,16.63
V04163,2025-10-07,C025,P004,Tienda fisica,Confirmada,7,30.4,0.0,14.35,1.05
V03267,2025-08-04,C056,P010,Tienda fisica,Confirmada,1,37.82,0.0,19.67,0.22
V02565,2025-03-14,C055,P008,Tienda fisica,Confirmada,3,90.46,0.0,51.51,2.12
V01985,2024-05-31,C051,P006,E-commerce,Confirmada,3,64.79,0.0,35.95,32.98
V03429,2024-05-09,C021,P004,Tienda fisica,Confirmada,5,27.99,0.05,13.69,2.45
V04925,2025-03-23,C047,P005,Tienda fisica,Confirmada,9,101.73,0.0,52.72,1.08
V04350,2024-03-15,C024,P002,Tienda fisica,Confirmada,3,460.96,0.0,269.37,0.49
V03922,2025-07-24,C026,P010,E-commerce,Confirmada,4,37.85,0.08,19.26,22.84
V01909,2025-01-30,C040,P010,Tienda fisica,Confirmada,1,37.93,0.0,19.02,0.97
V00409,2024-10-15,C055,P010,Tienda fisica,Confirmada,3,34.49,0.0,18.1,2.84
V04245,2024-07-28,C044,P005,E-commerce,Confirmada,7,96.66,0.15,47.97,33.69
V05033,2024-03-25,C025,P002,Tienda fisica,Confirmada,7,441.48,0.0,268.89,0.44
V03541,2025-01-05,C040,P004,Tienda fisica,Confirmada,7,29.86,0.0,14.58,0.57
V02636,2025-12-16,C037,P004,E-commerce,Confirmada,  8 ,  29.6 ,0.08,14.73,  35.4 
V02433,2024-11-03,C020,P010,Tienda fisica,Confirmada,4,35.38,0.0,17.56,3.04
V00621,2024-02-01,C055,P007,Tienda fisica,Confirmada,5,118.48,0.0,64.03,3.52
V04995,2025-09-22,C045,P002,Tienda fisica,Confirmada,2,488.72,0.0,293.86,2.67
V04099,2024-01-20,C022,P005,Tienda fisica,Confirmada,2,95.95,0.0,48.85,0.44
V00709,2025-06-10,C008,P007,Tienda fisica,Confirmada,9,129.35,0.1,68.84,3.8
V03953,2024-12-12,C038,P007,Tienda fisica,Confirmada,2,119.45,0.0,64.74,3.22
V02125,2025-11-08,C012,P004,E-commerce,Confirmada,3,30.42,0.15,14.39,31.34
V01805,2024-01-30,C008,P005,Tienda fisica,Confirmada,4,95.35,0.0,47.31,2.37
V04239,2025-09-17,C025,P006,E-commerce,Confirmada,14,68.22,0.1,38.39,52.35
V03578,2025-09-21,C006,P005,E-commerce,Confirmada,7,98.85,0.0,52.03,47.4
V01212,2024-03-03,C035,P010,Tienda fisica,Confirmada,1,35.09,0.0,17.81,0.33
V04173,2025-10-31,C035,P005,Tienda fisica,Confirmada,18,101.42,0.0,52.53,0.25
V01428,2025-11-22,C026,P004,E-commerce,Confirmada,4,29.21,0.0,14.87,27.93
V01874,2025-07-29,C020,P006,E-commerce,Confirmada,9,70.84,0.0,39.04,33.18
V00237,2024-02-07,C014,P006,E-commerce,Confirmada,3,65.15,0.0,35.33,14.8
V01547,2024-10-19,C001,P005,Tienda fisica,Confirmada,6,96.3,0.05,48.17,0.46
V04023,2025-03-16,C010,P010,Tienda fisica,Confirmada,  1 ,  37.11 ,0.0,19.18,  0.16 
V01730,2025-04-30,C036,P007,E-commerce,Confirmada,2,128.13,0.08,69.78,13.66
V02667,2024-09-17,C030,P005,Tienda fisica,Confirmada,7,94.18,0.0,48.78,1.28
V02930,2024-05-18,C014,P007,Tienda fisica,Confirmada,1,118.09,0.1,63.72,1.22
V02652,2024-10-18,C030,P008,E-commerce,Confirmada,4,86.64,0.0,48.79,20.85
V00911,2024-08-03,C037,P004,E-commerce,Confirmada,4,28.49,0.0,13.57,31.48
V02297,2024-11-15,C036,P010,Tienda fisica,Confirmada,2,35.42,0.0,17.93,1.69
V01339,2024-01-11,C015,P003,Tienda fisica,Confirmada,4,1693.22,0.0,1140.99,1.55
V03207,2025-05-05,C052,P006,E-commerce,Confirmada,6,67.94,0.05,37.77,39.94
V00186,2024-09-26,C015,P009,Tienda fisica,Confirmada,1,131.53,0.0,77.26,0.14
V03040,2025-11-10,C011,P007,E-commerce,Confirmada,2,124.88,0.1,68.28,17.39
V01493,2024-05-31,C020,P004,Tienda fisica,Confirmada,17,27.81,0.0,13.61,3.23
V04880,2024-05-14,C051,P008,E-commerce,Confirmada,8,83.68,0.08,48.09,27.38
V05051,2024-03-10,C060,P008,Tienda fisica,Confirmada,2,85.38,0.0,47.59,0.9
V04700,2025-04-22,C055,P010,Tienda fisica,Confirmada,2,36.44,0.0,19.75,2.09
V04319,2025-03-22,C016,P005,E-commerce,Confirmada,7,98.8,0.0,51.04,29.66
V00379,2025-09-01,C045,P009,E-commerce,Confirmada,4,135.6,0.0,81.85,35.6
V02685,2024-09-28,C029,P007,Tienda fisica,Confirmada,  3 ,  123.18 ,0.0,62.42,  0.98 
V03939,2024-10-29,C045,P010,Tienda fisica,Confirmada,1,34.79,0.0,17.98,2.29
V04107,2025-07-19,C036,P005,E-commerce,Confirmada,9,102.82,0.15,52.62,35.08
V04653,2024-11-13,C016,P010,E-commerce,Confirmada,4,34.7,0.05,17.59,24.08
V03459,2025-07-07,C001,P001,E-commerce,Confirmada,5,1276.19,0.15,796.75,20.04
V03767,2024-02-20,C001,P005,Tienda fisica,Confirmada,8,93.17,0.0,47.9,0.14
V04221,2025-12-17,C060,P001,E-commerce,Confirmada,7,1250.15,0.05,797.57,26.89
V02528,2025-11-23,C001,P003,Tienda fisica,Confirmada,2,1796.27,0.1,1232.54,1.37
V04981,2024-05-09,C045,P008,E-commerce,Confirmada,15,83.81,0.15,47.18,37.49
V04432,2025-04-17,C015,P004,E-commerce,Confirmada,7,29.41,0.0,14.78,31.76
V01986,2024-11-18,C055,P007,E-commerce,Confirmada,2,119.08,0.05,63.74,14.07
V02929,2025-08-31,C059,P004,E-commerce,Confirmada,4,30.21,0.0,14.68,21.98
V00626,2025-12-12,C015,P004,Tienda fisica,Confirmada,13,29.93,0.1,14.46,0.25
V01397,2025-02-28,C009,P004,Tienda fisica,Confirmada,2,30.12,0.0,14.45,2.98
V01045,2025-12-15,C027,P001,E-commerce,Confirmada,1,1300.71,0.0,812.3,12.77
V03159,2024-07-28,C006,P004,Tienda fisica,Confirmada,2,27.84,0.1,13.6,3.16
V03011,2024-11-02,C015,P009,E-commerce,Confirmada,3,131.16,0.05,76.3,27.75
V03083,2024-09-17,C020,P004,E-commerce,Confirmada,  8 ,  28.56 ,0.0,13.64,  29.81 
V04529,2024-02-24,C050,P010,E-commerce,Confirmada,1,35.99,0.0,17.58,11.95
V00684,2024-07-08,C015,P005,E-commerce,Confirmada,8,96.75,0.0,48.66,32.62
V02991,2025-01-07,C040,P005,Tienda fisica,Confirmada,5,103.38,0.1,52.61,1.6
V04000,2024-05-04,C057,P005,E-commerce,Confirmada,8,96.95,0.08,47.58,36.43
V04267,2025-05-06,C020,P008,Tienda fisica,Confirmada,2,89.68,0.0,52.18,3.13
V00957,2024-04-12,C025,P004,E-commerce,Confirmada,4,27.82,0.05,13.24,18.92
V02024,2025-04-19,C052,P004,Tienda fisica,Confirmada,7,30.14,0.0,14.59,3.9
V01739,2025-08-31,C010,P010,E-commerce,Confirmada,2,37.95,0.0,19.35,16.64
V04816,2024-05-01,C010,P007,E-commerce,Confirmada,2,117.97,0.0,63.77,11.9
V02441,2024-06-14,C058,P010,Tienda fisica,Confirmada,4,34.44,0.0,17.91,0.82
V04685,2025-12-22,C020,P007,E-commerce,Confirmada,2,127.51,0.0,69.43,21.73
V01269,2025-08-12,C025,P004,E-commerce,Confirmada,27,30.07,0.0,14.7,108.75
V02553,2024-07-11,C011,P010,Tienda fisica,Confirmada,6,35.36,0.0,17.58,2.64
V01086,2025-03-23,C005,P005,E-commerce,Confirmada,8,101.07,0.0,51.67,41.48
V04286,2025-05-05,C050,P008,Tienda fisica,Confirmada,1,91.35,0.1,52.55,2.88
V03828,2024-04-05,C025,P004,Tienda fisica,Confirmada,4,28.66,0.0,13.32,1.77
V02815,2025-09-15,C025,P005,Tienda fisica,Confirmada,  12 ,  101.1 ,0.1,52.77,  0.28 
V04985,2025-12-17,C036,P007,Tienda fisica,Confirmada,8,130.35,0.0,68.93,3.92
V01438,2024-01-01,C036,P005,E-commerce,Confirmada,4,93.17,0.15,48.1,27.96
V04931,2024-07-18,C030,P003,Tienda fisica,Confirmada,8,1685.11,0.0,1138.98,0.85
V02557,2025-11-11,C032,P007,Tienda fisica,Confirmada,1,126.5,0.05,68.29,2.71
V04645,2024-12-11,C001,P007,Tienda fisica,Confirmada,1,121.7,0.0,62.48,1.06
V01446,2025-08-11,C055,P002,Tienda fisica,Confirmada,7,471.04,0.0,293.98,3.66
V00387,2024-01-31,C016,P004,E-commerce,Confirmada,1,28.83,0.05,13.28,25.68
V00625,2025-05-25,C024,P002,Tienda fisica,Confirmada,3,490.89,0.0,295.77,2.66
V03069,2024-09-23,C019,P009,E-commerce,Confirmada,10,133.55,0.05,75.69,29.32
V04728,2024-05-08,C056,P010,Tienda fisica,Confirmada,1,35.37,0.0,17.68,2.77
V02321,2025-07-11,C011,P006,Tienda fisica,Confirmada,5,68.72,0.0,37.9,0.66
V03234,2024-08-19,C060,P010,Tienda fisica,Confirmada,2,35.23,0.0,17.57,3.56
V03731,2024-01-05,C049,P008,Tienda fisica,Confirmada,1,86.27,0.1,48.0,2.66
V05134,2024-12-19,C038,P002,Tienda fisica,Confirmada,1,459.24,0.0,266.91,0.16
V00712,2025-10-10,C026,P006,Tienda fisica,Confirmada,5,70.95,0.0,38.5,3.23
V00618,2025-03-25,C010,P002,E-commerce,Confirmada,1,480.05,0.1,301.06,15.33
V02595,2024-04-26,C015,P004,E-commerce,Confirmada,  8 ,  27.78 ,0.05,13.19,  32.31 
V00107,2025-12-02,C035,P010,E-commerce,Confirmada,2,36.36,0.05,19.26,14.08
V04505,2025-04-05,C056,P010,Tienda fisica,Confirmada,2,36.41,0.0,19.21,0.25
V01122,2024-05-23,C010,P007,Tienda fisica,Confirmada,1,121.5,0.0,64.76,3.44
V04499,2025-10-18,C027,P004,Tienda fisica,Confirmada,4,29.14,0.0,14.62,0.52
V01725,2025-03-21,C017,P008,E-commerce,Confirmada,1,90.53,0.05,51.63,16.77
V02344,2025-02-13,C010,P008,Tienda fisica,Confirmada,2,88.74,0.0,52.65,1.99
V00812,2024-03-12,C037,P010,E-commerce,Confirmada,2,34.43,0.1,17.84,28.46
V02839,2025-11-09,C007,P005,E-commerce,Confirmada,6,101.57,0.08,51.5,25.8
V01586,2024-08-09,C015,P001,E-commerce,Confirmada,1,1220.67,0.0,730.64,20.32
V03327,2025-04-06,C014,P007,E-commerce,Confirmada,3,125.69,0.0,69.33,17.54
V01174,2024-09-12,C048,P006,Tienda fisica,Confirmada,9,63.96,0.0,36.07,1.95
V01469,2024-01-26,C051,P005,E-commerce,Confirmada,7,93.8,0.0,47.7,37.52
V00731,2024-12-08,C037,P004,Tienda fisica,Confirmada,6,28.73,0.0,13.37,3.43
V00121,2025-12-19,C010,P008,E-commerce,Confirmada,7,90.11,0.0,53.01,27.71
V00460,2024-05-03,C005,P002,Tienda fisica,Confirmada,6,447.4,0.0,271.99,2.49
V04950,2025-10-12,C028,P010,Tienda fisica,Confirmada,1,37.72,0.0,19.6,3.0
V03381,2024-04-20,C054,P004,Tienda fisica,Confirmada,  4 ,  27.7 ,0.0,13.33,  0.55 
V02282,2025-02-12,C025,P003,E-commerce,Confirmada,4,1734.91,0.1,1237.92,24.55
V02013,2024-05-03,C031,P004,E-commerce,Confirmada,4,27.59,0.15,13.25,27.67
V00269,2025-12-02,C040,P006,E-commerce,Confirmada,6,70.64,0.05,38.36,38.36
V02814,2024-06-08,C032,P003,Tienda fisica,Confirmada,1,1663.77,0.0,1101.66,3.2
V05188,2025-09-17,C005,P005,Tienda fisica,Confirmada,7,102.53,0.0,52.24,2.19
V00115,2025-12-28,C049,P001,E-commerce,Confirmada,1,1309.29,0.1,818.44,18.12
V04731,2025-06-27,C046,P006,E-commerce,Confirmada,12,69.29,0.15,37.93,26.98
V04086,2024-09-05,C016,P009,Tienda fisica,Confirmada,3,127.68,0.0,75.29,3.96
V05211,2025-11-11,C018,P006,Tienda fisica,Anulada,3,68.63,0.0,38.82,3.75
V01707,2024-11-19,C046,P002,E-commerce,Confirmada,3,460.24,0.05,270.76,28.28
V03232,2024-09-20,C056,P004,Tienda fisica,Confirmada,6,28.06,0.0,13.49,3.43
V03235,2025-09-19,C026,P007,E-commerce,Confirmada,4,124.68,0.1,68.59,27.08
V00312,2025-05-05,C034,P008,E-commerce,Confirmada,2,89.81,0.05,51.75,26.79
V02312,2024-11-25,C011,P007,Tienda fisica,Confirmada,7,122.22,0.0,63.73,0.34
V04659,2024-10-03,C053,P009,Tienda fisica,Confirmada,8,128.02,0.0,74.83,2.9
V02601,2025-10-26,C005,P005,E-commerce,Confirmada,10,100.81,0.1,51.31,31.84
V02911,2025-04-20,C040,P007,Tienda fisica,Confirmada,  1 ,  130.78 ,0.0,68.24,  3.04 
V03909,2025-03-28,C052,P007,E-commerce,Confirmada,12,128.17,0.08,67.63,45.44
V01377,2025-10-25,C055,P004,Tienda fisica,Confirmada,2,29.13,0.0,14.39,0.01
V02964,2025-07-19,C005,P006,E-commerce,Confirmada,16,70.65,0.05,38.92,65.09
V01946,2025-03-23,C011,P008,Tienda fisica,Confirmada,3,89.83,0.0,51.7,2.68
V02443,2025-04-02,C015,P005,E-commerce,Confirmada,9,100.39,0.0,51.27,35.7
V01780,2024-04-27,C046,P004,E-commerce,Confirmada,9,28.57,0.15,13.59,47.8
V02748,2025-12-28,C030,P010,Tienda fisica,Confirmada,2,36.57,0.0,19.31,3.39
V02165,2024-08-18,C002,P005,Tienda fisica,Confirmada,9,96.32,0.0,48.58,3.73
V02875,2024-03-02,C035,P005,Tienda fisica,Confirmada,6,93.11,0.05,48.22,1.15
V02811,2025-12-28,C021,P009,E-commerce,Confirmada,5,139.17,0.05,83.19,33.82
V00972,2025-08-05,C055,P005,Tienda fisica,Confirmada,7,102.48,0.0,52.59,0.62
V04035,2024-09-07,C040,P010,Tienda fisica,Confirmada,1,35.75,0.0,17.7,0.97
V00590,2024-12-05,C010,P003,E-commerce,Confirmada,2,1689.12,0.1,1130.68,27.79
V04918,2025-11-06,C004,P006,E-commerce,Confirmada,4,67.54,0.05,37.91,32.28
V04565,2024-07-18,C059,P001,Tienda fisica,Confirmada,2,1222.76,0.0,747.92,3.84
V03865,2025-03-09,C039,P008,Tienda fisica,Confirmada,1,90.38,0.0,52.28,2.69
V00584,2024-01-07,C005,P008,E-commerce,Confirmada,  3 ,  87.12 ,0.05,47.1,  33.16 
V05113,2025-08-12,C035,P005,Tienda fisica,Confirmada,3,100.6,0.0,52.05,1.53
V02587,2025-02-03,C055,P010,Tienda fisica,Confirmada,1,37.2,0.0,19.25,3.26
V04807,2025-01-20,C004,P010,Tienda fisica,Confirmada,4,36.69,0.1,19.59,3.14
V05068,2024-02-10,C037,P006,E-commerce,Confirmada,7,64.41,0.15,34.94,40.06
V04371,2025-07-09,C022,P007,E-commerce,Confirmada,6,128.94,0.0,68.51,34.94
V00154,2024-05-29,C040,P005,E-commerce,Confirmada,4,93.27,0.0,47.13,32.67
V02134,2025-06-17,C010,P005,Tienda fisica,Confirmada,3,103.16,0.0,52.89,0.15
V05245,2025-05-06,C023,P006,E-commerce,Anulada,15,70.05,0.0,38.13,42.19
V02693,2024-11-30,C047,P005,E-commerce,Confirmada,9,94.59,0.1,47.31,53.14
V01519,2025-09-09,C014,P001,Tienda fisica,Confirmada,8,1305.53,0.0,804.9,3.63
V01606,2024-08-11,C012,P009,Tienda fisica,Confirmada,1,130.02,0.0,75.1,2.54
V04877,2025-12-08,C060,P004,E-commerce,Confirmada,15,29.99,0.05,14.82,60.51
V00718,2024-03-17,C015,P008,Tienda fisica,Confirmada,2,84.29,0.1,48.86,0.73
V03028,2024-04-05,C036,P002,Tienda fisica,Confirmada,4,455.12,0.0,275.92,1.93
V01845,2024-08-02,C053,P004,E-commerce,Confirmada,7,27.83,0.1,13.35,40.43
V01895,2024-08-21,C012,P005,Tienda fisica,Confirmada,9,95.14,0.0,48.13,0.05
V01403,2024-07-26,C060,P002,E-commerce,Confirmada,  2 ,  456.93 ,0.0,271.98,  25.2 
V00479,2024-05-26,C051,P007,Tienda fisica,Confirmada,1,120.93,0.0,62.46,2.3
V05023,2025-04-19,C027,P009,E-commerce,Confirmada,4,135.35,0.05,82.06,22.57
V01610,2024-02-26,C015,P007,Tienda fisica,Confirmada,3,122.65,0.1,64.07,0.81
V05013,2025-11-29,C008,P005,Tienda fisica,Confirmada,8,99.01,0.0,51.95,2.56
V00483,2024-09-06,C057,P010,Tienda fisica,Confirmada,3,35.71,0.0,18.06,0.91
V01064,2025-03-07,C033,P009,E-commerce,Confirmada,2,135.76,0.05,83.51,13.99
V03506,2025-01-08,C003,P006,Tienda fisica,Confirmada,5,68.83,0.0,38.94,1.22
V03740,2024-03-29,C041,P006,Tienda fisica,Confirmada,4,65.88,0.0,35.97,3.51
V04804,2025-11-07,C016,P003,E-commerce,Confirmada,1,1743.0,0.15,1225.24,16.1
V03424,2024-10-11,C029,P003,E-commerce,Confirmada,7,1646.59,0.08,1117.36,29.39
V02989,2025-12-30,C002,P007,E-commerce,Confirmada,2,125.28,0.0,68.05,30.75
V02396,2025-06-06,C020,P005,Tienda fisica,Confirmada,3,101.54,0.05,52.42,2.83
V04661,2025-11-03,C041,P005,Tienda fisica,Confirmada,1,101.85,0.0,52.96,1.45
V02725,2025-09-01,C012,P002,E-commerce,Confirmada,4,478.72,0.05,299.12,24.08
V03188,2024-05-17,C060,P009,Tienda fisica,Confirmada,1,132.73,0.0,75.32,3.14
V02891,2025-06-10,C030,P005,Tienda fisica,Confirmada,1,100.21,0.0,53.01,3.64
V03998,2025-06-05,C045,P006,Tienda fisica,Confirmada,  21 ,  69.16 ,0.0,39.2,  2.32 
V03957,2025-01-01,C020,P008,E-commerce,Confirmada,3,91.71,0.0,51.37,21.43
V05015,2025-06-01,C041,P006,E-commerce,Confirmada,7,67.63,0.1,37.8,39.83
V00633,2024-02-09,C030,P008,Tienda fisica,Confirmada,2,85.2,0.0,48.85,2.49
V05088,2025-07-17,C019,P002,E-commerce,Confirmada,5,479.75,0.1,300.85,38.62
V00448,2024-10-31,C043,P007,Tienda fisica,Confirmada,2,118.07,0.0,63.79,0.21
V05142,2025-01-02,C016,P004,Tienda fisica,Confirmada,3,30.33,0.0,14.5,3.8
V03774,2025-11-01,C010,P010,Tienda fisica,Confirmada,7,36.57,0.0,19.41,3.46
V02352,2025-03-15,C056,P010,E-commerce,Confirmada,8,36.7,0.1,19.32,38.32
V02356,2025-11-09,C015,P006,E-commerce,Confirmada,4,69.81,0.05,37.92,30.43
V03768,2025-11-27,C005,P008,E-commerce,Confirmada,3,88.88,0.05,51.54,20.58
V04251,2024-10-28,C019,P004,Tienda fisica,Confirmada,5,28.41,0.0,13.33,1.27
V00595,2024-12-03,C010,P003,Tienda fisica,Confirmada,5,1655.28,0.05,1104.55,2.75
V04619,2025-11-19,C060,P003,Tienda fisica,Confirmada,1,1748.13,0.0,1215.41,0.16
V05136,2025-07-05,C046,P010,E-commerce,Confirmada,1,37.82,0.0,18.99,20.42
V03805,2024-10-10,C060,P003,E-commerce,Confirmada,9,1622.98,0.1,1121.22,42.61
V00198,2024-02-27,C008,P006,Tienda fisica,Confirmada,3,65.43,0.0,35.85,1.3
V05022,2024-12-07,C041,P001,E-commerce,Confirmada,  6 ,  1214.05 ,0.1,739.38,  29.43 
V01971,2025-10-06,C060,P003,Tienda fisica,Confirmada,7,1746.74,0.05,1197.17,1.65
V00916,2024-10-05,C055,P003,Tienda fisica,Confirmada,11,1624.04,0.0,1118.62,1.87
V02163,2024-03-31,C060,P010,E-commerce,Confirmada,2,34.74,0.0,17.98,19.54
V02329,2025-03-05,C038,P008,E-commerce,Confirmada,12,89.19,0.05,52.75,65.06
V02580,2024-12-19,C056,P001,Tienda fisica,Confirmada,3,1229.11,0.0,741.74,2.85
V04409,2025-06-06,C031,P002,E-commerce,Confirmada,1,468.83,0.1,297.13,20.41
V01880,2024-10-06,C024,P008,E-commerce,Confirmada,1,84.04,0.15,48.41,26.57
V02850,2024-11-09,C008,P010,Tienda fisica,Confirmada,3,35.05,0.0,17.79,2.42
V01113,2025-05-24,C005,P006,E-commerce,Confirmada,9,68.25,0.0,38.35,36.79
V01565,2025-07-06,C021,P002,E-commerce,Confirmada,2,486.24,0.05,299.63,14.08
V00649,2024-01-10,C025,P010,Tienda fisica,Confirmada,1,34.93,0.0,17.94,0.91
V04242,2024-04-22,C050,P004,E-commerce,Confirmada,4,28.26,0.05,13.34,25.85
V04214,2025-07-13,C053,P006,E-commerce,Confirmada,10,68.22,0.0,38.11,45.36
V02318,2025-03-12,C030,P004,E-commerce,Confirmada,6,30.16,0.0,14.49,36.26
V04387,2025-11-20,C059,P006,E-commerce,Confirmada,2,69.68,0.05,38.34,15.39
V04850,2025-02-04,C049,P009,Tienda fisica,Confirmada,1,137.49,0.0,81.92,3.14
V04536,2024-09-21,C025,P010,Tienda fisica,Confirmada,  1 ,  35.12 ,0.0,17.73,  0.58 
V02281,2024-05-13,C032,P007,Tienda fisica,Confirmada,7,121.93,0.0,62.92,1.49
V04314,2025-01-17,C034,P004,Tienda fisica,Confirmada,3,30.04,0.0,14.61,2.99
V04380,2025-12-30,C012,P008,E-commerce,Confirmada,6,91.44,0.05,51.83,28.41
V02635,2024-11-05,C013,P010,Tienda fisica,Confirmada,4,34.53,0.0,18.16,0.59
V00052,2025-04-05,C040,P004,Tienda fisica,Confirmada,4,30.38,0.0,14.47,2.89
V01289,2024-12-04,C036,P010,Tienda fisica,Confirmada,1,35.37,0.0,18.03,0.21
V00746,2024-11-10,C001,P004,E-commerce,Confirmada,5,27.48,0.15,13.24,19.51
V03671,2024-02-25,C055,P003,E-commerce,Confirmada,1,1640.87,0.05,1125.05,16.89
V03044,2024-05-08,C060,P007,E-commerce,Confirmada,5,119.0,0.1,64.04,37.43
V03021,2025-11-11,C050,P005,E-commerce,Confirmada,6,102.07,0.0,52.99,33.07
V03835,2025-03-30,C034,P010,E-commerce,Confirmada,5,37.62,0.08,19.66,30.24
V03972,2024-12-19,C059,P004,Tienda fisica,Confirmada,6,27.71,0.0,13.7,1.58
V03999,2024-01-15,C021,P004,Tienda fisica,Confirmada,6,28.83,0.0,13.66,1.63
V00967,2025-05-28,C012,P010,E-commerce,Confirmada,2,36.69,0.0,19.57,28.1
V04572,2025-08-30,C045,P006,E-commerce,Confirmada,4,69.48,0.0,38.46,28.13
V01908,2025-07-09,C011,P001,E-commerce,Confirmada,9,1274.88,0.15,792.54,47.04
V04209,2025-08-21,C002,P005,E-commerce,Confirmada,  6 ,  100.36 ,0.15,52.72,  40.97 
V02899,2024-12-27,C001,P004,E-commerce,Confirmada,6,28.83,0.0,13.36,41.03
V04772,2025-11-24,C045,P009,Tienda fisica,Confirmada,7,137.54,0.0,83.68,3.92
V00598,2025-08-25,C020,P004,Tienda fisica,Confirmada,5,29.7,0.0,14.57,2.04
V03618,2024-10-14,C030,P009,Tienda fisica,Confirmada,4,133.85,0.0,75.8,3.86
V00747,2025-09-23,C021,P008,Tienda fisica,Confirmada,2,90.57,0.1,52.43,1.89
V04680,2025-05-11,C055,P007,E-commerce,Confirmada,5,126.74,0.1,68.63,37.57
V00427,2025-06-04,C020,P005,Tienda fisica,Confirmada,4,101.61,0.05,51.9,2.19
V01102,2024-12-23,C060,P007,Tienda fisica,Confirmada,1,120.7,0.0,63.63,2.32
V05077,2025-02-18,C040,P005,E-commerce,Confirmada,9,101.22,0.15,51.99,41.46
V00413,2025-07-20,C016,P009,Tienda fisica,Confirmada,17,136.67,0.0,84.1,0.09
V02176,2024-03-17,C025,P007,Tienda fisica,Confirmada,1,121.64,0.0,63.64,1.87
V03091,2024-07-20,C002,P001,E-commerce,Confirmada,3,1196.99,0.0,743.42,26.12
V02619,2025-08-28,C036,P007,E-commerce,Confirmada,4,124.7,0.1,67.91,29.67
V01974,2025-01-25,C047,P003,E-commerce,Confirmada,1,1740.43,0.0,1198.17,11.05
V03402,2024-03-17,C031,P004,Tienda fisica,Confirmada,5,27.53,0.0,13.54,1.73
V03240,2024-08-19,C026,P009,Tienda fisica,Confirmada,1,131.12,0.05,75.59,2.41
V04338,2025-09-23,C044,P006,Tienda fisica,Confirmada,  5 ,  68.34 ,0.0,38.84,  1.58 
V01631,2024-04-07,C015,P010,Tienda fisica,Confirmada,3,34.63,0.0,17.55,1.95
V01268,2024-06-30,C035,P006,E-commerce,Confirmada,10,65.49,0.0,35.49,36.24
V02374,2025-04-07,C021,P010,E-commerce,Confirmada,15,36.36,0.15,19.43,42.74
V02701,2025-01-31,C032,P005,Tienda fisica,Confirmada,8,100.7,0.0,51.63,0.03
V01092,2025-12-17,C046,P008,Tienda fisica,Confirmada,7,90.49,0.0,52.34,3.38
V04034,2025-01-14,C005,P005,Tienda fisica,Confirmada,9,101.79,0.0,51.66,0.68
V02061,2025-02-23,C022,P005,E-commerce,Confirmada,5,102.88,0.1,51.1,29.55
V04992,2025-12-24,C003,P003,E-commerce,Confirmada,3,1716.77,0.05,1217.94,22.34
V00507,2024-10-02,C005,P008,Tienda fisica,Confirmada,1,86.81,0.0,48.63,0.01
V00023,2025-05-20,C020,P004,E-commerce,Confirmada,8,29.75,0.0,14.56,26.01
V04175,2024-10-01,C023,P008,Tienda fisica,Confirmada,1,86.87,0.0,48.34,2.38
V03452,2025-11-25,C013,P007,Tienda fisica,Confirmada,6,128.98,0.0,70.18,1.66
V00772,2025-08-29,C053,P010,E-commerce,Confirmada,3,36.42,0.0,19.66,25.7
V02874,2025-01-13,C055,P006,E-commerce,Confirmada,3,69.03,0.05,39.16,29.01
V02333,2025-03-26,C034,P002,Tienda fisica,Confirmada,4,467.56,0.0,289.87,0.18
V04216,2025-03-09,C020,P008,E-commerce,Confirmada,3,89.46,0.0,52.4,30.05
V00599,2024-06-03,C055,P009,Tienda fisica,Confirmada,  2 ,  130.91 ,0.05,76.79,  3.64 
V01491,2025-10-03,C035,P008,E-commerce,Confirmada,2,92.72,0.0,51.35,15.7
V01225,2024-09-27,C022,P006,Tienda fisica,Confirmada,6,66.7,0.0,35.54,3.57
V02103,2024-03-25,C021,P007,Tienda fisica,Confirmada,1,121.71,0.0,63.5,2.52
V04274,2025-05-11,C048,P002,E-commerce,Confirmada,5,487.31,0.0,299.36,22.8
V03382,2025-01-23,C046,P004,Tienda fisica,Confirmada,6,30.15,0.0,14.31,1.3
V01843,2024-02-05,C006,P007,Tienda fisica,Confirmada,1,120.92,0.0,63.99,2.32
V04293,2024-05-09,C045,P004,E-commerce,Confirmada,7,28.53,0.0,13.27,43.3
V02119,2024-12-07,C001,P001,E-commerce,Confirmada,3,1233.99,0.0,749.16,29.29
V00158,2025-04-17,C040,P007,Tienda fisica,Confirmada,6,126.15,0.0,70.36,2.01
V01062,2025-11-12,C057,P003,E-commerce,Confirmada,4,1752.58,0.08,1235.13,18.26
V00287,2024-02-11,C039,P005,Tienda fisica,Confirmada,8,94.38,0.0,48.53,2.12
V01278,2024-03-09,C050,P001,Tienda fisica,Confirmada,3,1228.0,0.0,742.88,0.65
V00596,2025-06-15,C036,P005,E-commerce,Confirmada,1,98.83,0.1,53.09,18.11
V04729,2024-02-18,C023,P005,Tienda fisica,Confirmada,7,95.88,0.0,47.23,2.66
V05127,2024-07-24,C049,P010,E-commerce,Confirmada,1,34.67,0.05,17.91,16.94
V01078,2025-08-06,C021,P006,E-commerce,Confirmada,6,68.84,0.08,38.82,31.48
V01014,2025-05-03,C034,P002,E-commerce,Confirmada,  4 ,  473.72 ,0.0,300.05,  27.1 
V03132,2025-02-24,C001,P007,E-commerce,Confirmada,3,128.25,0.0,70.18,25.8
V01754,2024-08-29,C043,P004,E-commerce,Confirmada,10,28.64,0.0,13.5,51.17
V00533,2024-05-31,C006,P004,E-commerce,Confirmada,4,28.5,0.0,13.61,35.26
V03148,2025-07-02,C021,P010,E-commerce,Confirmada,4,36.6,0.08,19.31,17.17
V02274,2025-09-28,C005,P005,Tienda fisica,Confirmada,5,101.34,0.0,53.02,2.61
V03176,2024-05-08,C001,P010,E-commerce,Confirmada,7,35.83,0.0,17.94,27.46
V03213,2025-12-16,C009,P007,E-commerce,Confirmada,1,130.24,0.0,67.85,26.55
V02844,2025-06-23,C058,P007,E-commerce,Confirmada,13,128.07,0.0,68.2,55.94
V03200,2024-09-26,C040,P008,Tienda fisica,Confirmada,7,85.62,0.0,48.43,0.46
V00634,2025-08-13,C003,P005,Tienda fisica,Confirmada,5,99.23,0.0,51.55,0.04
V01608,2024-06-03,C028,P007,Tienda fisica,Confirmada,1,118.02,0.0,64.04,3.4
V02535,2025-11-25,C026,P006,E-commerce,Confirmada,8,69.86,0.0,39.19,28.48
V03323,2025-05-07,C002,P010,Tienda fisica,Confirmada,5,37.36,0.0,19.29,2.2
V01060,2025-03-06,C001,P010,Tienda fisica,Confirmada,2,37.9,0.0,19.74,3.37
V02878,2024-12-09,C051,P009,E-commerce,Confirmada,1,133.54,0.0,76.77,22.66
V04575,2025-01-10,C056,P010,E-commerce,Confirmada,3,36.8,0.1,19.54,20.68
V02241,2024-11-16,C059,P010,Tienda fisica,Confirmada,  1 ,  35.01 ,0.0,17.7,  2.56 
V00570,2025-02-01,C011,P009,Tienda fisica,Confirmada,2,138.27,0.0,83.66,0.76
V02584,2025-06-22,C010,P008,Tienda fisica,Confirmada,5,91.13,0.05,53.06,3.41
V00366,2025-07-04,C045,P004,Tienda fisica,Confirmada,7,29.32,0.0,14.85,2.52
V01287,2025-05-13,C042,P005,E-commerce,Confirmada,1,103.17,0.0,52.8,13.95
V04742,2024-07-31,C049,P007,Tienda fisica,Confirmada,4,119.65,0.0,63.19,0.74
V00013,2025-03-09,C057,P006,E-commerce,Confirmada,5,68.14,0.0,39.16,21.11
V01399,2024-09-12,C026,P001,E-commerce,Confirmada,2,1220.32,0.1,745.03,16.16
V02990,2025-02-27,C005,P008,E-commerce,Confirmada,2,92.43,0.0,52.32,20.92
V04465,2025-05-08,C047,P010,E-commerce,Confirmada,5,36.63,0.1,19.6,24.82
V04725,2025-02-21,C047,P009,E-commerce,Confirmada,5,139.47,0.08,83.29,30.51
V01314,2025-06-10,C012,P006,Tienda fisica,Confirmada,4,67.61,0.05,38.11,1.0
V01242,2025-09-01,C054,P004,E-commerce,Confirmada,6,29.81,0.08,14.39,44.46
V04123,2024-07-22,C008,P003,Tienda fisica,Confirmada,3,1677.96,0.0,1101.25,0.41
V02563,2024-07-11,C041,P005,E-commerce,Confirmada,4,95.93,0.0,47.48,30.56
V01123,2025-08-06,C045,P003,E-commerce,Confirmada,1,1723.63,0.15,1234.86,26.7
V01559,2024-01-23,C004,P010,E-commerce,Confirmada,3,34.64,0.15,18.16,26.47
V00512,2025-01-26,C026,P004,E-commerce,Confirmada,  9 ,  29.22 ,0.0,14.55,  28.01 
V00497,2024-04-17,C030,P008,E-commerce,Confirmada,3,85.58,0.05,48.37,35.96
V01000,2025-01-24,C040,P010,E-commerce,Confirmada,6,37.47,0.0,18.98,22.37
V04818,2025-06-02,C044,P005,Tienda fisica,Confirmada,5,100.85,0.0,52.52,3.68
V01477,2024-12-09,C037,P008,Tienda fisica,Confirmada,1,87.15,0.0,48.69,3.45
V03791,2025-10-23,C020,P010,Tienda fisica,Confirmada,2,37.15,0.0,19.31,3.09
V04027,2024-10-14,C024,P005,E-commerce,Confirmada,7,94.0,0.0,47.53,34.64
V02917,2025-09-23,C035,P004,E-commerce,Confirmada,5,29.52,0.0,14.46,23.81
V02154,2025-03-30,C025,P006,E-commerce,Confirmada,5,68.63,0.08,38.98,30.88
V01981,2025-08-07,C012,P007,E-commerce,Confirmada,2,126.98,0.0,68.39,32.51
V00611,2024-06-15,C037,P005,E-commerce,Confirmada,10,95.51,0.05,48.43,38.01
V02048,2024-09-05,C031,P009,Tienda fisica,Confirmada,3,132.25,0.05,75.36,0.92
V04076,2024-11-04,C053,P002,E-commerce,Confirmada,1,443.71,0.0,274.8,20.51
V01257,2025-04-26,C045,P007,E-commerce,Confirmada,3,129.84,0.05,70.16,25.13
V05149,2024-01-20,C001,P002,Tienda fisica,Confirmada,1,450.68,0.0,270.0,1.0
V02772,2024-12-22,C021,P004,E-commerce,Confirmada,13,27.95,0.0,13.31,52.06
V01396,2025-05-13,C011,P008,E-commerce,Confirmada,2,89.95,0.05,51.48,28.33
V03859,2024-08-07,C005,P004,Tienda fisica,Confirmada,  5 ,  28.27 ,0.1,13.52,  3.35 
V00228,2025-06-01,C001,P001,E-commerce,Confirmada,6,1256.89,0.0,820.65,36.88
V05271,2025-08-05,,P006,E-commerce,Confirmada,9,68.38,0.0,37.94,42.05
V01996,2025-12-31,C034,P010,Tienda fisica,Confirmada,1,37.27,0.0,19.04,0.01
V05256,2025-06-28,C053,P010,Tienda fisica,Confirmada,,38.17,0.0,19.64,1.71
V00499,2024-01-29,C034,P004,E-commerce,Confirmada,6,27.91,0.08,13.21,23.25
V03141,2024-06-11,C058,P004,Tienda fisica,Confirmada,8,28.13,0.0,13.62,2.74
V01580,2025-03-30,C053,P006,E-commerce,Confirmada,9,68.61,0.05,39.1,38.16
V02971,2025-11-17,C050,P010,E-commerce,Confirmada,2,37.94,0.0,19.17,26.32
V03470,2025-11-21,C056,P010,E-commerce,Confirmada,2,37.44,0.08,19.15,23.58
V03933,2025-03-17,C021,P002,E-commerce,Confirmada,8,488.09,0.0,290.15,47.09
V03994,2025-02-12,C010,P010,Tienda fisica,Confirmada,3,37.48,0.0,19.12,3.46
V04917,2024-06-21,C020,P008,Tienda fisica,Confirmada,3,87.23,0.0,47.46,1.78
V01904,2024-07-27,C039,P007,E-commerce,Confirmada,2,119.4,0.05,64.04,21.27
V01214,2025-01-13,C021,P005,E-commerce,Confirmada,3,100.06,0.15,52.76,20.76
V00881,2025-04-17,C059,P009,E-commerce,Confirmada,6,138.97,0.05,81.99,30.28
V00806,2024-03-05,C035,P010,Tienda fisica,Confirmada,6,35.67,0.0,17.98,2.07
V02484,2024-10-04,C020,P004,Tienda fisica,Confirmada,  6 ,  27.76 ,0.05,13.64,  0.13 
V01243,2025-11-06,C030,P004,E-commerce,Confirmada,8,30.53,0.0,14.81,30.55
V03419,2024-09-18,C050,P008,E-commerce,Confirmada,2,84.88,0.05,48.24,15.78
V04412,2024-08-17,C006,P003,E-commerce,Confirmada,2,1632.01,0.05,1117.21,14.43
V02925,2024-03-25,C026,P004,Tienda fisica,Confirmada,16,27.49,0.0,13.49,2.71
V00449,2024-04-21,C010,P004,Tienda fisica,Confirmada,8,27.6,0.05,13.62,1.94
V04010,2025-12-27,C032,P007,E-commerce,Confirmada,3,130.15,0.1,69.91,19.23
V05131,2024-08-01,C019,P004,Tienda fisica,Confirmada,3,27.91,0.0,13.38,2.7
V03730,2024-05-07,C035,P006,Tienda fisica,Confirmada,3,64.31,0.0,36.02,2.03
V00418,2025-01-29,C015,P007,Tienda fisica,Confirmada,2,125.05,0.05,69.46,0.95
V04936,2024-08-29,C048,P004,E-commerce,Confirmada,15,27.71,0.1,13.56,54.11
V01352,2024-01-21,C030,P008,E-commerce,Confirmada,1,85.56,0.0,47.09,13.63
V05099,2025-06-19,C022,P010,Tienda fisica,Confirmada,2,37.63,0.0,19.35,1.45
V00245,2025-08-24,C030,P006,E-commerce,Confirmada,4,69.0,0.0,38.67,26.08
V04460,2024-09-15,C052,P010,E-commerce,Confirmada,1,34.6,0.0,18.17,19.24
V04915,2025-11-23,C030,P009,Tienda fisica,Confirmada,2,138.55,0.0,81.68,3.36
V02118,2024-09-11,C056,P006,Tienda fisica,Confirmada,31,65.31,0.0,35.05,2.48
V00975,2024-05-30,C035,P004,Tienda fisica,Confirmada,  8 ,  28.12 ,0.0,13.23,  1.56 
V03062,2024-12-16,C010,P004,E-commerce,Confirmada,2,28.71,0.15,13.44,22.84
V04900,2025-09-13,C044,P001,Tienda fisica,Confirmada,1,1247.08,0.0,820.67,0.04
V00106,2024-12-05,C006,P006,Tienda fisica,Confirmada,5,65.75,0.0,35.84,3.88
V04382,2024-02-19,C055,P008,E-commerce,Confirmada,1,87.47,0.15,48.6,20.71
V00859,2025-04-07,C030,P009,E-commerce,Confirmada,1,139.53,0.05,81.01,23.22
V00966,2025-10-06,C038,P001,E-commerce,Confirmada,10,1265.85,0.0,803.32,43.73
V00583,2024-09-05,C024,P004,E-commerce,Confirmada,2,28.04,0.0,13.45,23.07
V02200,2025-01-21,C028,P004,Tienda fisica,Confirmada,6,29.93,0.0,14.67,3.2
V01044,2025-10-15,C035,P001,E-commerce,Confirmada,11,1248.31,0.0,805.93,46.02
V01859,2024-07-06,C053,P005,Tienda fisica,Confirmada,4,95.81,0.0,48.7,1.38
V00156,2024-12-12,C036,P008,E-commerce,Confirmada,5,86.37,0.05,48.34,41.47
V01846,2024-05-08,C009,P002,E-commerce,Confirmada,1,463.36,0.0,268.05,28.72
V00214,2024-10-15,C026,P009,E-commerce,Confirmada,7,133.54,0.0,75.0,30.72
V02561,2025-10-28,C005,P005,Tienda fisica,Confirmada,7,99.08,0.0,52.31,1.06
V02908,2025-08-31,C011,P007,E-commerce,Confirmada,8,126.02,0.1,68.36,32.6
V01685,2025-07-25,C040,P006,Tienda fisica,Confirmada,8,68.36,0.1,39.16,2.61
V00059,2025-11-03,C050,P009,Tienda fisica,Confirmada,  2 ,  135.8 ,0.0,82.94,  2.24 
V05183,2025-06-27,C026,P003,E-commerce,Confirmada,4,1799.29,0.08,1194.16,21.78
V04271,2024-02-26,C040,P010,Tienda fisica,Confirmada,1,35.83,0.0,18.08,1.13
V01720,2025-03-10,C012,P008,E-commerce,Confirmada,1,89.96,0.15,52.54,14.77
V01961,2025-03-06,C005,P006,Tienda fisica,Confirmada,4,70.0,0.0,38.89,1.55
V02713,2025-05-26,C009,P010,E-commerce,Confirmada,4,36.39,0.1,19.63,22.46
V02710,2024-12-14,C030,P009,Tienda fisica,Confirmada,5,132.86,0.0,75.72,1.73
V00659,2024-12-18,C005,P010,Tienda fisica,Confirmada,1,35.34,0.0,17.96,3.89
V00236,2025-09-06,C020,P010,E-commerce,Confirmada,1,37.65,0.1,19.59,22.71
V03331,2024-11-14,C055,P004,Tienda fisica,Confirmada,6,28.37,0.0,13.71,0.31
V04953,2024-11-17,C050,P001,Tienda fisica,Confirmada,5,1191.4,0.0,756.65,0.53
V00683,2025-04-17,C006,P007,E-commerce,Confirmada,2,126.51,0.15,70.37,16.17
V04204,2025-08-13,C017,P008,E-commerce,Confirmada,2,90.74,0.05,52.21,27.06
V01441,2025-10-14,C015,P007,E-commerce,Confirmada,2,129.64,0.1,69.59,26.62
V05070,2025-05-28,C029,P002,Tienda fisica,Confirmada,1,477.31,0.0,292.54,3.39
V03512,2024-03-20,C046,P007,E-commerce,Confirmada,4,123.41,0.0,63.67,17.88
V00496,2025-11-03,C005,P007,Tienda fisica,Confirmada,1,126.01,0.0,68.84,1.72
V02886,2025-04-30,C015,P009,Tienda fisica,Confirmada,  2 ,  138.29 ,0.0,83.25,  1.35 
V03555,2024-03-14,C015,P007,E-commerce,Confirmada,8,119.32,0.1,64.13,26.49
V04039,2024-03-11,C040,P010,Tienda fisica,Confirmada,2,34.57,0.0,18.19,0.05
V04946,2024-11-29,C022,P010,E-commerce,Confirmada,8,35.36,0.15,17.5,39.03
V01033,2024-02-08,C010,P008,E-commerce,Confirmada,1,85.71,0.0,48.47,19.1
V00441,2024-04-25,C016,P010,Tienda fisica,Confirmada,1,34.8,0.0,17.58,0.28
V05129,2025-03-27,C020,P004,Tienda fisica,Confirmada,4,30.22,0.1,14.41,2.62
V04254,2024-01-04,C055,P004,Tienda fisica,Confirmada,19,27.92,0.0,13.67,2.44
V04312,2025-06-08,C021,P009,E-commerce,Confirmada,1,138.93,0.15,83.89,27.28
V01905,2025-01-09,C024,P010,Tienda fisica,Confirmada,6,36.77,0.0,19.58,1.2
V03593,2024-10-02,C025,P004,E-commerce,Confirmada,3,27.47,0.0,13.57,34.79
V02402,2025-07-15,C003,P010,E-commerce,Confirmada,1,36.87,0.0,19.42,15.8
V00883,2025-05-17,C022,P008,Tienda fisica,Confirmada,5,91.17,0.0,51.85,1.88
V00560,2024-02-28,C004,P005,E-commerce,Confirmada,7,95.01,0.0,47.98,26.77
V00981,2025-03-09,C015,P002,E-commerce,Confirmada,12,468.21,0.0,292.06,42.42
V04509,2025-07-13,C055,P004,E-commerce,Confirmada,7,29.27,0.0,14.63,42.64
V05140,2024-05-28,C010,P005,Tienda fisica,Confirmada,8,93.55,0.05,47.73,3.54
V00562,2025-01-06,C037,P010,Tienda fisica,Confirmada,  14 ,  37.19 ,0.0,19.26,  2.69 
V05038,2024-03-21,C022,P007,Tienda fisica,Confirmada,4,119.74,0.0,64.0,3.05
V00389,2024-08-22,C044,P005,Tienda fisica,Confirmada,4,94.95,0.0,47.38,1.2
V03688,2024-03-13,C056,P001,Tienda fisica,Confirmada,1,1229.57,0.0,731.91,1.24
V05081,2025-10-03,C046,P008,E-commerce,Confirmada,2,90.75,0.1,52.79,26.77
V03074,2024-05-27,C001,P005,Tienda fisica,Confirmada,7,95.88,0.0,48.85,1.23
V00277,2025-03-13,C049,P009,E-commerce,Confirmada,1,141.53,0.05,82.18,25.96
V01667,2025-11-02,C045,P005,E-commerce,Confirmada,7,101.83,0.15,53.06,24.14
V01568,2025-11-04,C020,P010,Tienda fisica,Confirmada,2,37.08,0.0,19.2,2.6
V03724,2024-11-11,C040,P008,Tienda fisica,Confirmada,10,85.94,0.0,48.91,1.1
V00433,2024-08-23,C043,P003,E-commerce,Confirmada,2,1662.77,0.1,1126.08,14.9
V04061,2025-08-01,C025,P004,E-commerce,Confirmada,6,29.72,0.05,14.72,26.38
V03446,2025-08-20,C031,P009,Tienda fisica,Confirmada,2,138.29,0.0,82.61,0.76
V02562,2025-09-18,C035,P002,E-commerce,Confirmada,7,475.14,0.0,290.6,27.42
V04051,2025-09-18,C054,P006,Tienda fisica,Confirmada,13,69.66,0.0,37.74,3.18
V05116,2025-09-20,C001,P006,E-commerce,Confirmada,10,69.04,0.0,38.54,40.15
V00534,2025-11-03,C049,P009,E-commerce,Confirmada,2,140.09,0.15,81.48,18.95
V02291,2024-08-23,C059,P010,Tienda fisica,Confirmada,  7 ,  35.51 ,0.1,17.62,  0.37 
V03296,2025-03-09,C009,P004,E-commerce,Confirmada,7,29.36,0.0,14.35,36.49
V05235,2025-05-09,C016,P002,Tienda fisica,Anulada,9,473.18,0.1,295.55,0.11
V04511,2025-10-01,C050,P004,Tienda fisica,Confirmada,1,30.18,0.05,14.63,2.38
V05011,2025-05-10,C015,P010,E-commerce,Confirmada,5,37.99,0.0,19.75,38.35
V04888,2025-10-19,C003,P010,Tienda fisica,Confirmada,1,36.8,0.1,19.31,0.88
V00300,2025-08-02,C019,P002,E-commerce,Confirmada,10,489.48,0.0,294.08,27.39
V04945,2025-06-27,C021,P002,E-commerce,Confirmada,3,470.56,0.0,297.1,28.19
V03301,2024-11-20,C047,P001,E-commerce,Confirmada,4,1215.42,0.05,743.13,32.75
V03441,2024-03-24,C010,P007,E-commerce,Confirmada,1,120.03,0.05,63.66,24.09
V02862,2025-03-30,C050,P007,Tienda fisica,Confirmada,3,130.6,0.0,69.21,2.81
V03826,2025-09-07,C055,P010,E-commerce,Confirmada,1,36.77,0.1,19.01,14.47
V00852,2025-08-13,C019,P001,E-commerce,Confirmada,2,1249.07,0.15,801.95,30.1
V04266,2025-11-07,C035,P005,E-commerce,Confirmada,8,99.35,0.1,52.63,33.93
V04618,2025-10-19,C045,P010,Tienda fisica,Confirmada,1,36.82,0.0,19.25,2.45
V00336,2025-02-16,C014,P006,E-commerce,Confirmada,5,70.83,0.05,38.18,33.43
V02832,2024-12-24,C005,P010,E-commerce,Confirmada,2,35.45,0.05,18.16,13.38
V01201,2024-09-03,C059,P010,Tienda fisica,Confirmada,  1 ,  35.66 ,0.1,18.07,  0.08 
V00342,2025-05-21,C002,P007,Tienda fisica,Confirmada,8,130.89,0.0,68.82,1.26
V04726,2024-05-18,C060,P003,Tienda fisica,Confirmada,3,1656.65,0.0,1142.07,1.43
V00084,2025-02-03,C023,P004,Tienda fisica,Confirmada,1,30.02,0.0,14.6,2.85
V02615,2025-04-27,C001,P010,E-commerce,Confirmada,12,37.91,0.0,19.06,45.61
V02513,2025-04-28,C036,P003,E-commerce,Confirmada,1,1798.21,0.08,1206.22,14.18
V01605,2025-07-13,C016,P002,Tienda fisica,Confirmada,4,474.44,0.0,293.75,0.62
V02236,2025-10-15,C047,P004,Tienda fisica,Confirmada,5,29.2,0.0,14.66,3.51
V02978,2025-04-19,C050,P010,Tienda fisica,Confirmada,7,36.58,0.0,19.7,2.06
V04421,2025-11-11,C025,P006,Tienda fisica,Confirmada,8,70.32,0.0,38.94,1.99
V02280,2024-04-27,C020,P009,E-commerce,Confirmada,13,133.03,0.0,75.18,51.16
V04228,2025-10-05,C005,P004,Tienda fisica,Confirmada,9,30.55,0.0,14.68,0.24
V01392,2024-09-11,C027,P007,E-commerce,Confirmada,4,118.89,0.0,64.39,22.86
V02640,2025-05-04,C058,P007,Tienda fisica,Confirmada,2,125.75,0.0,70.08,2.38
V03881,2025-06-29,C006,P006,E-commerce,Confirmada,4,69.32,0.15,37.7,26.28
V05034,2025-02-16,C025,P009,E-commerce,Confirmada,2,140.62,0.1,83.21,15.03
V03795,2024-06-17,C002,P008,Tienda fisica,Confirmada,2,86.62,0.0,48.14,3.33
V03963,2025-04-04,C058,P008,E-commerce,Confirmada,  5 ,  90.66 ,0.05,51.43,  28.75 
V03604,2025-06-08,C060,P010,Tienda fisica,Confirmada,6,36.64,0.0,19.07,1.27
V01481,2025-09-10,C030,P002,Tienda fisica,Confirmada,8,480.73,0.0,293.59,2.66
V03391,2025-01-09,C027,P005,E-commerce,Confirmada,4,100.44,0.1,52.85,24.72
V00666,2024-12-17,C021,P003,Tienda fisica,Confirmada,6,1661.29,0.0,1114.01,2.32
V03647,2025-08-08,C025,P009,E-commerce,Confirmada,6,137.42,0.0,81.81,17.28
V01768,2025-08-06,C035,P008,Tienda fisica,Confirmada,1,89.26,0.0,52.79,3.97
V02208,2025-11-25,C012,P008,E-commerce,Confirmada,3,89.29,0.0,52.66,30.01
V00870,2025-10-04,C027,P006,E-commerce,Confirmada,5,67.56,0.05,38.2,39.56
V00528,2025-03-07,C049,P007,Tienda fisica,Confirmada,2,124.81,0.0,70.02,2.46
V00825,2025-01-08,C014,P001,Tienda fisica,Confirmada,1,1275.5,0.0,820.17,0.76
V01034,2025-12-21,C005,P006,Tienda fisica,Confirmada,7,68.51,0.0,39.16,1.54
V01445,2025-06-18,C060,P010,E-commerce,Confirmada,3,36.87,0.05,19.4,28.16
V04666,2024-12-09,C050,P007,Tienda fisica,Confirmada,4,119.92,0.0,63.27,2.78
V04013,2024-05-31,C060,P002,Tienda fisica,Confirmada,1,443.08,0.1,267.02,2.58
V01948,2025-08-14,C039,P001,Tienda fisica,Confirmada,1,1264.91,0.0,799.15,0.73
V03016,2024-04-07,C020,P001,E-commerce,Confirmada,2,1220.05,0.1,746.88,22.1
V02609,2024-12-30,C028,P008,E-commerce,Confirmada,  5 ,  87.46 ,0.08,47.68,  18.92 
V01876,2024-06-05,C005,P007,Tienda fisica,Confirmada,6,123.42,0.0,64.87,2.92
V03920,2024-11-01,C001,P003,E-commerce,Confirmada,2,1636.28,0.0,1106.48,16.68
V03923,2024-07-06,C060,P002,E-commerce,Confirmada,1,462.28,0.08,267.92,18.11
V04377,2024-12-11,C001,P002,E-commerce,Confirmada,3,442.01,0.08,269.66,28.0
V03047,2024-07-31,C045,P001,Tienda fisica,Confirmada,3,1233.01,0.0,758.07,3.54
V03407,2025-04-12,C042,P009,E-commerce,Confirmada,4,135.91,0.15,82.71,30.25
V04128,2024-02-13,C007,P009,Tienda fisica,Confirmada,4,130.04,0.0,75.06,1.12
V00788,2025-01-03,C026,P004,Tienda fisica,Confirmada,8,29.11,0.05,14.76,2.08
V00745,2025-09-20,C056,P002,E-commerce,Confirmada,3,475.07,0.0,297.07,28.82
V00703,2024-10-14,C045,P006,E-commerce,Confirmada,2,66.12,0.1,35.02,29.26
V01222,2025-07-12,C025,P007,E-commerce,Confirmada,1,130.6,0.0,68.03,16.27
V02069,2024-10-03,C034,P001,Tienda fisica,Confirmada,2,1188.67,0.0,738.74,3.53
V03421,2025-03-27,C026,P004,Tienda fisica,Confirmada,5,30.38,0.0,14.84,2.6
V04972,2025-05-31,C030,P010,E-commerce,Confirmada,2,37.51,0.15,19.0,24.4
V03162,2024-09-19,C026,P010,Tienda fisica,Confirmada,3,34.72,0.0,17.85,1.31
V03623,2025-02-22,C041,P009,Tienda fisica,Confirmada,1,135.75,0.0,82.06,2.18
V03362,2025-05-25,C052,P001,E-commerce,Confirmada,  4 ,  1286.32 ,0.0,803.89,  28.74 
V02665,2024-02-11,C008,P007,Tienda fisica,Confirmada,5,121.01,0.1,63.01,3.07
V00190,2025-03-11,C041,P009,E-commerce,Confirmada,4,137.95,0.05,81.42,25.07
V02023,2025-02-25,C053,P009,E-commerce,Confirmada,2,139.22,0.15,82.3,17.51
V00351,2025-12-25,C030,P002,E-commerce,Confirmada,2,487.5,0.05,300.94,31.71
V01354,2025-11-03,C038,P010,E-commerce,Confirmada,5,37.47,0.08,19.16,29.28
V00125,2024-04-01,C032,P002,E-commerce,Confirmada,3,446.04,0.0,272.17,17.25
V02161,2025-11-22,C040,P004,Tienda fisica,Confirmada,6,29.11,0.0,14.62,3.98
V02674,2024-12-29,C004,P002,Tienda fisica,Confirmada,12,452.64,0.0,268.93,1.49
V04546,2025-05-12,C018,P010,Tienda fisica,Confirmada,1,38.06,0.0,19.05,1.23
V01734,2025-10-01,C001,P008,Tienda fisica,Confirmada,7,89.22,0.0,51.14,0.59
V03078,2024-10-31,C045,P006,E-commerce,Confirmada,8,65.8,0.1,34.97,42.47
V02611,2024-04-19,C006,P006,Tienda fisica,Confirmada,9,63.95,0.0,34.89,3.19
V02231,2024-08-31,C038,P006,E-commerce,Confirmada,9,66.66,0.0,35.68,37.02
V04476,2024-02-06,C020,P010,E-commerce,Confirmada,2,36.01,0.05,18.17,18.71
V04914,2024-01-13,C055,P010,Tienda fisica,Confirmada,6,34.57,0.0,17.99,1.53
V04440,2025-10-13,C052,P002,E-commerce,Confirmada,4,473.77,0.0,296.27,33.73
V01228,2025-03-23,C011,P001,E-commerce,Confirmada,  1 ,  1269.37 ,0.0,802.17,  26.25 
V00622,2025-12-03,C056,P002,Tienda fisica,Confirmada,1,470.02,0.0,290.26,2.53
V03245,2024-01-24,C011,P002,E-commerce,Confirmada,1,445.24,0.05,274.94,18.66
V03736,2024-03-10,C032,P004,Tienda fisica,Confirmada,5,28.32,0.0,13.47,3.67
V00408,2025-02-18,C014,P008,Tienda fisica,Confirmada,5,91.23,0.0,51.94,1.81
V04047,2025-04-18,C036,P003,E-commerce,Confirmada,4,1734.67,0.08,1233.74,27.51
V02429,2025-01-25,C026,P006,E-commerce,Confirmada,9,69.38,0.0,38.56,32.84
V04922,2024-03-30,C019,P006,E-commerce,Confirmada,6,63.91,0.0,35.56,25.56
V03748,2025-07-05,C005,P008,Tienda fisica,Confirmada,2,88.91,0.0,51.56,2.33
V00157,2025-08-23,C017,P008,Tienda fisica,Confirmada,1,91.96,0.0,51.4,1.61
V02147,2024-09-14,C002,P007,Tienda fisica,Confirmada,4,122.74,0.0,63.99,1.44
V01611,2024-09-20,C006,P010,Tienda fisica,Confirmada,3,34.85,0.0,17.57,2.47
V01319,2024-12-11,C048,P004,Tienda fisica,Confirmada,12,27.73,0.1,13.57,0.89
V03390,2024-03-09,C009,P003,E-commerce,Confirmada,3,1627.04,0.0,1109.95,27.95
V02153,2024-05-05,C022,P005,Tienda fisica,Confirmada,6,96.58,0.0,47.31,0.8
V04614,2025-08-13,C018,P004,E-commerce,Confirmada,6,29.66,0.0,14.5,29.78
V02901,2025-07-18,C041,P007,E-commerce,Confirmada,1,125.85,0.0,67.66,26.52
V02721,2025-12-15,C035,P005,Tienda fisica,Confirmada,  16 ,  101.24 ,0.0,51.23,  2.01 
V00364,2024-03-02,C040,P008,Tienda fisica,Confirmada,1,83.79,0.05,47.82,1.28
V01251,2025-01-25,C025,P002,Tienda fisica,Confirmada,2,489.55,0.0,296.29,1.5
V03286,2024-03-21,C025,P008,Tienda fisica,Confirmada,7,84.82,0.0,48.34,0.2
V01530,2025-11-20,C030,P003,E-commerce,Confirmada,1,1764.05,0.05,1195.08,16.94
V03692,2025-07-10,C051,P006,Tienda fisica,Confirmada,5,70.0,0.0,38.68,0.7
V03316,2025-08-28,C055,P009,E-commerce,Confirmada,3,139.64,0.08,83.73,18.41
V00537,2024-03-29,C015,P004,Tienda fisica,Confirmada,3,27.59,0.0,13.21,2.93
V03800,2025-07-08,C050,P009,Tienda fisica,Confirmada,6,136.68,0.0,81.61,1.03
V04533,2025-09-10,C015,P010,E-commerce,Confirmada,1,37.14,0.0,19.48,27.76
V04808,2024-07-04,C019,P010,Tienda fisica,Confirmada,1,35.21,0.0,18.14,2.62
V03108,2024-09-21,C036,P007,Tienda fisica,Confirmada,4,118.0,0.0,64.61,0.85
V04549,2025-10-20,C013,P002,E-commerce,Confirmada,7,468.76,0.08,289.71,28.78
V05041,2024-02-04,C036,P003,Tienda fisica,Confirmada,5,1663.39,0.0,1104.3,2.38
V03052,2025-01-09,C021,P010,E-commerce,Confirmada,5,37.42,0.0,19.1,34.87
V02172,2025-10-28,C040,P002,E-commerce,Confirmada,1,488.2,0.1,294.83,22.39
V03365,2024-06-24,C031,P005,E-commerce,Confirmada,23,97.13,0.0,48.61,58.24
V05021,2025-06-21,C016,P008,E-commerce,Confirmada,  1 ,  91.38 ,0.0,52.55,  18.3 
V01728,2024-10-15,C006,P009,E-commerce,Confirmada,3,133.06,0.0,76.7,29.03
V03244,2024-06-19,C045,P002,E-commerce,Confirmada,5,447.67,0.0,271.97,34.28
V05209,2024-11-16,C050,P005,E-commerce,Anulada,6,95.33,0.0,47.93,28.35
V02864,2025-04-02,C060,P005,E-commerce,Confirmada,5,98.75,0.0,52.7,31.3
V00552,2025-04-03,C018,P004,Tienda fisica,Confirmada,2,29.16,0.0,14.37,1.25
V00803,2024-12-04,C001,P009,Tienda fisica,Confirmada,2,130.11,0.0,76.06,2.41
V00849,2024-01-13,C051,P010,Tienda fisica,Confirmada,13,35.44,0.1,17.51,0.29
V02581,2025-01-08,C046,P008,E-commerce,Confirmada,7,91.44,0.15,52.03,25.51
V00328,2025-01-29,C011,P008,Tienda fisica,Confirmada,5,89.59,0.0,53.05,3.91
V00049,2024-07-21,C010,P002,E-commerce,Confirmada,6,446.17,0.0,275.7,32.96
V04956,2025-09-25,C005,P010,Tienda fisica,Confirmada,4,36.5,0.0,19.01,0.39
V00535,2024-09-03,C020,P005,E-commerce,Confirmada,7,94.93,0.0,48.85,30.64
V01136,2024-11-03,C010,P010,E-commerce,Confirmada,19,34.79,0.0,17.77,49.74
V00667,2025-07-06,C060,P003,E-commerce,Confirmada,1,1786.6,0.1,1230.18,23.4
V02040,2025-04-17,C027,P010,Tienda fisica,Confirmada,7,37.32,0.0,19.22,2.27
V00760,2024-09-18,C057,P009,Tienda fisica,Confirmada,12,128.38,0.0,75.42,1.65
V02924,2024-07-17,C019,P009,Tienda fisica,Confirmada,  5 ,  128.47 ,0.1,75.11,  1.72 
V04157,2024-12-30,C031,P006,Tienda fisica,Confirmada,1,66.52,0.0,36.05,2.67
V04825,2024-01-30,C016,P004,Tienda fisica,Confirmada,8,28.05,0.0,13.38,2.72
V01890,2025-10-15,C018,P007,E-commerce,Confirmada,2,128.63,0.08,70.0,30.88
V00847,2024-04-22,C029,P007,E-commerce,Confirmada,1,121.02,0.0,63.62,13.16
V00521,2024-07-21,C017,P010,Tienda fisica,Confirmada,2,35.59,0.05,18.15,0.59
V00862,2025-05-28,C045,P009,Tienda fisica,Confirmada,5,139.21,0.0,81.6,3.73
V02697,2024-11-02,C001,P007,E-commerce,Confirmada,2,117.81,0.05,64.45,16.52
V02779,2025-08-30,C044,P005,Tienda fisica,Confirmada,3,101.89,0.0,53.02,1.86
V04309,2024-05-15,C030,P001,Tienda fisica,Confirmada,4,1215.02,0.05,752.5,2.91
V02495,2024-02-17,C023,P007,Tienda fisica,Confirmada,1,123.0,0.1,63.2,3.19
V02384,2024-02-08,C040,P004,E-commerce,Confirmada,16,27.81,0.08,13.29,38.78
V00319,2024-11-13,C047,P005,E-commerce,Confirmada,13,96.85,0.0,48.22,40.92
V02591,2024-04-10,C035,P006,E-commerce,Confirmada,6,66.69,0.0,34.82,31.88
V01680,2024-04-12,C015,P006,E-commerce,Confirmada,4,65.25,0.05,35.89,23.35
V01763,2025-08-10,C057,P005,Tienda fisica,Confirmada,3,103.3,0.0,51.51,1.6
V04283,2025-11-30,C016,P007,Tienda fisica,Confirmada,1,127.66,0.0,69.1,2.22
V02975,2025-10-27,C040,P002,E-commerce,Confirmada,  6 ,  485.05 ,0.1,291.75,  27.89 
V00630,2024-06-16,C006,P002,E-commerce,Confirmada,1,451.88,0.08,272.34,28.0
V03660,2024-12-16,C036,P001,E-commerce,Confirmada,6,1202.32,0.08,737.87,28.14
V04524,2025-12-17,C021,P010,Tienda fisica,Confirmada,3,36.61,0.0,19.14,0.2
V03940,2025-11-23,C015,P008,E-commerce,Confirmada,2,92.25,0.0,53.06,15.62
V02079,2024-05-20,C021,P004,Tienda fisica,Confirmada,16,27.95,0.0,13.7,3.79
V04326,2025-01-24,C050,P005,E-commerce,Confirmada,5,100.65,0.0,51.54,35.13
V00225,2024-12-17,C026,P005,Tienda fisica,Confirmada,5,94.9,0.0,48.17,0.09
V01361,2025-02-14,C002,P010,Tienda fisica,Confirmada,6,37.45,0.0,19.68,2.62
V03778,2025-07-04,C059,P008,Tienda fisica,Confirmada,7,90.3,0.0,51.5,1.45
V00526,2024-10-07,C045,P004,Tienda fisica,Confirmada,4,27.56,0.05,13.69,0.85
V00113,2024-10-19,C007,P010,E-commerce,Confirmada,11,34.64,0.08,18.16,35.56
V00442,2024-10-08,C001,P007,E-commerce,Confirmada,5,117.95,0.15,63.39,19.53
V00016,2025-10-10,C043,P002,Tienda fisica,Confirmada,16,477.5,0.0,295.82,3.19
V00918,2025-04-01,C035,P007,E-commerce,Confirmada,2,129.94,0.0,69.19,29.52
V03206,2024-11-20,C031,P010,Tienda fisica,Confirmada,3,34.35,0.0,17.78,1.99
V02022,2025-06-03,C035,P007,Tienda fisica,Confirmada,8,127.15,0.0,68.74,0.45
V02456,2024-12-28,C042,P006,Tienda fisica,Confirmada,  5 ,  66.77 ,0.0,35.12,  0.75 
V01732,2024-06-01,C052,P005,Tienda fisica,Confirmada,4,97.49,0.0,48.22,3.67
V00487,2025-07-10,C047,P010,E-commerce,Confirmada,3,36.74,0.0,19.09,30.9
V04158,2025-07-15,C029,P010,E-commerce,Confirmada,2,36.47,0.0,19.38,15.96
V00275,2024-07-25,C016,P008,Tienda fisica,Confirmada,3,86.03,0.0,48.36,0.29
V05178,2024-05-02,C030,P010,E-commerce,Confirmada,16,34.47,0.05,17.55,64.97
V03364,2025-06-09,C029,P010,E-commerce,Confirmada,2,37.04,0.0,19.47,14.18
V02881,2025-03-21,C015,P010,E-commerce,Confirmada,1,36.55,0.1,19.47,15.91
V04445,2025-02-06,C045,P001,Tienda fisica,Confirmada,8,1264.53,0.0,796.74,1.44
V04262,2025-09-22,C003,P010,E-commerce,Confirmada,1,37.67,0.08,19.21,17.41
V00173,2025-07-09,C020,P010,Tienda fisica,Confirmada,3,37.29,0.0,19.22,0.99
V04049,2024-06-07,C058,P005,Tienda fisica,Confirmada,4,94.54,0.0,47.14,0.53
V04988,2025-06-23,C036,P007,E-commerce,Confirmada,1,130.06,0.0,69.41,27.55
V03894,2024-04-27,C002,P010,E-commerce,Confirmada,3,35.76,0.08,17.63,31.93
V02049,2024-10-02,C010,P007,Tienda fisica,Confirmada,1,120.99,0.0,62.75,2.79
V00218,2025-11-03,C060,P003,Tienda fisica,Confirmada,3,1783.01,0.1,1238.92,1.79
V04831,2025-09-23,C006,P009,E-commerce,Confirmada,1,138.25,0.1,83.37,18.22
V02610,2025-06-24,C050,P002,Tienda fisica,Confirmada,  1 ,  478.89 ,0.0,293.16,  1.65 
V04121,2025-09-03,C056,P004,E-commerce,Confirmada,13,30.24,0.0,14.54,41.76
V00697,2024-06-03,C026,P007,Tienda fisica,Confirmada,2,121.52,0.0,64.55,2.24
V01112,2024-06-27,C010,P004,Tienda fisica,Confirmada,4,28.08,0.05,13.34,3.16
V04783,2024-08-29,C026,P007,Tienda fisica,Confirmada,1,118.75,0.0,63.6,0.5
V03934,2025-11-07,C036,P008,E-commerce,Confirmada,2,89.09,0.0,51.79,14.16
V02031,2024-04-08,C027,P009,Tienda fisica,Confirmada,2,132.93,0.0,75.64,2.93
V04394,2025-12-25,C025,P001,Tienda fisica,Confirmada,1,1291.09,0.0,807.27,0.21
V01019,2025-11-19,C035,P004,Tienda fisica,Confirmada,5,30.07,0.0,14.43,2.67
V04612,2025-05-05,C039,P004,Tienda fisica,Confirmada,2,29.57,0.0,14.67,3.45
V02532,2025-10-08,C020,P009,Tienda fisica,Confirmada,3,139.21,0.0,83.15,3.0
V02159,2025-05-15,C052,P004,Tienda fisica,Confirmada,4,29.36,0.05,14.74,1.04
V04926,2025-12-24,C055,P005,Tienda fisica,Confirmada,7,101.86,0.0,53.01,1.52
V01149,2025-02-07,C043,P002,Tienda fisica,Confirmada,1,485.99,0.1,290.44,3.84
V02809,2025-04-11,C060,P009,Tienda fisica,Confirmada,2,137.19,0.0,82.4,0.17
V04834,2025-06-01,C012,P010,E-commerce,Confirmada,5,36.9,0.0,19.67,29.78
V04633,2024-08-19,C031,P010,Tienda fisica,Confirmada,3,35.16,0.0,18.14,1.94
V05069,2024-05-11,C042,P009,E-commerce,Confirmada,  1 ,  129.88 ,0.15,76.23,  17.99 
V02397,2025-10-11,C020,P009,Tienda fisica,Confirmada,2,140.02,0.1,81.23,0.63
V02934,2025-05-31,C029,P003,E-commerce,Confirmada,2,1734.53,0.0,1240.28,14.93
V02940,2025-09-19,C055,P007,Tienda fisica,Confirmada,3,125.0,0.05,67.9,0.8
V02662,2024-06-12,C043,P005,Tienda fisica,Confirmada,2,93.49,0.0,48.43,3.59
V03170,2025-11-25,C053,P002,Tienda fisica,Confirmada,1,487.14,0.1,299.44,0.01
V00637,2025-03-10,C035,P007,E-commerce,Confirmada,6,129.38,0.0,68.92,42.91
V03631,2025-09-06,C025,P008,E-commerce,Confirmada,3,90.08,0.0,53.12,26.04
V00355,2025-09-24,C046,P009,Tienda fisica,Confirmada,6,136.31,0.0,82.29,3.62
V03139,2025-01-06,C059,P007,E-commerce,Confirmada,1,125.94,0.05,69.66,20.52
V03624,2024-11-22,C040,P001,E-commerce,Confirmada,2,1204.77,0.0,735.62,17.46
V04424,2025-11-24,C057,P005,Tienda fisica,Confirmada,5,99.05,0.05,52.5,1.11
V00608,2024-08-23,C049,P010,Tienda fisica,Confirmada,4,34.52,0.0,17.58,2.88
V02175,2025-08-23,C023,P002,Tienda fisica,Confirmada,12,477.76,0.1,298.3,3.82
V01205,2025-06-09,C005,P005,E-commerce,Confirmada,9,102.03,0.0,51.89,33.86
V01657,2025-12-10,C021,P010,Tienda fisica,Confirmada,6,37.78,0.0,19.36,0.43
V00087,2024-12-15,C016,P010,Tienda fisica,Confirmada,1,34.75,0.0,18.04,2.19
V03515,2025-10-05,C017,P007,E-commerce,Confirmada,  2 ,  125.4 ,0.08,69.93,  16.73 
V04615,2025-10-10,C021,P010,Tienda fisica,Confirmada,3,36.75,0.0,19.12,3.36
V01521,2025-12-03,C024,P010,Tienda fisica,Confirmada,9,36.83,0.0,19.22,2.78
V00748,2025-05-13,C015,P008,E-commerce,Confirmada,5,90.11,0.1,52.9,23.48
V02882,2024-08-17,C033,P004,E-commerce,Confirmada,12,28.41,0.1,13.45,55.08
V01409,2024-10-24,C051,P002,Tienda fisica,Confirmada,2,460.18,0.1,273.23,0.48
V03437,2024-11-15,C050,P004,Tienda fisica,Confirmada,6,28.54,0.05,13.67,1.7
V01581,2025-06-10,C034,P009,Tienda fisica,Confirmada,2,141.29,0.0,84.13,2.15
V00749,2024-12-21,C034,P006,E-commerce,Confirmada,2,64.55,0.08,35.59,26.64
V02791,2025-08-11,C025,P004,Tienda fisica,Confirmada,3,29.27,0.0,14.83,1.0
V02896,2024-11-20,C055,P003,Tienda fisica,Confirmada,11,1641.06,0.0,1142.96,1.23
V01645,2024-12-04,C006,P007,Tienda fisica,Confirmada,3,122.88,0.05,64.3,0.59
V03758,2025-04-08,C036,P007,E-commerce,Confirmada,5,129.13,0.0,70.04,29.52
V04540,2025-11-20,C025,P008,E-commerce,Confirmada,9,89.25,0.0,53.1,32.05
V01601,2024-06-28,C025,P006,Tienda fisica,Confirmada,5,64.07,0.0,35.64,0.48
V01992,2024-10-04,C040,P001,E-commerce,Confirmada,4,1207.65,0.05,733.42,24.37
V05031,2025-08-12,C046,P004,Tienda fisica,Confirmada,6,29.62,0.0,14.72,1.33
V04598,2025-12-05,C047,P009,E-commerce,Confirmada,  4 ,  139.57 ,0.05,81.01,  33.11 
V03808,2025-03-15,C060,P001,E-commerce,Confirmada,1,1287.41,0.0,807.61,17.76
V01161,2024-12-16,C012,P002,Tienda fisica,Confirmada,5,457.83,0.0,275.89,0.16
V01165,2024-12-24,C004,P002,Tienda fisica,Confirmada,4,459.14,0.0,271.02,1.79
V01371,2024-09-28,C030,P008,Tienda fisica,Confirmada,3,84.51,0.0,47.84,1.82
V03959,2025-12-04,C020,P008,Tienda fisica,Confirmada,4,91.66,0.05,52.26,1.47
V04348,2024-12-30,C001,P006,Tienda fisica,Confirmada,4,65.56,0.0,35.72,1.07
V04054,2025-07-13,C013,P007,E-commerce,Confirmada,1,128.39,0.1,69.94,12.64
V00242,2025-08-14,C031,P010,Tienda fisica,Confirmada,5,36.4,0.0,19.56,0.85
V04149,2024-08-05,C025,P010,Tienda fisica,Confirmada,1,35.59,0.1,17.63,1.5
V00711,2025-06-18,C021,P006,Tienda fisica,Confirmada,7,68.05,0.0,38.1,1.06
V02651,2024-10-02,C045,P007,E-commerce,Confirmada,1,118.22,0.1,62.98,15.27
V00576,2024-06-14,C010,P005,Tienda fisica,Confirmada,11,97.63,0.0,48.13,2.02
V00489,2025-05-24,C055,P010,Tienda fisica,Confirmada,1,37.65,0.1,19.37,0.23
V00249,2024-11-13,C011,P007,E-commerce,Confirmada,4,119.28,0.1,62.92,22.14
V00726,2024-11-14,C024,P002,Tienda fisica,Confirmada,1,456.78,0.0,277.15,0.77
V04718,2025-10-14,C025,P009,E-commerce,Confirmada,1,138.31,0.0,82.74,15.95
V04959,2025-04-13,C010,P004,Tienda fisica,Confirmada,  17 ,  30.05 ,0.05,14.47,  0.73 
V01206,2024-09-13,C025,P005,Tienda fisica,Confirmada,9,94.65,0.0,47.13,2.42
V02894,2024-06-14,C021,P005,E-commerce,Confirmada,1,94.21,0.0,48.62,16.82
V05020,2025-08-10,C015,P008,Tienda fisica,Confirmada,3,88.55,0.0,52.32,0.22
V00042,2025-03-06,C006,P010,E-commerce,Confirmada,2,36.71,0.0,19.45,20.61
V02128,2024-01-24,C052,P001,Tienda fisica,Confirmada,1,1234.54,0.05,751.97,1.22
V00464,2024-10-03,C054,P004,E-commerce,Confirmada,5,28.14,0.0,13.27,24.65
V02015,2025-12-26,C006,P008,Tienda fisica,Confirmada,4,89.49,0.0,52.83,0.92
V04756,2025-08-15,C037,P007,Tienda fisica,Confirmada,3,130.03,0.1,69.51,1.46
V03895,2024-09-22,C021,P008,E-commerce,Confirmada,2,84.67,0.0,47.42,17.0
V01512,2025-09-05,C046,P002,E-commerce,Confirmada,2,475.81,0.05,296.67,23.78
V03796,2024-04-19,C003,P007,Tienda fisica,Confirmada,2,118.09,0.0,64.56,3.15
V02806,2024-01-06,C037,P010,E-commerce,Confirmada,6,35.95,0.1,17.56,23.0
V02143,2025-05-28,C058,P008,Tienda fisica,Confirmada,2,91.41,0.0,51.38,3.51
V04962,2025-06-16,C056,P004,E-commerce,Confirmada,6,29.7,0.05,14.67,32.69
V03024,2025-03-11,C028,P010,E-commerce,Confirmada,5,37.01,0.0,19.65,25.63
V03165,2024-11-09,C015,P001,Tienda fisica,Confirmada,1,1229.77,0.0,733.61,1.63
V01480,2025-05-03,C016,P008,E-commerce,Confirmada,  1 ,  91.29 ,0.1,52.86,  27.96 
V00210,2025-02-09,C060,P010,Tienda fisica,Confirmada,3,37.73,0.0,19.25,1.87
V04117,2025-01-25,C034,P002,E-commerce,Confirmada,4,472.95,0.15,292.49,22.66
V03915,2025-12-26,C046,P007,E-commerce,Confirmada,7,127.69,0.0,67.8,47.49
V00284,2024-11-13,C036,P009,E-commerce,Confirmada,2,133.15,0.15,77.09,25.31
V04232,2025-05-24,C022,P004,Tienda fisica,Confirmada,8,29.48,0.0,14.76,2.04
V00223,2024-08-01,C035,P008,Tienda fisica,Confirmada,1,83.87,0.0,48.35,2.7
V04696,2024-05-28,C001,P002,E-commerce,Confirmada,5,460.74,0.15,268.13,33.34
V01006,2024-09-06,C035,P004,E-commerce,Confirmada,3,28.54,0.05,13.68,30.33
V02354,2025-04-29,C021,P004,E-commerce,Confirmada,10,29.77,0.15,14.63,43.9
V01829,2024-11-02,C010,P005,Tienda fisica,Confirmada,15,94.01,0.0,47.14,3.54
V03986,2025-05-14,C016,P004,Tienda fisica,Confirmada,3,29.7,0.0,14.53,1.14
V01196,2024-02-08,C050,P006,Tienda fisica,Confirmada,7,66.61,0.0,35.83,1.29
V02233,2025-05-03,C037,P004,E-commerce,Confirmada,4,29.3,0.0,14.83,20.61
V00341,2025-09-13,C044,P001,E-commerce,Confirmada,2,1302.56,0.0,800.42,17.45
V04955,2025-02-23,C002,P008,E-commerce,Confirmada,2,89.65,0.0,52.65,14.34
V00614,2024-02-08,C027,P004,E-commerce,Confirmada,2,28.73,0.1,13.36,27.9
V03466,2024-09-08,C021,P005,E-commerce,Confirmada,  6 ,  94.59 ,0.0,47.75,  32.84 
V04208,2025-07-31,C010,P005,Tienda fisica,Confirmada,7,100.46,0.0,51.57,3.14
V04566,2024-07-23,C047,P004,Tienda fisica,Confirmada,3,28.6,0.0,13.63,3.73
V02355,2024-10-21,C009,P009,Tienda fisica,Confirmada,1,131.33,0.0,77.47,2.66
V02438,2024-02-13,C007,P004,E-commerce,Confirmada,8,27.57,0.0,13.2,40.14
V04273,2024-04-26,C032,P004,E-commerce,Confirmada,8,27.7,0.08,13.45,36.25
V00358,2025-07-08,C050,P007,E-commerce,Confirmada,4,126.23,0.05,68.8,24.42
V01753,2024-08-26,C025,P002,Tienda fisica,Confirmada,5,450.44,0.1,269.97,0.35
V01498,2024-07-30,C046,P010,E-commerce,Confirmada,2,35.02,0.1,17.89,26.33
V00314,2025-08-10,C032,P010,E-commerce,Confirmada,1,37.57,0.0,19.43,16.63
V03735,2025-01-16,C049,P009,E-commerce,Confirmada,1,136.8,0.0,82.05,19.08
V00880,2024-02-08,C039,P004,Tienda fisica,Confirmada,9,28.77,0.0,13.53,0.52
V02742,2025-12-14,C055,P008,E-commerce,Confirmada,4,89.84,0.05,51.17,26.76
V01531,2025-01-21,C035,P007,Tienda fisica,Confirmada,2,128.59,0.0,67.89,3.34
V04342,2024-12-17,C060,P001,E-commerce,Confirmada,2,1176.85,0.0,733.5,15.54
V03107,2024-08-17,C020,P005,Tienda fisica,Confirmada,6,97.53,0.0,48.73,1.71
V02822,2024-01-21,C008,P007,E-commerce,Confirmada,4,123.06,0.1,64.34,22.65
V04960,2025-07-04,C036,P007,Tienda fisica,Confirmada,  1 ,  126.67 ,0.05,69.26,  2.59 
V04240,2025-01-31,C057,P005,Tienda fisica,Confirmada,3,101.98,0.0,52.08,1.97
V00163,2024-02-26,C048,P010,E-commerce,Confirmada,1,35.03,0.0,17.55,18.65
V03192,2024-12-08,C057,P002,E-commerce,Confirmada,1,462.31,0.0,271.94,19.44
V02186,2025-06-30,C055,P005,E-commerce,Confirmada,9,102.68,0.0,52.29,37.29
V04513,2024-04-13,C040,P007,E-commerce,Confirmada,6,118.93,0.0,64.73,41.84
V00522,2024-01-20,C032,P004,Tienda fisica,Confirmada,6,28.8,0.0,13.42,1.49
V01544,2024-12-08,C035,P001,E-commerce,Confirmada,2,1182.03,0.08,743.97,17.8
V01977,2025-04-10,C046,P003,E-commerce,Confirmada,1,1789.36,0.15,1213.39,28.21
V01391,2025-12-11,C021,P004,Tienda fisica,Confirmada,5,30.28,0.0,14.31,2.98
V02214,2025-12-07,C051,P008,Tienda fisica,Confirmada,3,90.81,0.0,51.97,1.27
V00243,2025-07-12,C026,P004,Tienda fisica,Confirmada,11,29.32,0.0,14.64,1.51
V04906,2025-07-24,C032,P001,Tienda fisica,Confirmada,1,1295.68,0.0,794.2,1.63
V02722,2024-01-10,C036,P006,Tienda fisica,Confirmada,13,66.69,0.0,36.01,0.96
V03115,2025-05-05,C005,P010,E-commerce,Confirmada,2,36.71,0.0,19.63,21.96
V04292,2025-09-04,C042,P007,Tienda fisica,Confirmada,1,130.61,0.0,69.02,2.89
V04050,2024-01-03,C025,P008,Tienda fisica,Confirmada,2,83.81,0.0,48.04,2.39
V04861,2024-12-18,C020,P008,Tienda fisica,Confirmada,  1 ,  83.38 ,0.0,47.58,  3.88 
V02296,2024-05-01,C048,P010,Tienda fisica,Confirmada,3,34.92,0.0,17.5,2.38
V00904,2025-06-23,C009,P006,E-commerce,Confirmada,2,68.2,0.0,38.36,17.72
V00304,2024-07-18,C047,P004,E-commerce,Confirmada,4,28.56,0.15,13.61,16.54
V02166,2025-11-28,C012,P008,E-commerce,Confirmada,1,88.72,0.1,51.87,17.85
V05075,2025-08-19,C011,P007,Tienda fisica,Confirmada,4,129.91,0.0,70.14,3.23
V05159,2025-09-11,C029,P005,E-commerce,Confirmada,4,102.58,0.0,52.2,21.29
V04740,2024-08-01,C035,P004,E-commerce,Confirmada,5,27.94,0.08,13.47,39.74
V00164,2024-10-27,C015,P009,Tienda fisica,Confirmada,1,128.96,0.05,74.7,3.7
V01923,2024-07-20,C037,P010,Tienda fisica,Confirmada,2,35.97,0.0,17.89,0.9
V01005,2024-03-01,C049,P008,Tienda fisica,Confirmada,1,86.16,0.0,47.48,3.58
V05040,2025-02-19,C045,P010,Tienda fisica,Confirmada,4,37.41,0.0,19.23,1.28
V02941,2025-10-26,C005,P001,E-commerce,Confirmada,6,1288.42,0.15,819.84,30.33
V05066,2025-04-11,C041,P004,Tienda fisica,Confirmada,4,30.19,0.05,14.71,0.22
V03497,2025-07-24,C045,P004,E-commerce,Confirmada,8,29.93,0.0,14.31,34.74
V01887,2025-07-18,C060,P002,Tienda fisica,Confirmada,1,473.56,0.0,291.98,1.95
V01620,2025-12-02,C036,P001,Tienda fisica,Confirmada,2,1307.93,0.0,817.06,0.96
V03269,2025-02-23,C014,P005,E-commerce,Confirmada,  2 ,  103.28 ,0.08,51.94,  18.19 
V02524,2025-11-24,C057,P001,E-commerce,Confirmada,1,1277.32,0.05,804.2,16.47
V05228,2025-02-01,C005,P004,Tienda fisica,Anulada,12,29.49,0.0,14.62,2.35
V02645,2025-09-01,C017,P001,E-commerce,Confirmada,3,1264.81,0.1,803.56,26.75
V02141,2025-09-30,C020,P007,E-commerce,Confirmada,6,127.03,0.0,69.22,34.95
V01942,2025-07-24,C031,P004,Tienda fisica,Confirmada,2,29.85,0.1,14.32,1.73
V02011,2024-04-12,C002,P007,Tienda fisica,Confirmada,4,122.57,0.0,63.94,2.34
V02506,2024-11-14,C010,P009,Tienda fisica,Confirmada,3,129.41,0.1,76.57,2.31
V05074,2024-06-25,C008,P008,Tienda fisica,Confirmada,6,87.17,0.1,47.54,1.83
V01721,2024-03-14,C015,P002,Tienda fisica,Confirmada,1,461.62,0.0,272.72,2.01
V01674,2024-02-23,C024,P007,Tienda fisica,Confirmada,3,121.05,0.0,62.96,3.21
V05118,2024-08-26,C015,P004,E-commerce,Confirmada,7,28.05,0.0,13.5,30.17
V02856,2025-08-07,C038,P009,E-commerce,Confirmada,1,135.63,0.1,80.89,22.55
V04668,2024-12-10,C008,P008,E-commerce,Confirmada,6,83.41,0.05,47.42,20.82
V03513,2025-12-03,C023,P009,E-commerce,Confirmada,1,140.49,0.0,81.28,22.42
V04374,2025-07-08,C037,P009,Tienda fisica,Confirmada,3,140.67,0.0,83.95,1.07
V04701,2024-01-26,C047,P004,E-commerce,Confirmada,6,27.88,0.0,13.58,35.3
V01281,2024-11-14,C052,P007,Tienda fisica,Confirmada,  1 ,  119.08 ,0.05,62.79,  3.03 
V05262,2025-12-26,C006,P010,E-commerce,Confirmada,,37.11,0.0,19.58,12.42
V01661,2025-07-15,C012,P009,E-commerce,Confirmada,7,141.73,0.1,83.15,23.22
V02376,2025-11-24,C051,P002,E-commerce,Confirmada,3,476.79,0.0,297.34,21.09
V03405,2025-09-14,C023,P009,E-commerce,Confirmada,1,137.21,0.05,83.09,22.75
V02900,2025-01-29,C007,P004,E-commerce,Confirmada,10,30.41,0.1,14.87,43.39
V02765,2025-08-30,C037,P006,E-commerce,Confirmada,5,70.18,0.0,38.95,31.34
V03473,2024-08-04,C055,P002,Tienda fisica,Confirmada,1,460.15,0.0,273.77,2.22
V05167,2024-01-30,C046,P003,Tienda fisica,Confirmada,1,1668.88,0.0,1133.23,0.74
V02731,2024-04-20,C017,P005,E-commerce,Confirmada,2,97.76,0.0,47.13,14.56
V03133,2024-01-29,C056,P006,Tienda fisica,Confirmada,8,64.74,0.0,35.89,2.76
V04821,2025-09-13,C047,P002,E-commerce,Confirmada,2,484.41,0.0,293.83,28.27
V03705,2024-06-06,C054,P009,Tienda fisica,Confirmada,6,131.77,0.0,77.09,0.31
V01555,2024-06-05,C008,P010,Tienda fisica,Confirmada,4,34.86,0.0,17.65,0.25
V01838,2024-03-26,C050,P005,E-commerce,Confirmada,7,97.65,0.08,47.05,25.33
V05162,2025-05-21,C044,P004,Tienda fisica,Confirmada,3,30.05,0.05,14.41,1.73
V02927,2024-09-22,C012,P001,Tienda fisica,Confirmada,5,1225.35,0.0,748.16,2.19
V03667,2025-12-24,C008,P006,Tienda fisica,Confirmada,  8 ,  70.79 ,0.0,38.47,  1.63 
V04669,2025-06-27,C056,P008,Tienda fisica,Confirmada,4,89.62,0.0,51.17,2.28
V04858,2024-12-12,C005,P005,E-commerce,Confirmada,9,94.43,0.15,47.45,30.37
V03630,2025-11-27,C060,P009,E-commerce,Confirmada,1,140.28,0.05,81.5,25.14
V01801,2024-09-25,C052,P010,Tienda fisica,Confirmada,5,34.41,0.05,18.05,2.53
V05234,2025-05-13,C047,P009,Tienda fisica,Anulada,1,141.72,0.0,81.25,2.76
V03822,2024-08-02,C022,P004,E-commerce,Confirmada,7,28.08,0.0,13.38,43.67
V02434,2024-08-17,C002,P001,Tienda fisica,Confirmada,15,1182.16,0.0,739.61,3.27
V04488,2024-12-09,C049,P001,Tienda fisica,Confirmada,8,1211.47,0.0,752.66,2.34
V04732,2025-06-05,C031,P009,E-commerce,Confirmada,2,140.35,0.1,81.9,27.68
V04571,2025-06-26,C033,P001,Tienda fisica,Confirmada,3,1302.2,0.1,818.24,3.75
V04785,2024-11-16,C060,P004,Tienda fisica,Confirmada,3,27.56,0.0,13.65,1.4
V03834,2025-08-01,C036,P007,Tienda fisica,Confirmada,2,127.75,0.0,68.59,1.47
V02768,2025-06-01,C029,P004,E-commerce,Confirmada,7,30.16,0.0,14.84,43.23
V01798,2025-11-30,C042,P010,Tienda fisica,Confirmada,3,36.86,0.05,19.27,1.67
V01570,2025-04-27,C056,P008,Tienda fisica,Confirmada,2,90.52,0.1,51.24,0.59
V01143,2024-03-12,C033,P004,E-commerce,Confirmada,5,28.46,0.1,13.67,32.19
V01311,2025-06-24,C029,P008,Tienda fisica,Confirmada,  2 ,  91.61 ,0.1,52.37,  0.67 
V04087,2024-08-14,C007,P006,Tienda fisica,Confirmada,3,64.87,0.0,35.23,0.14
V01326,2025-12-01,C017,P002,E-commerce,Confirmada,4,482.29,0.08,291.76,32.28
V01124,2024-05-16,C051,P006,Tienda fisica,Confirmada,4,64.83,0.0,35.81,0.01
V00523,2024-09-07,C045,P005,Tienda fisica,Confirmada,7,96.91,0.0,48.15,0.55
V04957,2025-04-16,C044,P009,E-commerce,Confirmada,3,138.92,0.0,81.37,22.49
V01679,2024-09-18,C060,P007,E-commerce,Confirmada,1,121.56,0.08,63.19,19.03
V04243,2025-11-09,C050,P002,E-commerce,Confirmada,1,476.05,0.15,290.35,19.97
V00310,2025-11-11,C025,P010,Tienda fisica,Confirmada,6,37.69,0.0,19.27,2.17
V01304,2025-10-23,C045,P005,Tienda fisica,Confirmada,4,103.4,0.0,51.81,1.12
V02062,2024-10-09,C040,P004,Tienda fisica,Confirmada,5,28.34,0.0,13.64,3.31
V02817,2024-10-21,C060,P006,Tienda fisica,Confirmada,7,65.43,0.1,35.63,0.06
V04172,2024-01-02,C006,P010,E-commerce,Confirmada,2,35.03,0.0,18.18,18.74
V02305,2025-02-13,C043,P001,Tienda fisica,Confirmada,1,1275.79,0.1,805.96,2.39
V02829,2025-06-21,C038,P005,Tienda fisica,Confirmada,11,99.65,0.0,52.06,2.77
V03581,2025-07-19,C030,P008,E-commerce,Confirmada,1,90.5,0.05,51.82,17.64
V01466,2025-11-29,C024,P006,E-commerce,Confirmada,7,70.52,0.05,39.13,33.04
V00030,2025-07-08,C055,P002,E-commerce,Confirmada,  4 ,  490.62 ,0.0,298.13,  17.91 
V02958,2024-05-05,C013,P008,Tienda fisica,Confirmada,9,86.97,0.0,48.47,0.08
V04069,2025-01-10,C031,P004,Tienda fisica,Confirmada,11,29.19,0.0,14.78,0.38
V00689,2024-07-18,C015,P008,Tienda fisica,Confirmada,1,87.48,0.05,47.33,3.49
V02347,2024-08-15,C042,P008,E-commerce,Confirmada,1,86.52,0.1,47.92,21.86
V01628,2024-09-15,C022,P006,Tienda fisica,Confirmada,4,66.72,0.0,35.18,1.01
V00664,2025-04-27,C045,P008,Tienda fisica,Confirmada,1,88.71,0.0,52.82,3.41
V04339,2024-12-14,C022,P002,Tienda fisica,Confirmada,12,453.68,0.0,268.84,2.55
V00554,2025-07-21,C020,P007,Tienda fisica,Confirmada,2,124.76,0.0,69.82,0.18
V01878,2024-11-14,C031,P005,E-commerce,Confirmada,3,95.9,0.0,48.22,23.49
V05238,2025-10-13,C040,P006,E-commerce,Anulada,4,67.85,0.0,39.1,32.56
V04400,2025-08-19,C049,P004,E-commerce,Confirmada,8,29.99,0.15,14.69,36.47
V03049,2024-03-23,C004,P009,Tienda fisica,Confirmada,8,130.09,0.0,75.87,1.8
V00100,2025-06-23,C035,P006,E-commerce,Confirmada,3,68.2,0.15,38.52,22.67
V03969,2025-05-08,C057,P007,E-commerce,Confirmada,3,128.16,0.0,69.0,29.42
V03067,2025-11-30,C025,P005,E-commerce,Confirmada,3,101.06,0.1,52.07,30.99
V00430,2024-11-07,C050,P006,Tienda fisica,Confirmada,14,64.22,0.1,34.73,1.94
V04361,2025-10-28,C004,P004,E-commerce,Confirmada,  6 ,  29.82 ,0.0,14.58,  27.26 
V00205,2025-06-27,C032,P008,Tienda fisica,Confirmada,2,88.61,0.0,52.02,0.8
V00337,2024-01-13,C033,P006,E-commerce,Confirmada,1,64.27,0.0,35.73,17.35
V00093,2024-12-20,C021,P006,Tienda fisica,Confirmada,13,64.3,0.0,34.84,2.5
V03045,2025-08-09,C034,P003,Tienda fisica,Confirmada,2,1790.97,0.0,1207.6,3.3
V01249,2024-11-06,C049,P010,Tienda fisica,Confirmada,3,34.73,0.0,17.67,2.56
V01163,2025-06-28,C045,P004,E-commerce,Confirmada,6,29.48,0.1,14.67,42.43
V00863,2024-09-05,C020,P006,E-commerce,Confirmada,5,66.74,0.0,34.86,34.82
V05241,2024-06-04,C031,P009,E-commerce,Anulada,6,131.47,0.15,74.65,27.81
V02555,2025-03-24,C013,P002,Tienda fisica,Confirmada,1,474.19,0.0,293.15,1.63
V00110,2025-06-05,C044,P007,Tienda fisica,Confirmada,4,127.37,0.05,68.29,1.5
V04130,2024-08-20,C019,P007,E-commerce,Confirmada,3,123.15,0.15,64.13,30.68
V04423,2025-12-23,C035,P004,E-commerce,Confirmada,4,30.26,0.08,14.56,22.34
V02440,2025-06-09,C045,P010,E-commerce,Confirmada,2,37.5,0.0,19.03,19.84
V04745,2024-04-12,C034,P002,Tienda fisica,Confirmada,3,452.55,0.0,275.65,0.7
V04234,2024-08-25,C031,P010,Tienda fisica,Confirmada,1,34.47,0.1,18.03,3.5
V05047,2025-04-18,C027,P006,E-commerce,Confirmada,10,69.85,0.08,39.01,35.84
V03941,2024-12-26,C019,P005,Tienda fisica,Confirmada,  6 ,  95.51 ,0.1,47.79,  2.35 
V04929,2024-11-06,C033,P005,Tienda fisica,Confirmada,7,96.21,0.05,47.18,0.48
V01925,2025-03-06,C032,P008,Tienda fisica,Confirmada,1,89.93,0.0,51.99,2.02
V04573,2024-04-04,C031,P001,Tienda fisica,Confirmada,2,1230.09,0.0,757.42,0.53
V03717,2025-01-11,C026,P010,Tienda fisica,Confirmada,1,37.97,0.1,19.52,2.82
V04256,2025-05-28,C016,P005,Tienda fisica,Confirmada,8,99.33,0.0,52.14,0.79
V00017,2025-03-30,C060,P010,Tienda fisica,Confirmada,1,36.82,0.0,19.63,3.74
V04845,2025-07-06,C016,P008,E-commerce,Confirmada,3,90.74,0.1,51.87,21.33
V00313,2025-06-06,C037,P005,Tienda fisica,Confirmada,9,99.82,0.0,52.89,3.82
V00141,2025-07-01,C030,P010,E-commerce,Confirmada,2,37.49,0.05,19.26,18.95
V00518,2025-05-13,C050,P004,E-commerce,Confirmada,6,30.22,0.05,14.58,39.56
V03830,2025-07-21,C031,P008,Tienda fisica,Confirmada,11,90.68,0.0,52.48,3.94
V02681,2024-02-13,C050,P010,E-commerce,Confirmada,1,35.7,0.05,17.83,24.37
V04590,2025-05-22,C001,P010,E-commerce,Confirmada,3,37.66,0.08,19.56,14.38
V00105,2025-12-05,C055,P007,Tienda fisica,Confirmada,9,130.19,0.0,67.82,3.31
V00204,2025-08-01,C037,P010,Tienda fisica,Confirmada,3,36.72,0.05,19.26,3.14
V03945,2024-05-10,C041,P003,Tienda fisica,Confirmada,5,1677.99,0.0,1122.1,0.04
V05064,2025-02-11,C030,P008,Tienda fisica,Confirmada,  9 ,  91.03 ,0.0,52.62,  1.48 
V03026,2025-11-20,C043,P009,E-commerce,Confirmada,2,140.61,0.1,83.07,25.59
V03412,2024-12-09,C041,P009,Tienda fisica,Confirmada,3,128.53,0.0,74.61,0.17
V00553,2025-01-21,C020,P004,E-commerce,Confirmada,7,29.51,0.0,14.43,20.45
V02283,2024-10-31,C052,P010,Tienda fisica,Confirmada,1,35.81,0.0,17.78,2.39
V00325,2025-03-01,C056,P010,Tienda fisica,Confirmada,4,38.06,0.0,19.53,1.18
V01043,2025-06-06,C020,P004,E-commerce,Confirmada,6,30.17,0.15,14.38,26.65
V03311,2024-04-15,C014,P010,Tienda fisica,Confirmada,1,34.67,0.0,18.0,3.74
V05229,2024-09-16,C035,P004,Tienda fisica,Anulada,8,27.66,0.0,13.61,1.73
V03460,2025-07-03,C032,P003,E-commerce,Confirmada,3,1776.94,0.05,1240.58,25.22
V02536,2025-04-20,C037,P007,E-commerce,Confirmada,1,126.09,0.0,69.95,24.67
V01915,2025-09-06,C016,P001,E-commerce,Confirmada,2,1255.72,0.08,796.64,18.68
V05223,2025-05-14,C046,P006,E-commerce,Anulada,1,69.23,0.05,38.33,24.81
V04235,2025-12-20,C020,P005,Tienda fisica,Confirmada,3,99.2,0.0,51.79,0.32
V02585,2025-07-08,C054,P006,Tienda fisica,Confirmada,1,69.64,0.05,38.74,3.06
V05091,2024-03-22,C008,P005,Tienda fisica,Confirmada,11,97.52,0.0,47.9,1.53
V03801,2024-11-17,C035,P004,E-commerce,Confirmada,9,28.17,0.0,13.64,28.54
V00723,2024-05-02,C002,P010,Tienda fisica,Confirmada,  3 ,  35.17 ,0.0,17.98,  1.49 
V03798,2024-11-21,C015,P006,Tienda fisica,Confirmada,2,66.93,0.0,35.62,0.19
V02171,2024-06-19,C030,P010,Tienda fisica,Confirmada,4,34.65,0.0,17.79,0.66
V04750,2024-05-29,C038,P004,Tienda fisica,Confirmada,4,27.97,0.0,13.41,2.01
V04252,2025-03-05,C042,P010,Tienda fisica,Confirmada,3,37.58,0.0,19.18,0.46
V04987,2025-04-27,C011,P004,Tienda fisica,Confirmada,9,29.93,0.1,14.39,1.93
V00132,2024-11-14,C055,P009,Tienda fisica,Confirmada,1,128.63,0.0,76.08,1.74
V01310,2025-04-04,C030,P009,E-commerce,Confirmada,6,141.55,0.0,81.23,25.04
V03082,2025-05-25,C060,P007,E-commerce,Confirmada,4,128.88,0.0,67.65,25.55
V04688,2024-09-18,C016,P004,Tienda fisica,Confirmada,4,27.45,0.0,13.3,1.61
V01776,2024-01-05,C020,P006,Tienda fisica,Confirmada,1,66.26,0.0,35.27,3.05
V03277,2024-03-01,C038,P010,Tienda fisica,Confirmada,1,35.24,0.05,18.03,3.93
V01173,2025-12-17,C001,P008,Tienda fisica,Confirmada,4,88.76,0.0,52.29,1.42
V02904,2024-12-01,C022,P005,E-commerce,Confirmada,11,95.73,0.0,48.85,42.79
V01025,2024-07-10,C038,P005,E-commerce,Confirmada,9,97.29,0.1,48.28,38.04
V02016,2025-11-06,C014,P010,Tienda fisica,Confirmada,5,37.09,0.0,19.57,2.34
V04079,2025-04-09,C022,P001,E-commerce,Confirmada,4,1298.76,0.1,818.93,23.71
V00466,2024-02-09,C021,P004,Tienda fisica,Confirmada,  11 ,  28.31 ,0.0,13.36,  0.02 
V00402,2024-03-17,C022,P010,Tienda fisica,Confirmada,3,34.31,0.1,18.09,2.91
V01715,2024-02-01,C030,P006,E-commerce,Confirmada,6,65.13,0.0,34.92,33.9
V00786,2024-11-08,C030,P010,E-commerce,Confirmada,1,35.57,0.08,17.8,25.98
V01921,2025-05-11,C025,P004,E-commerce,Confirmada,3,29.44,0.1,14.36,16.88
V03444,2025-11-23,C035,P010,E-commerce,Confirmada,13,37.45,0.0,19.17,62.7
V02458,2024-06-15,C030,P007,Tienda fisica,Confirmada,1,117.76,0.0,63.86,0.32
V02051,2024-11-05,C056,P007,Tienda fisica,Confirmada,2,118.56,0.0,64.59,1.88
V02784,2024-10-24,C060,P001,Tienda fisica,Confirmada,2,1215.73,0.1,737.27,2.35
V02720,2024-04-28,C028,P004,E-commerce,Confirmada,7,27.94,0.08,13.29,25.8
V04990,2024-09-22,C013,P007,E-commerce,Confirmada,8,119.14,0.0,63.08,33.96
V01220,2025-06-28,C055,P007,E-commerce,Confirmada,1,129.2,0.08,69.43,16.88
V03622,2025-12-29,C015,P009,E-commerce,Confirmada,5,141.77,0.15,82.23,35.24
V03702,2024-10-06,C036,P004,E-commerce,Confirmada,5,27.51,0.1,13.18,36.84
V05264,2024-03-02,C003,P007,Tienda fisica,Confirmada,,118.3,0.0,64.42,2.29
V00958,2024-10-16,C038,P010,E-commerce,Confirmada,6,35.57,0.1,17.94,34.51
V04564,2024-03-03,C003,P006,Tienda fisica,Confirmada,6,66.74,0.0,35.34,2.34
V01743,2025-02-18,C011,P005,Tienda fisica,Confirmada,  10 ,  99.21 ,0.0,51.42,  3.76 
V03241,2024-03-19,C019,P008,Tienda fisica,Confirmada,3,85.91,0.1,47.38,0.35
V02431,2024-12-29,C021,P008,E-commerce,Confirmada,4,84.76,0.1,47.4,32.62
V00701,2025-10-24,C045,P002,Tienda fisica,Confirmada,12,486.8,0.0,293.29,3.5
V02540,2025-01-08,C060,P005,Tienda fisica,Confirmada,2,102.0,0.0,53.05,3.22
V04734,2025-02-21,C020,P007,E-commerce,Confirmada,2,129.02,0.0,70.07,31.44
V03638,2025-09-10,C009,P005,E-commerce,Confirmada,5,102.48,0.15,51.03,29.75
V04457,2024-08-19,C017,P005,Tienda fisica,Confirmada,13,93.34,0.0,47.3,3.4
V03704,2025-10-03,C015,P004,E-commerce,Confirmada,8,29.84,0.05,14.47,44.23
V00119,2025-12-26,C060,P009,Tienda fisica,Confirmada,5,141.8,0.0,83.91,3.25
V01404,2025-12-31,C012,P010,E-commerce,Confirmada,3,38.0,0.0,19.56,29.08
V01518,2025-09-30,C011,P005,Tienda fisica,Confirmada,5,100.97,0.0,52.15,2.5
V02682,2024-06-02,C001,P002,Tienda fisica,Confirmada,2,445.64,0.0,269.73,0.9
V02178,2025-05-14,C025,P002,E-commerce,Confirmada,6,486.81,0.08,291.95,42.06
V02773,2025-02-04,C041,P002,E-commerce,Confirmada,3,485.32,0.15,292.22,27.22
V04224,2025-12-28,C005,P007,E-commerce,Confirmada,3,127.86,0.0,69.33,15.57
V04275,2025-08-26,C051,P004,Tienda fisica,Confirmada,2,30.49,0.05,14.72,0.89
V04487,2024-08-16,C001,P010,Tienda fisica,Confirmada,  5 ,  34.48 ,0.0,17.66,  3.33 
V02211,2025-06-27,C017,P010,E-commerce,Confirmada,1,37.38,0.05,19.21,22.08
V05265,2025-05-18,,P010,Tienda fisica,Confirmada,6,36.82,0.0,19.64,3.59
V03812,2024-01-07,C007,P005,E-commerce,Confirmada,13,97.2,0.08,48.09,56.29
V01455,2024-08-21,C029,P004,Tienda fisica,Confirmada,4,28.53,0.0,13.25,0.99
V05063,2025-05-16,C008,P008,Tienda fisica,Confirmada,2,92.06,0.0,52.4,2.34
V03359,2024-04-03,C043,P008,Tienda fisica,Confirmada,3,85.4,0.0,47.27,3.48
V03875,2025-08-20,C042,P008,Tienda fisica,Confirmada,3,90.28,0.0,52.71,0.83
V03817,2025-01-12,C006,P008,E-commerce,Confirmada,8,88.31,0.15,52.84,43.96
V03344,2025-02-21,C038,P007,E-commerce,Confirmada,4,126.37,0.0,68.85,24.6
V01546,2024-08-24,C045,P004,E-commerce,Confirmada,8,28.34,0.0,13.21,34.25
V04276,2024-04-13,C020,P008,Tienda fisica,Confirmada,4,84.42,0.0,48.1,0.69
V03500,2024-03-24,C029,P005,Tienda fisica,Confirmada,20,96.96,0.0,47.07,2.48
V01956,2025-05-09,C028,P008,Tienda fisica,Confirmada,5,88.37,0.05,52.06,3.54
V00136,2025-07-17,C011,P007,Tienda fisica,Confirmada,7,130.31,0.0,68.87,3.66
V01140,2025-06-26,C022,P003,Tienda fisica,Confirmada,10,1792.6,0.0,1229.35,3.18
V01414,2025-06-28,C010,P008,E-commerce,Confirmada,16,92.23,0.1,52.82,47.28
V03281,2024-06-06,C058,P005,E-commerce,Confirmada,  6 ,  93.21 ,0.08,47.99,  30.39 
V05089,2024-09-14,C020,P005,Tienda fisica,Confirmada,7,94.27,0.05,47.9,3.2
V02286,2024-07-01,C036,P006,E-commerce,Confirmada,10,65.35,0.05,35.04,50.04
V03210,2025-11-12,C014,P006,Tienda fisica,Confirmada,6,69.61,0.0,39.06,2.42
V02762,2025-06-13,C055,P006,E-commerce,Confirmada,11,70.33,0.15,39.08,35.84
V05097,2024-09-02,C010,P002,Tienda fisica,Confirmada,1,461.19,0.0,266.9,2.54
V04644,2025-03-23,C025,P010,E-commerce,Confirmada,14,37.35,0.0,19.51,49.11
V01150,2025-09-13,C016,P006,E-commerce,Confirmada,9,68.48,0.0,37.89,46.64
V04183,2025-10-11,C023,P005,E-commerce,Confirmada,5,99.73,0.15,51.04,22.91
V05250,2025-08-11,C025,P004,Tienda fisica,Confirmada,,29.27,0.0,14.83,1.0
V03553,2025-04-17,C060,P007,Tienda fisica,Confirmada,2,127.06,0.0,70.1,2.51
V01664,2025-10-03,C057,P004,E-commerce,Confirmada,4,30.25,0.08,14.69,22.38
V02313,2025-08-11,C034,P005,Tienda fisica,Confirmada,9,103.57,0.0,51.2,2.68
V00928,2025-12-17,C009,P005,E-commerce,Confirmada,8,102.39,0.15,51.52,35.03
V00963,2024-04-08,C057,P004,Tienda fisica,Confirmada,8,28.37,0.0,13.21,2.71
V02028,2025-11-23,C013,P005,Tienda fisica,Confirmada,3,99.59,0.0,51.98,3.5
V00451,2024-09-22,C008,P005,E-commerce,Confirmada,2,93.55,0.0,47.31,13.84
V03199,2025-12-20,C012,P008,E-commerce,Confirmada,  1 ,  91.41 ,0.15,51.09,  14.63 
V02686,2025-10-16,C060,P010,E-commerce,Confirmada,7,37.54,0.1,19.68,38.05
V02021,2024-12-24,C017,P004,Tienda fisica,Confirmada,2,27.84,0.0,13.49,2.34
V00827,2025-03-02,C030,P004,Tienda fisica,Confirmada,3,29.86,0.0,14.85,1.44
V04083,2024-02-17,C032,P009,E-commerce,Confirmada,1,127.41,0.05,77.44,14.15
V02425,2024-10-26,C043,P007,Tienda fisica,Confirmada,5,119.76,0.0,64.17,3.09
V00406,2025-11-26,C005,P005,Tienda fisica,Confirmada,5,100.69,0.1,51.13,1.07
V01179,2025-03-14,C023,P006,E-commerce,Confirmada,8,70.08,0.0,38.75,32.63
V01850,2025-12-03,C039,P001,Tienda fisica,Confirmada,4,1292.61,0.05,795.23,2.74
V02954,2024-08-19,C020,P001,Tienda fisica,Confirmada,4,1199.81,0.0,738.18,2.32
V01533,2025-12-12,C046,P010,Tienda fisica,Confirmada,3,36.88,0.0,19.21,0.81
V03197,2024-09-22,C013,P005,Tienda fisica,Confirmada,8,97.4,0.0,48.22,2.85
V00463,2025-03-09,C050,P005,Tienda fisica,Confirmada,5,100.2,0.0,52.33,1.95
V00022,2024-02-01,C046,P006,E-commerce,Confirmada,9,64.01,0.05,34.86,38.37
V01539,2025-09-01,C057,P010,E-commerce,Confirmada,1,36.83,0.0,19.04,20.29
V03519,2025-11-08,C016,P005,Tienda fisica,Confirmada,6,102.08,0.0,51.07,2.61
V03059,2025-07-13,C057,P004,E-commerce,Confirmada,3,29.31,0.0,14.48,29.43
V00194,2024-03-30,C035,P009,E-commerce,Confirmada,  1 ,  128.65 ,0.0,76.27,  17.3 
V01160,2024-11-28,C040,P006,E-commerce,Confirmada,4,65.42,0.08,35.86,21.21
V03336,2024-04-22,C015,P005,Tienda fisica,Confirmada,4,95.99,0.05,48.92,2.44
V02428,2025-12-21,C040,P003,E-commerce,Confirmada,4,1766.71,0.08,1210.29,29.02
V02303,2024-11-08,C004,P002,Tienda fisica,Confirmada,11,461.47,0.0,274.65,1.81
V04359,2025-07-25,C018,P001,Tienda fisica,Confirmada,3,1263.66,0.0,794.89,3.17
V00907,2025-08-27,C001,P010,E-commerce,Confirmada,2,38.05,0.1,19.33,16.12
V02290,2025-06-06,C055,P010,E-commerce,Confirmada,3,37.84,0.0,19.21,20.15
V03057,2024-08-15,C040,P009,Tienda fisica,Confirmada,5,131.25,0.0,76.29,1.49
V03169,2024-12-02,C020,P001,Tienda fisica,Confirmada,1,1215.45,0.05,757.26,3.04
V02777,2024-07-17,C051,P005,Tienda fisica,Confirmada,1,95.3,0.0,48.74,2.84
V00369,2025-05-31,C055,P004,E-commerce,Confirmada,13,29.89,0.15,14.81,48.33
V04485,2025-10-06,C012,P005,E-commerce,Confirmada,5,101.96,0.05,52.37,39.45
V04176,2024-12-17,C004,P008,Tienda fisica,Confirmada,5,87.49,0.0,47.9,3.85
V01297,2024-05-15,C013,P007,Tienda fisica,Confirmada,1,121.92,0.0,63.77,2.45
V01889,2025-03-09,C020,P010,Tienda fisica,Confirmada,6,37.78,0.0,19.64,0.48
V00123,2025-05-13,C035,P005,E-commerce,Confirmada,10,99.22,0.0,52.22,47.23
V00221,2024-11-05,C023,P004,Tienda fisica,Confirmada,  7 ,  27.97 ,0.0,13.48,  1.81 
V04551,2025-11-05,C036,P001,E-commerce,Confirmada,2,1260.63,0.0,809.97,27.47
V02957,2025-08-06,C052,P004,E-commerce,Confirmada,4,30.09,0.0,14.67,21.79
V02377,2025-05-31,C060,P008,E-commerce,Confirmada,1,91.09,0.05,51.64,28.67
V04516,2025-09-07,C005,P008,E-commerce,Confirmada,1,90.55,0.08,52.92,16.85
V01426,2025-06-05,C005,P006,Tienda fisica,Confirmada,7,68.13,0.05,39.02,1.13
V02006,2025-07-23,C048,P006,E-commerce,Confirmada,3,69.63,0.05,38.35,26.7
V00979,2024-02-11,C011,P010,E-commerce,Confirmada,3,35.22,0.05,18.17,21.73
V01051,2024-12-28,C030,P002,Tienda fisica,Confirmada,2,443.03,0.1,270.62,0.84
V03363,2024-12-28,C043,P009,E-commerce,Confirmada,3,128.52,0.08,75.22,28.5
V05247,2025-10-14,,P003,E-commerce,Confirmada,3,1729.12,0.1,1239.98,32.33
V05093,2024-02-15,C011,P001,E-commerce,Confirmada,1,1180.18,0.0,749.04,13.97
V04031,2024-10-20,C046,P004,E-commerce,Confirmada,4,27.6,0.0,13.56,31.7
V03962,2024-08-28,C056,P004,E-commerce,Confirmada,3,28.05,0.0,13.56,17.84
V01951,2025-05-17,C005,P002,E-commerce,Confirmada,3,471.49,0.1,294.13,21.36
V00437,2024-07-27,C041,P006,Tienda fisica,Confirmada,7,64.03,0.05,34.88,3.15
V01748,2024-12-29,C003,P002,Tienda fisica,Confirmada,6,460.54,0.0,271.59,2.89
V00982,2025-10-01,C055,P010,Tienda fisica,Confirmada,  4 ,  36.51 ,0.0,19.21,  1.97 
V00332,2025-02-15,C016,P007,Tienda fisica,Confirmada,9,124.74,0.0,69.71,0.86
V01593,2024-04-05,C025,P005,Tienda fisica,Confirmada,6,93.27,0.0,48.52,2.28
V05195,2024-08-29,C020,P002,Tienda fisica,Confirmada,2,450.9,0.0,266.99,3.61
V00751,2024-12-21,C025,P007,Tienda fisica,Confirmada,3,118.4,0.0,63.39,1.44
V00148,2024-03-29,C050,P005,Tienda fisica,Confirmada,6,97.75,0.0,48.66,3.76
V03481,2024-05-23,C040,P010,Tienda fisica,Confirmada,1,34.46,0.1,17.86,0.35
V01038,2024-12-04,C015,P005,Tienda fisica,Confirmada,10,97.1,0.0,47.46,0.28
V03400,2024-11-02,C051,P006,E-commerce,Confirmada,4,65.81,0.05,34.81,29.74
V02082,2024-10-16,C035,P008,Tienda fisica,Confirmada,2,85.29,0.0,47.39,3.82
V00783,2024-08-22,C028,P002,E-commerce,Confirmada,1,445.5,0.0,273.86,16.23
V01721,2024-03-14,C015,P002,Tienda fisica,Confirmada,1,461.62,0.0,272.72,2.01
V03869,2025-08-07,C021,P004,Tienda fisica,Confirmada,2,30.12,0.0,14.48,1.63
V01740,2024-11-01,C057,P005,E-commerce,Confirmada,8,96.07,0.08,47.38,32.73
V04762,2025-02-08,C045,P004,E-commerce,Confirmada,11,29.96,0.08,14.57,44.98
V02457,2025-04-13,C015,P003,Tienda fisica,Confirmada,13,1758.66,0.0,1233.42,0.39
V02337,2025-05-12,C011,P001,E-commerce,Confirmada,2,1267.18,0.05,815.82,23.18
V00102,2025-03-25,C059,P002,E-commerce,Confirmada,  1 ,  477.36 ,0.0,298.17,  28.15 
V01490,2024-11-16,C015,P005,Tienda fisica,Confirmada,7,93.44,0.1,48.22,1.16
V00629,2025-07-25,C049,P006,Tienda fisica,Confirmada,7,69.91,0.0,38.14,2.78
V05053,2025-04-03,C035,P002,Tienda fisica,Confirmada,1,483.68,0.0,297.53,0.4
V03004,2024-05-13,C046,P004,E-commerce,Confirmada,2,27.68,0.05,13.19,28.2
V04654,2024-08-20,C030,P004,E-commerce,Confirmada,1,28.09,0.05,13.65,16.74
V00279,2025-11-09,C010,P006,Tienda fisica,Confirmada,6,69.0,0.0,37.74,2.37
V02346,2024-08-16,C060,P001,Tienda fisica,Confirmada,1,1194.87,0.1,747.72,1.77
V02733,2025-03-09,C050,P007,E-commerce,Confirmada,1,130.32,0.1,69.84,23.8
V00604,2024-09-22,C059,P010,Tienda fisica,Confirmada,2,35.42,0.0,17.76,2.6
V02449,2025-11-20,C026,P002,Tienda fisica,Confirmada,5,468.56,0.0,294.89,0.76
V04537,2024-05-17,C013,P005,Tienda fisica,Confirmada,1,94.23,0.0,47.42,1.25
V01686,2025-11-18,C021,P009,E-commerce,Confirmada,4,135.91,0.0,81.2,32.69
V05192,2025-03-10,C051,P008,E-commerce,Confirmada,4,89.87,0.0,51.62,27.2
V02334,2025-03-31,C052,P007,Tienda fisica,Confirmada,2,124.67,0.0,68.33,2.23
V03388,2024-12-29,C056,P007,Tienda fisica,Confirmada,3,122.79,0.0,64.85,3.78
V01940,2024-06-30,C051,P001,E-commerce,Confirmada,11,1225.7,0.08,749.49,46.62
V00036,2024-05-27,C010,P002,Tienda fisica,Confirmada,  5 ,  451.83 ,0.0,270.78,  1.2 
V02993,2025-06-10,C005,P005,E-commerce,Confirmada,17,99.45,0.1,52.87,68.54
V02747,2025-07-12,C005,P004,Tienda fisica,Confirmada,8,29.62,0.0,14.79,2.6
V01549,2024-06-29,C019,P002,Tienda fisica,Confirmada,1,462.38,0.0,268.85,1.39
V02783,2024-08-08,C024,P004,E-commerce,Confirmada,5,27.85,0.1,13.42,24.87
V04391,2025-05-25,C005,P009,E-commerce,Confirmada,3,136.21,0.15,81.18,21.22
V03965,2025-09-09,C034,P007,E-commerce,Confirmada,4,125.85,0.0,69.65,33.88
V02081,2024-10-07,C020,P010,Tienda fisica,Confirmada,7,35.19,0.0,17.91,0.52
V01987,2025-05-20,C036,P006,E-commerce,Confirmada,7,67.56,0.0,38.5,28.79
V04067,2024-01-25,C050,P004,Tienda fisica,Confirmada,5,27.79,0.0,13.48,2.38
V01597,2024-09-25,C027,P002,E-commerce,Confirmada,4,460.83,0.08,267.66,16.84
V01355,2024-11-29,C024,P005,Tienda fisica,Confirmada,2,97.06,0.0,47.44,1.37
V04419,2024-01-17,C054,P003,Tienda fisica,Confirmada,3,1627.43,0.0,1139.62,3.95
V04550,2025-08-17,C056,P006,Tienda fisica,Confirmada,3,67.93,0.0,38.95,2.01
V00875,2024-11-29,C014,P007,E-commerce,Confirmada,5,118.76,0.0,64.0,23.34
V04733,2025-12-01,C051,P006,Tienda fisica,Confirmada,4,68.11,0.0,38.9,0.53
V03516,2025-03-14,C010,P005,Tienda fisica,Confirmada,6,103.17,0.0,51.51,0.18
V01879,2025-08-26,C021,P001,E-commerce,Confirmada,  1 ,  1284.33 ,0.05,801.59,  24.09 
V03085,2024-10-18,C021,P010,E-commerce,Confirmada,2,35.41,0.05,17.99,15.65
V04108,2024-07-17,C044,P001,E-commerce,Confirmada,6,1226.52,0.05,741.55,30.18
V03080,2025-01-28,C047,P006,E-commerce,Confirmada,2,70.56,0.0,38.96,16.95
V00658,2025-05-07,C006,P005,E-commerce,Confirmada,3,103.01,0.15,51.78,31.33
V04392,2025-09-21,C010,P009,Tienda fisica,Confirmada,12,137.26,0.0,81.52,0.14
V04630,2024-12-03,C022,P007,E-commerce,Confirmada,4,118.65,0.0,64.2,31.79
V03900,2025-12-18,C022,P009,E-commerce,Confirmada,11,140.81,0.0,82.95,34.2
V02003,2025-05-19,C055,P004,E-commerce,Confirmada,9,30.21,0.0,14.83,46.09
V01002,2024-11-02,C055,P009,E-commerce,Confirmada,8,131.02,0.0,75.89,24.47
V04794,2024-12-28,C060,P001,Tienda fisica,Confirmada,1,1176.81,0.0,743.68,1.35
V01121,2024-07-17,C042,P006,E-commerce,Confirmada,7,66.29,0.0,35.61,24.56
V03217,2024-08-30,C039,P004,Tienda fisica,Confirmada,7,28.04,0.05,13.32,0.85
V00606,2024-08-28,C044,P007,Tienda fisica,Confirmada,1,120.74,0.0,63.94,0.34
V01158,2024-07-23,C055,P001,E-commerce,Confirmada,1,1193.64,0.0,751.29,21.13
V02482,2025-11-14,C005,P010,Tienda fisica,Confirmada,2,36.68,0.0,19.59,3.76
V02889,2024-06-22,C037,P006,Tienda fisica,Confirmada,4,66.66,0.0,35.32,3.43
V02912,2025-10-20,C057,P004,E-commerce,Confirmada,  1 ,  30.16 ,0.0,14.53,  28.43 
V04379,2025-11-04,C010,P001,Tienda fisica,Confirmada,1,1294.14,0.0,805.39,3.15
V03741,2025-04-01,C055,P004,E-commerce,Confirmada,1,29.46,0.05,14.41,22.03
V01079,2025-10-14,C013,P003,E-commerce,Confirmada,3,1729.12,0.1,1239.98,32.33
V01830,2024-12-09,C039,P010,Tienda fisica,Confirmada,1,35.47,0.0,17.6,1.99
V05065,2025-08-27,C016,P002,E-commerce,Confirmada,6,469.05,0.05,292.03,36.25
V02222,2025-11-14,C060,P004,E-commerce,Confirmada,6,29.18,0.0,14.77,23.33
V02728,2025-05-21,C011,P004,E-commerce,Confirmada,6,29.53,0.1,14.55,28.37
V01646,2025-09-15,C046,P004,Tienda fisica,Confirmada,8,29.81,0.0,14.48,1.12
V03952,2024-04-08,C046,P010,E-commerce,Confirmada,8,35.96,0.1,18.03,45.37
V01181,2025-12-03,C045,P009,Tienda fisica,Confirmada,1,139.55,0.1,81.56,2.9
V04480,2024-11-25,C060,P005,Tienda fisica,Confirmada,7,95.76,0.0,47.47,0.64
V00722,2025-03-24,C055,P010,E-commerce,Confirmada,3,37.89,0.15,19.07,19.38
V02973,2025-07-11,C005,P006,E-commerce,Confirmada,13,70.55,0.05,39.11,47.16
V04628,2025-01-01,C003,P008,Tienda fisica,Confirmada,3,88.62,0.0,51.15,3.82
V01698,2025-03-28,C050,P010,Tienda fisica,Confirmada,1,38.13,0.0,19.21,0.26
V00280,2024-10-30,C017,P002,E-commerce,Confirmada,21,444.15,0.05,275.27,91.64
V01379,2024-08-20,C042,P010,E-commerce,Confirmada,  1 ,  34.73 ,0.1,17.68,  27.14 
V03440,2025-09-05,C020,P009,Tienda fisica,Confirmada,4,136.1,0.1,81.09,2.22
V00563,2025-03-15,C037,P007,E-commerce,Confirmada,7,125.07,0.0,68.02,28.52
V03433,2025-09-13,C002,P006,E-commerce,Confirmada,4,68.17,0.15,38.76,27.82
V01642,2025-02-17,C053,P009,Tienda fisica,Confirmada,1,137.14,0.0,81.89,3.11
V00730,2025-01-26,C010,P004,E-commerce,Confirmada,8,30.24,0.0,14.32,39.71
V03193,2025-09-25,C038,P010,E-commerce,Confirmada,2,37.31,0.1,19.71,21.44
V00201,2025-04-19,C010,P004,E-commerce,Confirmada,6,29.61,0.08,14.71,32.35
V00349,2024-03-08,C030,P005,E-commerce,Confirmada,17,95.99,0.0,47.73,76.64
V01688,2025-11-16,C012,P005,Tienda fisica,Confirmada,12,99.97,0.0,52.07,2.28
V01470,2025-08-18,C024,P005,E-commerce,Confirmada,7,100.78,0.15,51.72,24.88
V04597,2024-12-09,C010,P004,Tienda fisica,Confirmada,7,28.15,0.1,13.43,1.01
V03493,2024-06-29,C036,P008,E-commerce,Confirmada,2,83.71,0.1,48.16,24.82
V02805,2024-06-17,C057,P008,Tienda fisica,Confirmada,3,83.64,0.1,48.76,2.58
V04063,2025-12-26,C060,P008,E-commerce,Confirmada,1,91.99,0.08,52.18,12.77
V02631,2025-08-23,C027,P008,Tienda fisica,Confirmada,2,90.01,0.0,52.68,0.75
V04142,2025-12-27,C039,P009,E-commerce,Confirmada,3,140.94,0.08,82.16,30.96
V01052,2025-06-22,C002,P008,Tienda fisica,Confirmada,  2 ,  89.3 ,0.0,52.29,  2.76 
V01452,2025-03-30,C055,P007,Tienda fisica,Confirmada,3,130.62,0.0,69.57,3.59
V03878,2025-09-20,C045,P004,Tienda fisica,Confirmada,3,29.2,0.0,14.31,0.83
V01773,2025-07-11,C045,P004,E-commerce,Confirmada,5,30.54,0.0,14.66,21.12
V03781,2025-12-25,C060,P010,Tienda fisica,Confirmada,3,38.12,0.0,19.03,2.55
V00693,2025-05-06,C044,P004,E-commerce,Confirmada,18,29.28,0.05,14.67,54.55
V02325,2025-09-27,C001,P006,E-commerce,Confirmada,9,69.55,0.0,38.0,49.85
V02757,2025-10-30,C016,P010,E-commerce,Confirmada,1,36.89,0.0,19.56,12.0
V02644,2025-10-02,C060,P004,E-commerce,Confirmada,9,30.18,0.0,14.52,38.0
V04090,2025-10-13,C021,P007,Tienda fisica,Confirmada,2,125.93,0.0,69.81,2.53
V00025,2025-11-02,C039,P006,Tienda fisica,Confirmada,1,69.02,0.0,37.8,1.98
V01191,2025-07-29,C040,P005,E-commerce,Confirmada,3,101.72,0.1,52.11,20.3
V03861,2024-03-28,C025,P005,Tienda fisica,Confirmada,6,95.19,0.1,47.4,2.13
V00884,2024-03-19,C011,P009,Tienda fisica,Confirmada,1,133.44,0.0,74.71,0.27
V03569,2025-09-19,C005,P004,E-commerce,Confirmada,12,30.36,0.0,14.87,28.7
V03123,2024-02-16,C005,P004,E-commerce,Confirmada,8,27.92,0.0,13.46,34.96
V03615,2025-06-22,C001,P002,Tienda fisica,Confirmada,6,488.24,0.0,298.42,3.47
V05249,2025-07-27,,P010,Tienda fisica,Confirmada,  1 ,  37.22 ,0.0,19.62,  0.27 
V00353,2024-08-02,C032,P009,Tienda fisica,Confirmada,4,129.59,0.0,77.56,1.89
V00191,2024-05-28,C043,P009,Tienda fisica,Confirmada,1,129.69,0.0,77.33,1.59
V04866,2025-08-22,C010,P004,E-commerce,Confirmada,3,29.81,0.1,14.8,25.83
V01416,2025-01-03,C032,P001,Tienda fisica,Confirmada,5,1302.24,0.0,822.05,1.44
V02959,2024-12-16,C007,P002,Tienda fisica,Confirmada,4,452.48,0.05,276.57,0.63
V04760,2025-01-28,C042,P006,E-commerce,Confirmada,4,68.35,0.08,38.26,26.26
V01376,2024-06-25,C044,P001,Tienda fisica,Confirmada,1,1215.18,0.0,750.38,3.39
V00676,2024-12-12,C044,P007,Tienda fisica,Confirmada,2,122.86,0.0,64.24,2.55
V00260,2025-10-07,C035,P007,Tienda fisica,Confirmada,3,125.86,0.0,68.01,0.39
V00846,2024-02-24,C021,P004,E-commerce,Confirmada,4,27.79,0.08,13.64,21.91
V05213,2025-11-09,C060,P010,E-commerce,Anulada,1,37.75,0.0,19.26,11.84
V05172,2025-06-24,C010,P010,Tienda fisica,Confirmada,1,37.47,0.0,19.34,1.63
V00756,2025-06-13,C053,P002,E-commerce,Confirmada,2,482.96,0.15,296.87,13.16
V04178,2025-06-24,C022,P002,Tienda fisica,Confirmada,2,488.8,0.0,295.74,1.33
V04606,2025-06-21,C052,P010,E-commerce,Confirmada,1,36.61,0.1,19.7,20.43
V01602,2024-03-23,C015,P006,E-commerce,Confirmada,2,66.64,0.08,35.23,24.09
V01777,2025-07-25,C030,P009,E-commerce,Confirmada,  4 ,  138.82 ,0.08,80.98,  28.92 
V03911,2025-07-05,C041,P007,E-commerce,Confirmada,8,130.17,0.05,69.53,36.94
V02157,2025-01-19,C010,P007,E-commerce,Confirmada,3,126.96,0.05,70.2,23.84
V03991,2024-04-06,C030,P008,E-commerce,Confirmada,1,85.64,0.05,47.18,25.5
V00235,2025-03-28,C017,P004,E-commerce,Confirmada,7,29.58,0.05,14.69,31.61
V05186,2024-03-22,C019,P004,Tienda fisica,Confirmada,2,27.6,0.0,13.48,1.23
V04140,2025-08-17,C020,P004,Tienda fisica,Confirmada,9,29.75,0.0,14.7,2.6
V01634,2025-10-01,C032,P008,Tienda fisica,Confirmada,3,90.95,0.0,51.44,1.02
V03251,2024-08-21,C011,P007,Tienda fisica,Confirmada,3,120.19,0.0,62.41,1.55
V05220,2024-09-13,C025,P005,Tienda fisica,Anulada,9,94.65,0.0,47.13,2.42
V02712,2025-12-01,C047,P002,Tienda fisica,Confirmada,2,470.13,0.0,299.5,0.13
V02669,2024-10-28,C015,P004,E-commerce,Confirmada,4,28.58,0.0,13.23,32.7
V02419,2025-11-27,C040,P002,Tienda fisica,Confirmada,7,468.86,0.0,297.22,0.48
V02933,2025-11-16,C011,P004,E-commerce,Confirmada,7,29.63,0.0,14.55,40.61
V04854,2025-08-07,C036,P007,Tienda fisica,Confirmada,7,127.0,0.05,70.15,0.36
V00917,2025-02-17,C012,P005,E-commerce,Confirmada,13,101.16,0.08,52.51,38.25
V00459,2024-03-09,C021,P007,Tienda fisica,Confirmada,4,123.12,0.0,63.1,1.72
V01978,2024-07-19,C010,P001,Tienda fisica,Confirmada,  3 ,  1178.53 ,0.0,732.88,  3.97 
V03092,2024-02-25,C020,P005,Tienda fisica,Confirmada,10,94.67,0.0,48.11,0.95
V00804,2024-05-16,C006,P010,Tienda fisica,Confirmada,3,34.56,0.1,18.0,0.77
V04162,2025-09-23,C012,P004,E-commerce,Confirmada,10,30.4,0.05,14.83,37.17
V00758,2025-05-10,C056,P007,Tienda fisica,Confirmada,1,126.19,0.05,68.46,1.91
V03924,2024-10-01,C030,P009,Tienda fisica,Confirmada,9,130.18,0.0,75.55,2.92
V02717,2025-04-01,C045,P008,E-commerce,Confirmada,3,89.44,0.0,52.08,29.45
V02718,2025-08-19,C013,P007,Tienda fisica,Confirmada,1,128.26,0.0,69.48,2.81
V01042,2024-12-19,C015,P010,Tienda fisica,Confirmada,4,35.07,0.0,17.97,1.27
V00222,2025-04-01,C051,P010,Tienda fisica,Confirmada,5,37.18,0.0,19.6,3.85
V02180,2025-04-26,C035,P006,Tienda fisica,Confirmada,11,70.27,0.0,38.77,2.53
V01729,2025-05-18,C044,P010,Tienda fisica,Confirmada,5,37.84,0.0,19.46,0.89
V02107,2025-08-12,C022,P005,E-commerce,Confirmada,5,100.19,0.0,52.71,32.13
V02692,2025-04-15,C034,P009,Tienda fisica,Confirmada,5,136.89,0.0,81.51,0.48
V02215,2024-01-18,C030,P007,Tienda fisica,Confirmada,1,122.31,0.0,64.35,1.3
V02955,2024-09-20,C014,P007,E-commerce,Confirmada,6,123.28,0.08,62.47,27.16
V00128,2025-04-17,C033,P002,Tienda fisica,Confirmada,12,488.94,0.0,295.34,3.88
V02514,2025-05-02,C060,P005,Tienda fisica,Confirmada,  1 ,  103.57 ,0.0,52.15,  3.01 
V03431,2024-12-10,C014,P007,E-commerce,Confirmada,1,120.26,0.08,63.4,18.88
V00653,2024-05-27,C025,P006,E-commerce,Confirmada,7,66.23,0.15,35.44,41.06
V02439,2025-09-16,C048,P010,E-commerce,Confirmada,7,37.45,0.08,19.17,23.46
V04479,2024-07-12,C045,P005,Tienda fisica,Confirmada,9,96.18,0.0,47.21,0.9
V01916,2024-11-09,C051,P010,E-commerce,Confirmada,1,35.16,0.0,18.1,15.53
V00941,2025-07-18,C022,P005,Tienda fisica,Confirmada,12,99.96,0.0,51.14,2.16
V01210,2024-03-01,C046,P010,Tienda fisica,Confirmada,3,34.59,0.0,17.68,2.47
V03652,2024-03-22,C049,P004,Tienda fisica,Confirmada,3,28.05,0.05,13.37,2.36
V03077,2025-12-13,C035,P008,Tienda fisica,Confirmada,13,91.03,0.0,52.43,1.73
V03605,2025-04-16,C036,P008,E-commerce,Confirmada,1,91.01,0.0,51.87,14.3
V01625,2024-05-23,C041,P010,E-commerce,Confirmada,1,34.79,0.0,17.99,11.53
V02483,2024-06-14,C031,P008,Tienda fisica,Confirmada,7,86.15,0.0,48.16,3.1
V03711,2024-04-02,C004,P007,Tienda fisica,Confirmada,8,121.06,0.0,64.09,1.7
V01746,2025-03-28,C040,P009,E-commerce,Confirmada,1,139.18,0.05,81.99,18.81
V03795,2024-06-17,C002,P008,Tienda fisica,Confirmada,2,86.62,0.0,48.14,3.33
V05078,2024-03-15,C040,P005,Tienda fisica,Confirmada,5,96.83,0.0,47.43,3.21
V02586,2025-06-28,C020,P010,Tienda fisica,Confirmada,  2 ,  37.35 ,0.0,19.1,  1.83 
V01758,2024-02-13,C040,P008,Tienda fisica,Confirmada,3,83.78,0.0,48.66,1.8
V01883,2024-03-27,C058,P003,E-commerce,Confirmada,1,1666.54,0.15,1126.51,17.6
V00734,2024-01-21,C046,P006,E-commerce,Confirmada,8,64.45,0.08,35.54,44.48
V00359,2024-08-04,C016,P004,Tienda fisica,Confirmada,5,27.64,0.0,13.29,1.27
V03557,2024-04-02,C011,P004,Tienda fisica,Confirmada,8,27.96,0.0,13.53,0.7
V01930,2024-01-12,C020,P010,Tienda fisica,Confirmada,3,35.79,0.0,17.79,1.53
V04828,2025-03-15,C060,P005,E-commerce,Confirmada,9,98.88,0.0,52.42,22.98
V01844,2024-08-27,C034,P008,Tienda fisica,Confirmada,1,83.98,0.1,48.41,0.93
V04144,2024-05-18,C008,P007,Tienda fisica,Confirmada,4,118.18,0.05,63.24,0.38
V04895,2024-01-27,C001,P010,E-commerce,Confirmada,6,34.96,0.1,18.0,40.17
V02122,2025-01-12,C031,P010,Tienda fisica,Confirmada,4,37.74,0.0,19.57,3.68
V05214,2025-05-27,C010,P008,E-commerce,Anulada,1,90.63,0.15,52.44,14.34
V04420,2025-09-18,C055,P002,E-commerce,Confirmada,2,468.23,0.0,298.78,14.85
V04085,2025-08-27,C030,P008,Tienda fisica,Confirmada,2,89.26,0.0,52.12,2.52
V01969,2024-06-08,C025,P005,E-commerce,Confirmada,8,94.5,0.1,48.35,43.39
V04595,2025-07-28,C041,P002,E-commerce,Confirmada,9,480.97,0.1,296.94,34.16
V01283,2025-05-13,C012,P007,E-commerce,Confirmada,  1 ,  130.86 ,0.1,69.08,  17.72 
V02421,2025-05-17,C043,P007,E-commerce,Confirmada,1,128.62,0.0,68.21,16.05
V02121,2024-04-13,C041,P004,Tienda fisica,Confirmada,4,28.6,0.0,13.4,0.52
V04768,2025-01-09,C036,P010,E-commerce,Confirmada,1,36.67,0.1,19.03,13.2
V04874,2025-05-20,C011,P006,E-commerce,Confirmada,5,68.77,0.15,37.93,31.06
V02365,2025-05-02,C058,P009,E-commerce,Confirmada,4,136.14,0.05,81.75,17.25
V01695,2025-10-11,C050,P001,Tienda fisica,Confirmada,2,1285.53,0.0,815.95,3.38
V03572,2025-12-30,C042,P002,E-commerce,Confirmada,3,489.53,0.0,293.83,25.55
V04636,2025-06-19,C034,P005,Tienda fisica,Confirmada,5,100.07,0.0,52.79,1.65
V04935,2025-07-08,C042,P010,Tienda fisica,Confirmada,3,37.72,0.0,19.73,1.49
V00819,2024-06-27,C032,P004,Tienda fisica,Confirmada,5,28.13,0.0,13.57,3.55
V02424,2024-12-23,C053,P009,Tienda fisica,Confirmada,1,133.01,0.0,77.52,0.88
V04231,2025-11-06,C060,P004,Tienda fisica,Confirmada,6,30.12,0.0,14.4,3.88
V00558,2024-09-25,C047,P010,E-commerce,Confirmada,3,35.86,0.1,18.04,32.65
V02598,2025-12-03,C033,P006,Tienda fisica,Confirmada,4,69.24,0.1,38.48,2.8
V04016,2025-04-06,C045,P004,Tienda fisica,Confirmada,7,29.96,0.0,14.47,3.04
V05168,2024-07-16,C015,P005,Tienda fisica,Confirmada,9,96.88,0.0,48.17,2.23
V04819,2025-06-17,C052,P004,E-commerce,Confirmada,  10 ,  30.55 ,0.0,14.79,  31.08 
V00352,2024-12-20,C035,P009,Tienda fisica,Confirmada,3,133.44,0.0,76.9,2.06
V02507,2025-02-18,C021,P003,Tienda fisica,Confirmada,3,1756.73,0.05,1228.02,1.39
V03947,2025-07-22,C005,P008,Tienda fisica,Confirmada,1,91.9,0.0,51.66,2.64
V03420,2024-11-26,C053,P008,Tienda fisica,Confirmada,3,85.3,0.05,48.55,3.3
V00647,2024-09-21,C030,P010,E-commerce,Confirmada,1,35.34,0.0,17.58,25.16
V04097,2024-05-26,C060,P010,Tienda fisica,Confirmada,8,35.58,0.0,17.58,0.91
V03918,2024-01-17,C055,P001,Tienda fisica,Confirmada,8,1217.93,0.0,758.77,2.54
V05052,2025-02-15,C017,P004,Tienda fisica,Confirmada,11,29.23,0.0,14.81,0.06
V01558,2025-11-20,C048,P010,Tienda fisica,Confirmada,6,37.63,0.0,19.68,1.96
V04579,2024-07-14,C060,P005,E-commerce,Confirmada,4,96.94,0.05,47.84,34.75
V01654,2025-04-25,C025,P008,E-commerce,Confirmada,3,89.78,0.0,52.76,30.42
V01105,2025-05-16,C060,P007,E-commerce,Confirmada,2,129.66,0.1,68.82,15.58
V02101,2025-05-18,C040,P010,Tienda fisica,Confirmada,6,36.82,0.0,19.64,3.59
V01363,2025-07-18,C023,P010,Tienda fisica,Confirmada,3,36.73,0.0,19.24,2.12
V01589,2025-10-29,C007,P009,E-commerce,Confirmada,5,136.75,0.08,83.82,32.11
V00428,2025-01-09,C011,P005,E-commerce,Confirmada,3,103.65,0.05,51.13,25.43
V01382,2024-10-10,C035,P008,Tienda fisica,Confirmada,  3 ,  86.69 ,0.0,47.79,  2.6 
V03971,2024-06-05,C037,P010,E-commerce,Confirmada,3,34.36,0.0,17.7,30.49
V03357,2025-12-12,C019,P008,E-commerce,Confirmada,3,89.69,0.05,51.47,29.9
V03372,2025-06-04,C028,P008,E-commerce,Confirmada,2,89.43,0.05,52.27,25.1
V04444,2025-03-12,C010,P010,Tienda fisica,Confirmada,1,36.75,0.0,19.51,2.0
V02579,2024-03-02,C055,P009,Tienda fisica,Confirmada,2,132.92,0.0,75.49,2.38
V05155,2024-11-21,C016,P003,E-commerce,Confirmada,47,1696.97,0.0,1105.05,87.19
V00514,2024-05-10,C013,P006,Tienda fisica,Confirmada,7,64.82,0.05,34.91,1.83
V01684,2025-05-08,C017,P005,E-commerce,Confirmada,2,102.29,0.08,52.28,30.54
V03490,2025-07-09,C054,P010,E-commerce,Confirmada,2,37.4,0.0,19.02,22.95
V04640,2024-07-04,C022,P004,Tienda fisica,Confirmada,6,27.52,0.0,13.56,3.23
V04194,2024-11-17,C031,P010,E-commerce,Confirmada,1,35.21,0.0,18.13,22.65
V03355,2025-01-03,C047,P008,Tienda fisica,Confirmada,17,88.52,0.0,53.02,0.74
V02167,2025-06-30,C010,P003,Tienda fisica,Confirmada,8,1773.66,0.1,1226.14,3.69
V03946,2024-09-16,C021,P002,Tienda fisica,Confirmada,8,455.88,0.0,276.54,3.28
V03525,2024-06-06,C030,P008,Tienda fisica,Confirmada,2,86.98,0.0,48.58,1.89
V00167,2025-08-15,C036,P004,E-commerce,Confirmada,3,29.19,0.08,14.65,34.52
V03000,2025-11-30,C015,P009,Tienda fisica,Confirmada,  4 ,  140.13 ,0.0,83.9,  3.23 
V02301,2024-06-10,C001,P010,E-commerce,Confirmada,2,34.69,0.08,17.67,14.67
V04676,2025-12-27,C054,P006,Tienda fisica,Confirmada,14,67.92,0.0,38.67,1.82
V00650,2024-10-26,C059,P006,Tienda fisica,Confirmada,18,65.34,0.0,35.02,3.34
V00083,2024-07-02,C060,P006,Tienda fisica,Confirmada,5,64.79,0.1,36.09,3.82
V03436,2025-05-08,C031,P007,Tienda fisica,Confirmada,1,128.75,0.0,70.13,2.22
V02763,2024-08-11,C007,P001,E-commerce,Confirmada,2,1210.74,0.0,730.1,17.83
V01738,2024-07-17,C012,P001,Tienda fisica,Confirmada,5,1176.83,0.0,744.71,1.58
V03230,2025-08-02,C029,P007,E-commerce,Confirmada,7,129.13,0.05,70.25,40.34
V01618,2024-10-10,C047,P007,Tienda fisica,Confirmada,1,119.41,0.0,63.98,1.39
V00375,2024-07-13,C055,P006,Tienda fisica,Confirmada,2,65.01,0.0,34.9,1.4
V04607,2025-07-10,C046,P007,Tienda fisica,Confirmada,3,130.2,0.0,67.98,2.87
V00168,2025-10-31,C006,P010,E-commerce,Confirmada,2,37.9,0.0,19.15,20.35
V02393,2024-07-30,C032,P005,Tienda fisica,Confirmada,7,96.5,0.0,48.02,3.63
V01497,2025-12-16,C011,P008,Tienda fisica,Confirmada,4,88.49,0.05,51.94,1.08
V04357,2025-04-05,C014,P003,Tienda fisica,Confirmada,8,1736.77,0.1,1209.42,2.51
V00520,2025-05-05,C053,P007,Tienda fisica,Confirmada,2,130.85,0.0,67.75,1.56
V04919,2025-12-26,C012,P003,Tienda fisica,Confirmada,  4 ,  1788.92 ,0.0,1226.78,  3.74 
V04259,2024-06-29,C025,P008,Tienda fisica,Confirmada,3,86.86,0.0,47.36,3.13
V04744,2025-03-28,C041,P005,E-commerce,Confirmada,2,100.08,0.0,52.45,18.48
V05173,2024-10-16,C030,P005,Tienda fisica,Confirmada,4,97.18,0.05,47.33,1.18
V03496,2024-07-07,C002,P007,Tienda fisica,Confirmada,1,118.49,0.0,62.61,2.24
V00714,2025-09-22,C007,P009,E-commerce,Confirmada,3,140.47,0.1,82.62,16.95
V04212,2024-05-24,C007,P003,Tienda fisica,Confirmada,10,1680.33,0.0,1139.87,1.26
V00374,2024-04-17,C049,P009,E-commerce,Confirmada,11,128.93,0.1,74.95,43.97
V02043,2025-12-27,C055,P007,E-commerce,Confirmada,1,126.68,0.08,68.54,25.42
V02213,2024-09-12,C010,P010,Tienda fisica,Confirmada,2,35.41,0.0,17.96,2.34
V03725,2025-03-05,C005,P004,Tienda fisica,Confirmada,8,30.02,0.0,14.34,1.97
V04905,2025-07-30,C056,P007,Tienda fisica,Confirmada,4,125.49,0.0,69.6,2.97
V00585,2025-08-07,C030,P005,E-commerce,Confirmada,11,100.98,0.15,51.44,27.34
V00886,2025-06-09,C005,P007,E-commerce,Confirmada,4,130.28,0.0,68.21,17.14
V05203,2024-08-09,C057,P007,Tienda fisica,Anulada,1,120.68,0.0,62.39,3.54
V02509,2025-11-27,C023,P004,E-commerce,Confirmada,7,30.02,0.08,14.55,31.55
V00983,2025-01-04,C040,P006,E-commerce,Confirmada,4,68.01,0.1,38.05,23.92
V02383,2025-01-25,C032,P006,E-commerce,Confirmada,  7 ,  67.79 ,0.1,39.16,  28.16 
V05197,2025-05-08,C041,P009,E-commerce,Confirmada,1,135.92,0.0,82.8,22.94
V04429,2024-12-23,C022,P008,Tienda fisica,Confirmada,1,84.47,0.0,48.77,2.28
V04865,2025-10-25,C060,P001,Tienda fisica,Confirmada,2,1262.78,0.0,807.08,1.74
V00998,2024-11-17,C025,P006,Tienda fisica,Confirmada,6,65.68,0.0,35.32,3.72
V02435,2025-08-05,C032,P010,Tienda fisica,Confirmada,3,37.87,0.0,19.4,2.4
V01587,2025-10-12,C060,P010,Tienda fisica,Confirmada,3,37.09,0.0,19.07,1.32
V04515,2025-09-19,C005,P009,E-commerce,Confirmada,3,141.02,0.0,80.9,25.42
V02695,2024-10-14,C030,P001,Tienda fisica,Confirmada,17,1178.37,0.0,753.91,3.61
V04324,2025-11-24,C001,P005,Tienda fisica,Confirmada,6,101.44,0.0,52.73,3.62
V00058,2025-11-01,C034,P001,E-commerce,Confirmada,6,1261.08,0.08,795.67,40.33
V00592,2025-01-13,C050,P006,E-commerce,Confirmada,11,70.26,0.1,38.76,28.95
V02381,2024-08-31,C019,P008,E-commerce,Confirmada,2,86.9,0.0,48.32,17.39
V01213,2024-10-14,C027,P010,Tienda fisica,Confirmada,1,34.59,0.0,18.2,0.77
V04532,2024-01-08,C041,P010,E-commerce,Confirmada,2,36.04,0.15,17.73,19.58
V00096,2024-12-09,C037,P005,E-commerce,Confirmada,2,97.7,0.1,48.13,24.71
V04755,2024-02-09,C021,P010,Tienda fisica,Confirmada,5,35.49,0.0,17.94,0.88
V03571,2024-11-16,C020,P005,E-commerce,Confirmada,  7 ,  95.59 ,0.0,47.92,  44.63 
V02541,2024-07-04,C025,P006,Tienda fisica,Confirmada,5,66.94,0.0,35.99,2.89
V01792,2024-05-16,C049,P008,Tienda fisica,Confirmada,2,86.49,0.0,47.6,3.6
V00600,2024-02-17,C053,P005,Tienda fisica,Confirmada,7,95.2,0.0,47.55,2.62
V04129,2024-11-17,C052,P006,E-commerce,Confirmada,7,65.75,0.1,35.27,25.45
V00372,2025-03-08,C035,P007,E-commerce,Confirmada,8,127.31,0.05,69.25,30.75
V00837,2025-11-16,C039,P005,E-commerce,Confirmada,3,98.79,0.15,51.55,17.07
V03321,2025-05-27,C053,P010,E-commerce,Confirmada,8,38.11,0.1,19.2,35.8
V02857,2024-08-17,C035,P005,Tienda fisica,Confirmada,5,95.95,0.1,48.85,2.07
V04594,2025-03-07,C052,P007,Tienda fisica,Confirmada,6,128.2,0.0,67.82,0.37
V03501,2024-04-21,C040,P006,Tienda fisica,Confirmada,3,65.17,0.0,35.44,0.39
V03425,2024-12-26,C045,P006,Tienda fisica,Confirmada,6,65.52,0.0,34.84,2.85
V01806,2025-11-10,C052,P004,E-commerce,Confirmada,5,29.34,0.08,14.39,37.26
V00378,2025-07-01,C030,P007,Tienda fisica,Confirmada,1,125.03,0.0,69.98,2.31
V00843,2024-02-29,C040,P004,E-commerce,Confirmada,4,28.26,0.1,13.21,18.23
V01260,2024-04-06,C040,P008,Tienda fisica,Confirmada,6,86.59,0.0,48.02,2.14
V03279,2024-07-13,C027,P008,E-commerce,Confirmada,4,87.53,0.0,48.66,30.4
V03119,2025-02-24,C055,P006,Tienda fisica,Confirmada,  7 ,  68.78 ,0.0,38.85,  1.66 
V01479,2024-02-26,C030,P006,Tienda fisica,Confirmada,6,65.31,0.0,35.72,3.73
V02353,2025-04-09,C049,P006,E-commerce,Confirmada,3,68.9,0.08,38.15,33.07
V04967,2025-09-23,C042,P001,E-commerce,Confirmada,2,1277.97,0.05,800.92,13.13
V00798,2025-02-15,C015,P005,Tienda fisica,Confirmada,4,103.25,0.0,51.92,3.71
V01167,2025-08-29,C020,P009,E-commerce,Confirmada,1,137.91,0.05,80.88,23.35
V05026,2025-10-05,C027,P002,Tienda fisica,Confirmada,2,490.23,0.0,299.86,0.34
V04473,2025-12-18,C001,P008,E-commerce,Confirmada,1,88.87,0.0,53.08,24.52
V03280,2024-11-18,C006,P010,E-commerce,Confirmada,3,35.48,0.1,18.03,17.09
V03514,2025-11-24,C040,P008,E-commerce,Confirmada,7,88.45,0.0,51.75,41.24
V00790,2024-05-20,C001,P006,E-commerce,Confirmada,2,65.1,0.0,34.86,28.89
V03019,2025-09-19,C012,P009,E-commerce,Confirmada,1,135.69,0.08,82.0,26.3
V00571,2024-10-24,C022,P001,E-commerce,Confirmada,1,1183.1,0.08,732.71,25.52
V01537,2024-06-14,C025,P008,E-commerce,Confirmada,8,84.23,0.0,47.56,22.55
V02996,2025-05-18,C017,P008,E-commerce,Confirmada,1,91.32,0.05,52.17,17.62
V00531,2025-02-17,C009,P007,E-commerce,Confirmada,3,128.91,0.0,68.96,17.2
V03868,2025-05-26,C060,P004,Tienda fisica,Confirmada,1,29.84,0.0,14.56,3.14
V03237,2024-12-28,C022,P002,E-commerce,Confirmada,  2 ,  444.67 ,0.0,276.1,  28.64 
V05145,2025-09-19,C035,P006,Tienda fisica,Confirmada,12,69.71,0.0,37.91,0.48
V04438,2024-12-17,C029,P008,E-commerce,Confirmada,3,85.09,0.05,47.71,31.53
V01814,2024-11-27,C054,P007,Tienda fisica,Confirmada,3,123.39,0.0,64.39,0.76
V03189,2025-03-17,C023,P010,Tienda fisica,Confirmada,3,38.21,0.0,19.26,3.55
V02877,2025-10-25,C032,P006,E-commerce,Confirmada,14,68.04,0.05,38.3,47.6
V04263,2025-09-19,C053,P001,E-commerce,Confirmada,5,1304.4,0.08,798.02,26.92
V04484,2025-03-02,C055,P006,E-commerce,Confirmada,3,68.02,0.05,37.88,26.77
V05175,2025-06-12,C005,P003,E-commerce,Confirmada,2,1781.53,0.0,1220.36,29.4
V03298,2025-04-15,C051,P001,Tienda fisica,Confirmada,1,1281.94,0.0,795.9,1.85
V04226,2025-08-08,C012,P006,Tienda fisica,Confirmada,8,68.81,0.0,39.14,3.1
V01752,2025-08-05,C025,P010,Tienda fisica,Confirmada,2,36.92,0.0,19.6,1.11
V03341,2024-08-25,C045,P002,Tienda fisica,Confirmada,1,461.31,0.0,272.93,1.56
V02564,2025-07-30,C048,P009,Tienda fisica,Confirmada,2,137.74,0.05,84.11,2.43
V01865,2024-09-03,C036,P010,Tienda fisica,Confirmada,5,34.43,0.0,17.92,1.35
V02653,2024-12-17,C020,P006,Tienda fisica,Confirmada,4,66.46,0.0,34.74,2.52
V00004,2024-06-01,C007,P010,Tienda fisica,Confirmada,3,35.83,0.0,18.14,1.39
V04859,2025-12-28,C001,P004,E-commerce,Confirmada,  2 ,  29.76 ,0.1,14.39,  14.8 
V02302,2024-11-04,C047,P003,Tienda fisica,Confirmada,7,1629.99,0.0,1107.75,0.06
V00289,2024-12-13,C015,P010,Tienda fisica,Confirmada,7,35.71,0.0,17.68,2.9
V01295,2025-07-01,C041,P008,E-commerce,Confirmada,2,91.98,0.05,52.74,23.58
V04388,2024-07-15,C020,P007,E-commerce,Confirmada,2,121.81,0.0,62.52,18.78
V04139,2025-11-05,C004,P004,E-commerce,Confirmada,5,29.31,0.0,14.85,37.88
V03428,2025-11-08,C024,P003,E-commerce,Confirmada,1,1764.16,0.0,1220.13,25.38
V00395,2025-03-27,C051,P010,Tienda fisica,Confirmada,1,37.48,0.0,19.37,1.09
V04280,2024-12-06,C052,P004,Tienda fisica,Confirmada,6,28.16,0.0,13.58,1.0
V02531,2024-02-17,C019,P007,E-commerce,Confirmada,2,121.14,0.0,62.41,21.73
V04697,2025-09-05,C015,P007,Tienda fisica,Confirmada,3,126.15,0.0,69.71,0.3
V02837,2024-04-03,C020,P001,Tienda fisica,Confirmada,1,1215.07,0.0,748.51,2.44
V01875,2025-11-17,C035,P009,Tienda fisica,Confirmada,3,137.95,0.05,84.06,3.75
V02920,2025-01-17,C059,P007,Tienda fisica,Confirmada,4,129.26,0.0,70.05,2.54
V00422,2024-02-23,C042,P001,E-commerce,Confirmada,1,1229.77,0.0,744.27,15.23
V02813,2025-05-18,C046,P005,E-commerce,Confirmada,6,101.14,0.1,52.36,27.44
V04496,2024-10-22,C041,P004,Tienda fisica,Confirmada,20,28.74,0.0,13.21,2.74
V01918,2025-04-07,C055,P004,Tienda fisica,Confirmada,  4 ,  30.47 ,0.0,14.43,  2.63 
V04093,2025-05-10,C035,P009,Tienda fisica,Confirmada,2,141.7,0.05,81.71,0.55
V03528,2025-10-03,C027,P004,E-commerce,Confirmada,1,29.88,0.0,14.65,19.88
V04605,2024-12-14,C046,P008,Tienda fisica,Confirmada,6,85.75,0.0,48.69,3.01
V03840,2024-11-20,C031,P009,E-commerce,Confirmada,1,129.14,0.08,76.03,21.24
V01254,2025-10-22,C048,P009,Tienda fisica,Confirmada,2,139.64,0.0,83.27,1.12
V01508,2025-05-19,C014,P010,E-commerce,Confirmada,1,37.61,0.1,19.09,22.73
V01789,2025-12-18,C011,P006,E-commerce,Confirmada,4,69.75,0.08,39.09,16.42
V01096,2025-01-08,C041,P004,E-commerce,Confirmada,4,29.6,0.0,14.75,20.25
V04692,2024-10-29,C052,P010,E-commerce,Confirmada,1,35.09,0.0,17.62,13.02
V00037,2024-06-17,C032,P010,Tienda fisica,Confirmada,2,35.72,0.0,17.87,1.75
V04322,2024-10-09,C035,P002,Tienda fisica,Confirmada,1,441.01,0.0,274.27,3.01
V01710,2024-02-07,C007,P009,E-commerce,Confirmada,3,131.82,0.15,75.98,20.36
V03454,2025-04-02,C047,P010,Tienda fisica,Confirmada,3,37.13,0.0,19.24,3.28
V02295,2025-07-04,C031,P002,E-commerce,Confirmada,1,467.5,0.08,295.02,10.97
V01080,2024-01-04,C030,P001,Tienda fisica,Confirmada,1,1203.85,0.1,729.2,1.64
V04246,2024-07-25,C016,P009,Tienda fisica,Confirmada,2,129.2,0.0,77.32,0.2
V01856,2024-02-15,C013,P004,Tienda fisica,Confirmada,  7 ,  28.33 ,0.0,13.5,  0.85 
V04369,2024-02-20,C055,P004,Tienda fisica,Confirmada,7,28.47,0.1,13.59,0.23
V05032,2024-04-23,C027,P003,Tienda fisica,Confirmada,1,1672.99,0.0,1124.65,1.39
V04943,2024-03-14,C060,P009,Tienda fisica,Confirmada,1,133.68,0.0,75.3,2.15
V01378,2025-08-17,C045,P006,Tienda fisica,Confirmada,2,69.71,0.1,39.01,1.48
V02256,2025-01-03,C039,P004,Tienda fisica,Confirmada,11,30.41,0.0,14.86,2.54
V02661,2025-10-29,C032,P010,Tienda fisica,Confirmada,1,37.64,0.0,19.28,0.45
V01357,2025-07-20,C016,P004,E-commerce,Confirmada,11,29.69,0.15,14.8,48.82
V02522,2025-01-20,C014,P010,E-commerce,Confirmada,3,36.9,0.0,19.54,27.34
V00894,2024-07-28,C055,P009,Tienda fisica,Confirmada,2,130.39,0.0,76.43,0.08
V02284,2025-06-20,C046,P005,E-commerce,Confirmada,6,100.34,0.08,52.95,27.41
V03486,2024-04-09,C017,P006,Tienda fisica,Confirmada,38,64.73,0.1,35.96,0.05
V00510,2024-02-27,C040,P008,E-commerce,Confirmada,6,85.37,0.1,48.88,31.3
V04021,2024-04-29,C014,P007,Tienda fisica,Confirmada,2,118.99,0.1,64.47,3.27
V03005,2025-11-03,C012,P009,E-commerce,Confirmada,4,135.65,0.05,82.08,27.7
V03811,2025-10-10,C040,P007,Tienda fisica,Confirmada,5,125.08,0.0,68.92,2.77
V00029,2025-09-24,C050,P004,E-commerce,Confirmada,7,29.63,0.0,14.59,26.14
V00845,2025-10-13,C055,P005,E-commerce,Confirmada,  1 ,  98.87 ,0.0,53.06,  13.78 
V01791,2024-03-07,C040,P002,E-commerce,Confirmada,7,448.27,0.1,267.22,29.84
V02264,2025-03-31,C033,P010,Tienda fisica,Confirmada,6,37.07,0.0,19.34,1.62
V03721,2024-01-20,C041,P010,E-commerce,Confirmada,3,34.52,0.1,17.76,29.83
V02502,2025-10-07,C023,P002,E-commerce,Confirmada,2,476.82,0.05,299.06,30.77
V03521,2025-03-09,C009,P008,E-commerce,Confirmada,3,91.36,0.15,51.39,19.25
V02923,2024-07-23,C004,P005,E-commerce,Confirmada,8,95.97,0.1,48.72,23.86
V02566,2024-09-06,C032,P010,Tienda fisica,Confirmada,1,34.72,0.0,17.87,0.31
V01538,2025-05-18,C015,P004,E-commerce,Confirmada,3,29.1,0.05,14.54,22.07
V02818,2024-11-11,C005,P007,E-commerce,Confirmada,1,122.98,0.15,63.34,16.89
V00943,2025-06-14,C041,P010,E-commerce,Confirmada,3,37.95,0.15,19.18,24.98
V01424,2025-04-26,C035,P008,E-commerce,Confirmada,5,90.7,0.1,52.97,25.47
V00717,2025-07-13,C053,P008,E-commerce,Confirmada,5,89.44,0.05,52.21,41.02
V01420,2025-09-09,C053,P005,Tienda fisica,Confirmada,3,98.88,0.05,52.02,2.95
V01286,2024-04-21,C015,P001,Tienda fisica,Confirmada,3,1193.11,0.05,747.77,3.98
V00695,2025-05-06,C023,P006,E-commerce,Confirmada,15,70.05,0.0,38.13,42.19
V03422,2025-10-07,C001,P010,Tienda fisica,Confirmada,1,37.79,0.0,19.49,2.14
V03299,2025-11-21,C015,P004,E-commerce,Confirmada,  6 ,  30.12 ,0.1,14.83,  31.32 
V03769,2024-02-23,C056,P007,Tienda fisica,Confirmada,4,118.38,0.0,64.58,1.65
V01926,2025-04-18,C042,P004,E-commerce,Confirmada,4,29.64,0.0,14.32,23.04
V04908,2024-04-12,C012,P001,Tienda fisica,Confirmada,1,1203.4,0.0,755.83,2.25
V03743,2025-05-25,C015,P005,Tienda fisica,Confirmada,5,100.08,0.0,52.22,3.63
V03534,2024-01-11,C020,P007,Tienda fisica,Confirmada,1,123.48,0.0,63.23,2.96
V01408,2025-09-24,C053,P010,E-commerce,Confirmada,5,37.6,0.0,19.07,28.24
V04151,2024-06-18,C010,P009,Tienda fisica,Confirmada,5,130.79,0.0,77.5,3.19
V04604,2025-08-05,C021,P006,E-commerce,Confirmada,8,68.25,0.05,38.33,36.53
V04182,2025-12-03,C035,P005,Tienda fisica,Confirmada,2,103.62,0.0,51.58,0.54
V04028,2024-08-04,C030,P010,Tienda fisica,Confirmada,8,34.35,0.05,18.01,2.76
V00152,2024-04-07,C040,P001,Tienda fisica,Confirmada,2,1216.98,0.0,741.36,1.61
V02467,2025-08-20,C055,P005,Tienda fisica,Confirmada,5,100.51,0.0,51.03,1.36
V04570,2024-11-09,C021,P010,Tienda fisica,Confirmada,2,34.83,0.0,17.82,1.84
V04218,2024-09-25,C009,P004,Tienda fisica,Confirmada,9,27.55,0.05,13.7,2.72
V00550,2024-08-01,C053,P004,Tienda fisica,Confirmada,10,28.07,0.0,13.63,0.71
V04219,2025-06-28,C050,P008,E-commerce,Confirmada,1,92.31,0.1,52.61,28.22
V03233,2025-06-26,C040,P002,Tienda fisica,Confirmada,  3 ,  483.31 ,0.05,294.83,  0.84 
V01529,2024-08-06,C047,P003,E-commerce,Confirmada,1,1696.36,0.0,1114.74,20.78
V00770,2025-06-18,C024,P007,E-commerce,Confirmada,5,130.98,0.05,68.59,26.96
V00377,2025-12-20,C032,P009,Tienda fisica,Confirmada,1,136.2,0.1,81.56,3.28
V00488,2024-06-10,C010,P006,E-commerce,Confirmada,3,64.14,0.0,35.35,17.14
V05095,2025-08-31,C015,P004,E-commerce,Confirmada,8,29.94,0.1,14.87,29.06
V03410,2025-06-15,C035,P007,E-commerce,Confirmada,1,124.99,0.0,69.45,23.68
V03813,2025-06-05,C040,P009,E-commerce,Confirmada,1,140.8,0.0,84.12,19.88
V03536,2025-07-08,C030,P005,E-commerce,Confirmada,8,101.67,0.0,52.67,33.65
V03144,2024-04-17,C012,P005,Tienda fisica,Confirmada,8,97.81,0.0,48.7,1.48
V00873,2024-05-07,C060,P001,Tienda fisica,Confirmada,6,1220.96,0.0,740.29,0.87
V05243,2024-12-15,C041,P002,E-commerce,Anulada,9,462.61,0.0,271.01,45.12
V00001,2024-03-07,C013,P005,Tienda fisica,Confirmada,9,93.35,0.0,47.72,1.8
V02045,2024-04-25,C035,P005,Tienda fisica,Confirmada,11,96.03,0.1,48.28,3.0
V05008,2025-05-06,C021,P002,E-commerce,Confirmada,12,482.89,0.0,297.35,48.95
V01619,2025-11-30,C059,P004,Tienda fisica,Confirmada,6,30.33,0.0,14.6,2.97
V01204,2025-11-27,C002,P002,E-commerce,Confirmada,1,479.1,0.0,294.23,24.88
V01300,2025-07-06,C052,P005,Tienda fisica,Confirmada,  16 ,  102.34 ,0.0,52.17,  1.82 
V03222,2024-04-13,C055,P010,Tienda fisica,Confirmada,8,35.37,0.1,18.16,0.52
V04442,2024-11-03,C055,P002,Tienda fisica,Confirmada,2,448.11,0.0,273.69,0.68
V02132,2024-09-06,C040,P008,Tienda fisica,Confirmada,1,85.0,0.0,48.49,1.83
V03874,2025-02-17,C006,P005,E-commerce,Confirmada,5,100.12,0.0,52.71,28.24
V00889,2024-11-07,C046,P005,E-commerce,Confirmada,7,94.31,0.05,47.85,39.62
V05169,2025-12-05,C008,P003,E-commerce,Confirmada,3,1755.56,0.08,1218.87,17.84
V00316,2025-08-04,C050,P008,E-commerce,Confirmada,3,91.52,0.1,52.73,29.29
V01733,2025-03-13,C045,P008,E-commerce,Confirmada,2,91.09,0.08,51.38,21.05
V00700,2024-04-20,C005,P008,Tienda fisica,Confirmada,1,86.16,0.0,47.54,2.17
V03353,2024-02-04,C030,P005,Tienda fisica,Confirmada,7,95.13,0.05,47.63,1.22
V03181,2024-06-11,C011,P005,Tienda fisica,Confirmada,4,94.02,0.0,47.8,0.08
V03617,2025-10-29,C009,P001,E-commerce,Confirmada,1,1306.58,0.15,822.0,26.7
V03089,2024-05-14,C028,P010,Tienda fisica,Confirmada,11,35.88,0.0,17.85,3.57
V05096,2025-09-10,C010,P004,E-commerce,Confirmada,13,29.23,0.0,14.82,34.0
V00655,2024-05-30,C041,P004,Tienda fisica,Confirmada,6,28.0,0.0,13.54,1.86
V02447,2025-12-31,C025,P003,E-commerce,Confirmada,1,1736.35,0.0,1212.34,21.87
V02683,2025-09-26,C045,P008,Tienda fisica,Confirmada,  5 ,  92.38 ,0.05,53.12,  3.67 
V00821,2025-12-08,C001,P007,Tienda fisica,Confirmada,8,130.59,0.0,69.69,2.79
V00060,2025-07-31,C001,P008,Tienda fisica,Confirmada,2,92.49,0.0,53.05,0.8
V03190,2024-03-27,C011,P007,Tienda fisica,Confirmada,1,119.39,0.0,63.32,1.03
V03713,2025-09-23,C037,P005,E-commerce,Confirmada,2,102.42,0.05,51.89,28.65
V00869,2024-11-26,C005,P010,Tienda fisica,Confirmada,1,34.96,0.0,17.83,1.14
V00291,2025-03-04,C035,P006,E-commerce,Confirmada,4,70.21,0.05,38.7,21.14
V01209,2024-04-05,C027,P004,Tienda fisica,Confirmada,6,27.93,0.1,13.64,1.11
V03202,2024-11-07,C014,P004,Tienda fisica,Confirmada,1,27.99,0.0,13.59,1.39
V02994,2024-06-08,C055,P002,Tienda fisica,Confirmada,7,449.95,0.1,273.16,2.97
V01454,2025-08-20,C020,P004,Tienda fisica,Confirmada,9,29.86,0.0,14.33,0.14
V04629,2025-05-05,C040,P007,Tienda fisica,Confirmada,3,126.29,0.0,68.36,0.02
V03714,2024-07-07,C033,P008,Tienda fisica,Confirmada,4,84.08,0.0,48.51,3.87
V01484,2024-03-11,C033,P006,Tienda fisica,Confirmada,3,64.21,0.0,35.76,2.03
V02407,2025-06-03,C026,P010,E-commerce,Confirmada,6,37.67,0.15,19.51,29.41
V02699,2025-08-18,C048,P010,E-commerce,Confirmada,1,37.58,0.0,19.36,16.69
V05000,2025-01-14,C025,P001,Tienda fisica,Confirmada,12,1309.48,0.0,809.5,3.97
V01074,2024-02-03,C059,P001,Tienda fisica,Confirmada,  1 ,  1183.5 ,0.1,757.54,  1.34 
V03443,2025-08-10,C003,P005,E-commerce,Confirmada,8,100.93,0.15,52.32,29.58
V05054,2024-10-13,C055,P001,Tienda fisica,Confirmada,6,1194.22,0.0,729.8,3.66
V03759,2025-04-12,C041,P004,E-commerce,Confirmada,17,30.08,0.0,14.74,74.87
V01769,2024-04-04,C026,P007,E-commerce,Confirmada,5,120.98,0.1,62.9,25.81
V00296,2025-07-19,C025,P002,Tienda fisica,Confirmada,7,481.33,0.0,296.49,0.56
V03458,2024-11-30,C010,P007,E-commerce,Confirmada,1,123.26,0.08,62.73,20.25
V01939,2024-03-18,C045,P009,Tienda fisica,Confirmada,3,132.12,0.0,75.66,3.07
V02999,2025-12-24,C045,P005,E-commerce,Confirmada,4,99.3,0.0,52.91,23.85
V04078,2024-06-12,C029,P010,Tienda fisica,Confirmada,8,34.89,0.0,17.78,3.04
V02001,2025-12-09,C035,P008,E-commerce,Confirmada,2,90.17,0.0,52.91,23.25
V05058,2025-03-03,C009,P005,Tienda fisica,Confirmada,6,101.06,0.0,52.94,3.18
V01644,2024-09-05,C021,P001,Tienda fisica,Confirmada,1,1221.13,0.0,740.79,2.73
V04586,2025-01-20,C019,P009,Tienda fisica,Confirmada,8,138.73,0.0,83.25,2.21
V04378,2025-06-13,C010,P008,Tienda fisica,Confirmada,2,92.41,0.05,52.83,1.21
V04495,2024-07-20,C055,P006,E-commerce,Confirmada,6,66.31,0.08,35.94,34.09
V02232,2024-09-22,C007,P006,E-commerce,Confirmada,6,63.7,0.0,35.72,19.65
V04749,2025-09-27,C052,P004,E-commerce,Confirmada,  2 ,  30.31 ,0.08,14.79,  30.89 
V00159,2025-04-09,C032,P005,Tienda fisica,Confirmada,2,102.06,0.0,52.05,3.48
V03722,2025-02-16,C013,P010,E-commerce,Confirmada,1,36.88,0.15,19.07,12.64
V03888,2025-01-27,C021,P001,Tienda fisica,Confirmada,1,1261.73,0.0,799.73,3.36
V04295,2025-02-01,C032,P003,Tienda fisica,Confirmada,8,1779.78,0.0,1225.58,3.64
V04260,2025-03-17,C011,P009,E-commerce,Confirmada,4,141.11,0.0,83.38,32.81
V00211,2024-09-15,C016,P005,Tienda fisica,Confirmada,4,96.64,0.0,48.75,1.15
V00931,2024-06-29,C017,P009,E-commerce,Confirmada,2,130.78,0.0,76.41,16.92
V00682,2024-02-03,C016,P004,Tienda fisica,Confirmada,3,28.45,0.1,13.3,2.34
V04976,2024-05-26,C010,P004,Tienda fisica,Confirmada,10,28.02,0.0,13.21,0.25
V04088,2025-04-02,C016,P006,E-commerce,Confirmada,10,68.88,0.1,38.88,38.0
V04507,2025-09-17,C040,P001,E-commerce,Confirmada,1,1286.35,0.0,823.0,16.39
V04227,2024-05-20,C056,P006,Tienda fisica,Confirmada,9,66.34,0.0,35.75,0.41
V02323,2025-10-10,C032,P001,E-commerce,Confirmada,3,1269.1,0.0,792.74,21.79
V01694,2025-04-20,C037,P008,Tienda fisica,Confirmada,3,89.85,0.0,51.6,1.92
V04833,2024-11-10,C046,P002,Tienda fisica,Confirmada,4,455.28,0.0,269.47,2.13
V04258,2025-10-29,C050,P006,Tienda fisica,Confirmada,6,69.31,0.1,38.51,1.11
V01841,2024-07-14,C025,P005,E-commerce,Confirmada,  7 ,  97.83 ,0.0,48.13,  31.25 
V01192,2025-06-18,C013,P010,E-commerce,Confirmada,5,37.76,0.0,19.05,24.45
V03626,2025-11-12,C016,P008,Tienda fisica,Confirmada,1,89.22,0.0,51.46,1.08
V02785,2024-12-19,C026,P009,Tienda fisica,Confirmada,4,128.14,0.1,74.59,3.03
V03836,2025-12-14,C005,P001,Tienda fisica,Confirmada,1,1289.69,0.1,802.81,0.91
V00434,2025-05-25,C060,P010,Tienda fisica,Confirmada,1,38.15,0.0,19.69,2.47
V04687,2024-10-19,C060,P008,E-commerce,Confirmada,4,83.79,0.0,48.14,26.96
V04253,2025-11-23,C035,P004,E-commerce,Confirmada,2,30.39,0.1,14.45,15.92
V01803,2025-07-19,C050,P007,Tienda fisica,Confirmada,1,126.89,0.0,69.93,2.58
V00396,2025-12-29,C040,P004,E-commerce,Confirmada,7,30.13,0.15,14.5,19.7
V03614,2025-12-15,C024,P003,Tienda fisica,Confirmada,1,1770.81,0.0,1232.95,0.22
V01211,2024-04-08,C015,P004,Tienda fisica,Confirmada,5,27.92,0.0,13.7,2.13
V01692,2024-02-02,C055,P008,Tienda fisica,Confirmada,1,84.94,0.0,47.17,1.85
V03625,2024-08-26,C057,P007,E-commerce,Confirmada,2,121.05,0.0,62.47,26.64
V01250,2025-08-31,C025,P006,E-commerce,Confirmada,10,68.88,0.15,38.03,23.16
V01229,2025-01-07,C042,P001,E-commerce,Confirmada,4,1270.57,0.05,800.83,37.19
V03338,2025-04-09,C047,P005,Tienda fisica,Confirmada,7,102.4,0.0,51.72,2.52
V01487,2024-07-08,C046,P005,Tienda fisica,Confirmada,  1 ,  96.45 ,0.0,47.42,  1.58 
V05119,2025-11-25,C050,P008,Tienda fisica,Confirmada,1,92.22,0.05,52.39,1.28
V04112,2025-12-01,C031,P009,E-commerce,Confirmada,1,138.61,0.15,81.04,21.08
